cohort,instance,workflow_family,task_scale,cluster,scenario,deadline_factor,mode,variant,cost,algorithm_time_ms,valid,process_wall_seconds
primary,setting1_atacseq1000_72_143_15_1_1,atacseq,atacseq1000,small,1,1.0,baseline,baseline,3151,5.0,True,0.175578
primary,setting1_atacseq1000_72_143_15_1_1,atacseq,atacseq1000,small,1,1.0,with_ls,press-LS,0,318.0,True,3.935462
primary,setting1_atacseq1000_72_143_15_1_1,atacseq,atacseq1000,small,1,1.0,with_ls,pressR-LS,0,350.0,True,3.935462
primary,setting1_atacseq1000_72_143_15_1_1,atacseq,atacseq1000,small,1,1.0,with_ls,pressW-LS,0,305.0,True,3.935462
primary,setting1_atacseq1000_72_143_15_1_1,atacseq,atacseq1000,small,1,1.0,with_ls,pressWR-LS,0,340.0,True,3.935462
primary,setting1_atacseq1000_72_143_15_1_1,atacseq,atacseq1000,small,1,1.0,with_ls,slack-LS,0,314.0,True,3.935462
primary,setting1_atacseq1000_72_143_15_1_1,atacseq,atacseq1000,small,1,1.0,with_ls,slackR-LS,0,350.0,True,3.935462
primary,setting1_atacseq1000_72_143_15_1_1,atacseq,atacseq1000,small,1,1.0,with_ls,slackW-LS,0,303.0,True,3.935462
primary,setting1_atacseq1000_72_143_15_1_1,atacseq,atacseq1000,small,1,1.0,with_ls,slackWR-LS,0,336.0,True,3.935462
primary,setting1_atacseq1000_72_143_15_1_1,atacseq,atacseq1000,small,1,1.0,without_ls,press,0,302.0,True,3.823128
primary,setting1_atacseq1000_72_143_15_1_1,atacseq,atacseq1000,small,1,1.0,without_ls,pressR,0,335.0,True,3.823128
primary,setting1_atacseq1000_72_143_15_1_1,atacseq,atacseq1000,small,1,1.0,without_ls,pressW,0,291.0,True,3.823128
primary,setting1_atacseq1000_72_143_15_1_1,atacseq,atacseq1000,small,1,1.0,without_ls,pressWR,0,326.0,True,3.823128
primary,setting1_atacseq1000_72_143_15_1_1,atacseq,atacseq1000,small,1,1.0,without_ls,slack,0,297.0,True,3.823128
primary,setting1_atacseq1000_72_143_15_1_1,atacseq,atacseq1000,small,1,1.0,without_ls,slackR,0,339.0,True,3.823128
primary,setting1_atacseq1000_72_143_15_1_1,atacseq,atacseq1000,small,1,1.0,without_ls,slackW,0,289.0,True,3.823128
primary,setting1_atacseq1000_72_143_15_1_1,atacseq,atacseq1000,small,1,1.0,without_ls,slackWR,0,323.0,True,3.823128
primary,setting1_atacseq1000_72_215_22_1_1,atacseq,atacseq1000,small,1,1.5,baseline,baseline,1511,5.0,True,0.174477
primary,setting1_atacseq1000_72_215_22_1_1,atacseq,atacseq1000,small,1,1.5,with_ls,press-LS,0,318.0,True,4.004068
primary,setting1_atacseq1000_72_215_22_1_1,atacseq,atacseq1000,small,1,1.5,with_ls,pressR-LS,0,369.0,True,4.004068
primary,setting1_atacseq1000_72_215_22_1_1,atacseq,atacseq1000,small,1,1.5,with_ls,pressW-LS,0,309.0,True,4.004068
primary,setting1_atacseq1000_72_215_22_1_1,atacseq,atacseq1000,small,1,1.5,with_ls,pressWR-LS,0,355.0,True,4.004068
primary,setting1_atacseq1000_72_215_22_1_1,atacseq,atacseq1000,small,1,1.5,with_ls,slack-LS,0,314.0,True,4.004068
primary,setting1_atacseq1000_72_215_22_1_1,atacseq,atacseq1000,small,1,1.5,with_ls,slackR-LS,0,365.0,True,4.004068
primary,setting1_atacseq1000_72_215_22_1_1,atacseq,atacseq1000,small,1,1.5,with_ls,slackW-LS,0,306.0,True,4.004068
primary,setting1_atacseq1000_72_215_22_1_1,atacseq,atacseq1000,small,1,1.5,with_ls,slackWR-LS,0,352.0,True,4.004068
primary,setting1_atacseq1000_72_215_22_1_1,atacseq,atacseq1000,small,1,1.5,without_ls,press,0,308.0,True,3.939549
primary,setting1_atacseq1000_72_215_22_1_1,atacseq,atacseq1000,small,1,1.5,without_ls,pressR,0,357.0,True,3.939549
primary,setting1_atacseq1000_72_215_22_1_1,atacseq,atacseq1000,small,1,1.5,without_ls,pressW,0,296.0,True,3.939549
primary,setting1_atacseq1000_72_215_22_1_1,atacseq,atacseq1000,small,1,1.5,without_ls,pressWR,0,347.0,True,3.939549
primary,setting1_atacseq1000_72_215_22_1_1,atacseq,atacseq1000,small,1,1.5,without_ls,slack,0,301.0,True,3.939549
primary,setting1_atacseq1000_72_215_22_1_1,atacseq,atacseq1000,small,1,1.5,without_ls,slackR,0,359.0,True,3.939549
primary,setting1_atacseq1000_72_215_22_1_1,atacseq,atacseq1000,small,1,1.5,without_ls,slackW,0,297.0,True,3.939549
primary,setting1_atacseq1000_72_215_22_1_1,atacseq,atacseq1000,small,1,1.5,without_ls,slackWR,0,346.0,True,3.939549
primary,setting1_atacseq1000_72_286_29_1_1,atacseq,atacseq1000,small,1,2.0,baseline,baseline,1262,5.0,True,0.175651
primary,setting1_atacseq1000_72_286_29_1_1,atacseq,atacseq1000,small,1,2.0,with_ls,press-LS,0,337.0,True,4.243174
primary,setting1_atacseq1000_72_286_29_1_1,atacseq,atacseq1000,small,1,2.0,with_ls,pressR-LS,0,408.0,True,4.243174
primary,setting1_atacseq1000_72_286_29_1_1,atacseq,atacseq1000,small,1,2.0,with_ls,pressW-LS,0,333.0,True,4.243174
primary,setting1_atacseq1000_72_286_29_1_1,atacseq,atacseq1000,small,1,2.0,with_ls,pressWR-LS,0,390.0,True,4.243174
primary,setting1_atacseq1000_72_286_29_1_1,atacseq,atacseq1000,small,1,2.0,with_ls,slack-LS,0,332.0,True,4.243174
primary,setting1_atacseq1000_72_286_29_1_1,atacseq,atacseq1000,small,1,2.0,with_ls,slackR-LS,0,399.0,True,4.243174
primary,setting1_atacseq1000_72_286_29_1_1,atacseq,atacseq1000,small,1,2.0,with_ls,slackW-LS,0,325.0,True,4.243174
primary,setting1_atacseq1000_72_286_29_1_1,atacseq,atacseq1000,small,1,2.0,with_ls,slackWR-LS,0,391.0,True,4.243174
primary,setting1_atacseq1000_72_286_29_1_1,atacseq,atacseq1000,small,1,2.0,without_ls,press,0,316.0,True,4.07782
primary,setting1_atacseq1000_72_286_29_1_1,atacseq,atacseq1000,small,1,2.0,without_ls,pressR,0,385.0,True,4.07782
primary,setting1_atacseq1000_72_286_29_1_1,atacseq,atacseq1000,small,1,2.0,without_ls,pressW,0,309.0,True,4.07782
primary,setting1_atacseq1000_72_286_29_1_1,atacseq,atacseq1000,small,1,2.0,without_ls,pressWR,0,370.0,True,4.07782
primary,setting1_atacseq1000_72_286_29_1_1,atacseq,atacseq1000,small,1,2.0,without_ls,slack,0,310.0,True,4.07782
primary,setting1_atacseq1000_72_286_29_1_1,atacseq,atacseq1000,small,1,2.0,without_ls,slackR,0,379.0,True,4.07782
primary,setting1_atacseq1000_72_286_29_1_1,atacseq,atacseq1000,small,1,2.0,without_ls,slackW,0,304.0,True,4.07782
primary,setting1_atacseq1000_72_286_29_1_1,atacseq,atacseq1000,small,1,2.0,without_ls,slackWR,0,369.0,True,4.07782
primary,setting1_atacseq1000_72_429_43_1_1,atacseq,atacseq1000,small,1,3.0,baseline,baseline,4935,5.0,True,0.177718
primary,setting1_atacseq1000_72_429_43_1_1,atacseq,atacseq1000,small,1,3.0,with_ls,press-LS,0,385.0,True,4.78475
primary,setting1_atacseq1000_72_429_43_1_1,atacseq,atacseq1000,small,1,3.0,with_ls,pressR-LS,0,503.0,True,4.78475
primary,setting1_atacseq1000_72_429_43_1_1,atacseq,atacseq1000,small,1,3.0,with_ls,pressW-LS,0,374.0,True,4.78475
primary,setting1_atacseq1000_72_429_43_1_1,atacseq,atacseq1000,small,1,3.0,with_ls,pressWR-LS,0,486.0,True,4.78475
primary,setting1_atacseq1000_72_429_43_1_1,atacseq,atacseq1000,small,1,3.0,with_ls,slack-LS,0,380.0,True,4.78475
primary,setting1_atacseq1000_72_429_43_1_1,atacseq,atacseq1000,small,1,3.0,with_ls,slackR-LS,0,490.0,True,4.78475
primary,setting1_atacseq1000_72_429_43_1_1,atacseq,atacseq1000,small,1,3.0,with_ls,slackW-LS,0,372.0,True,4.78475
primary,setting1_atacseq1000_72_429_43_1_1,atacseq,atacseq1000,small,1,3.0,with_ls,slackWR-LS,0,480.0,True,4.78475
primary,setting1_atacseq1000_72_429_43_1_1,atacseq,atacseq1000,small,1,3.0,without_ls,press,0,338.0,True,4.419863
primary,setting1_atacseq1000_72_429_43_1_1,atacseq,atacseq1000,small,1,3.0,without_ls,pressR,0,448.0,True,4.419863
primary,setting1_atacseq1000_72_429_43_1_1,atacseq,atacseq1000,small,1,3.0,without_ls,pressW,0,326.0,True,4.419863
primary,setting1_atacseq1000_72_429_43_1_1,atacseq,atacseq1000,small,1,3.0,without_ls,pressWR,0,436.0,True,4.419863
primary,setting1_atacseq1000_72_429_43_1_1,atacseq,atacseq1000,small,1,3.0,without_ls,slack,0,331.0,True,4.419863
primary,setting1_atacseq1000_72_429_43_1_1,atacseq,atacseq1000,small,1,3.0,without_ls,slackR,0,441.0,True,4.419863
primary,setting1_atacseq1000_72_429_43_1_1,atacseq,atacseq1000,small,1,3.0,without_ls,slackW,0,327.0,True,4.419863
primary,setting1_atacseq1000_72_429_43_1_1,atacseq,atacseq1000,small,1,3.0,without_ls,slackWR,0,430.0,True,4.419863
primary,setting1_atacseq200_72_110_11_1_1,atacseq,atacseq200,small,1,2.0,baseline,baseline,0,1.0,True,0.041177
primary,setting1_atacseq200_72_110_11_1_1,atacseq,atacseq200,small,1,2.0,with_ls,press-LS,0,10.0,True,0.380552
primary,setting1_atacseq200_72_110_11_1_1,atacseq,atacseq200,small,1,2.0,with_ls,pressR-LS,0,14.0,True,0.380552
primary,setting1_atacseq200_72_110_11_1_1,atacseq,atacseq200,small,1,2.0,with_ls,pressW-LS,0,11.0,True,0.380552
primary,setting1_atacseq200_72_110_11_1_1,atacseq,atacseq200,small,1,2.0,with_ls,pressWR-LS,0,13.0,True,0.380552
primary,setting1_atacseq200_72_110_11_1_1,atacseq,atacseq200,small,1,2.0,with_ls,slack-LS,0,11.0,True,0.380552
primary,setting1_atacseq200_72_110_11_1_1,atacseq,atacseq200,small,1,2.0,with_ls,slackR-LS,0,14.0,True,0.380552
primary,setting1_atacseq200_72_110_11_1_1,atacseq,atacseq200,small,1,2.0,with_ls,slackW-LS,0,9.0,True,0.380552
primary,setting1_atacseq200_72_110_11_1_1,atacseq,atacseq200,small,1,2.0,with_ls,slackWR-LS,0,13.0,True,0.380552
primary,setting1_atacseq200_72_110_11_1_1,atacseq,atacseq200,small,1,2.0,without_ls,press,0,7.0,True,0.359602
primary,setting1_atacseq200_72_110_11_1_1,atacseq,atacseq200,small,1,2.0,without_ls,pressR,0,11.0,True,0.359602
primary,setting1_atacseq200_72_110_11_1_1,atacseq,atacseq200,small,1,2.0,without_ls,pressW,0,7.0,True,0.359602
primary,setting1_atacseq200_72_110_11_1_1,atacseq,atacseq200,small,1,2.0,without_ls,pressWR,0,11.0,True,0.359602
primary,setting1_atacseq200_72_110_11_1_1,atacseq,atacseq200,small,1,2.0,without_ls,slack,0,8.0,True,0.359602
primary,setting1_atacseq200_72_110_11_1_1,atacseq,atacseq200,small,1,2.0,without_ls,slackR,0,12.0,True,0.359602
primary,setting1_atacseq200_72_110_11_1_1,atacseq,atacseq200,small,1,2.0,without_ls,slackW,0,7.0,True,0.359602
primary,setting1_atacseq200_72_110_11_1_1,atacseq,atacseq200,small,1,2.0,without_ls,slackWR,0,11.0,True,0.359602
primary,setting1_atacseq200_72_165_17_1_1,atacseq,atacseq200,small,1,3.0,baseline,baseline,0,1.0,True,0.04096
primary,setting1_atacseq200_72_165_17_1_1,atacseq,atacseq200,small,1,3.0,with_ls,press-LS,0,12.0,True,0.397528
primary,setting1_atacseq200_72_165_17_1_1,atacseq,atacseq200,small,1,3.0,with_ls,pressR-LS,0,17.0,True,0.397528
primary,setting1_atacseq200_72_165_17_1_1,atacseq,atacseq200,small,1,3.0,with_ls,pressW-LS,0,11.0,True,0.397528
primary,setting1_atacseq200_72_165_17_1_1,atacseq,atacseq200,small,1,3.0,with_ls,pressWR-LS,0,17.0,True,0.397528
primary,setting1_atacseq200_72_165_17_1_1,atacseq,atacseq200,small,1,3.0,with_ls,slack-LS,0,11.0,True,0.397528
primary,setting1_atacseq200_72_165_17_1_1,atacseq,atacseq200,small,1,3.0,with_ls,slackR-LS,0,18.0,True,0.397528
primary,setting1_atacseq200_72_165_17_1_1,atacseq,atacseq200,small,1,3.0,with_ls,slackW-LS,0,10.0,True,0.397528
primary,setting1_atacseq200_72_165_17_1_1,atacseq,atacseq200,small,1,3.0,with_ls,slackWR-LS,0,17.0,True,0.397528
primary,setting1_atacseq200_72_165_17_1_1,atacseq,atacseq200,small,1,3.0,without_ls,press,0,9.0,True,0.378063
primary,setting1_atacseq200_72_165_17_1_1,atacseq,atacseq200,small,1,3.0,without_ls,pressR,0,14.0,True,0.378063
primary,setting1_atacseq200_72_165_17_1_1,atacseq,atacseq200,small,1,3.0,without_ls,pressW,0,8.0,True,0.378063
primary,setting1_atacseq200_72_165_17_1_1,atacseq,atacseq200,small,1,3.0,without_ls,pressWR,0,15.0,True,0.378063
primary,setting1_atacseq200_72_165_17_1_1,atacseq,atacseq200,small,1,3.0,without_ls,slack,0,8.0,True,0.378063
primary,setting1_atacseq200_72_165_17_1_1,atacseq,atacseq200,small,1,3.0,without_ls,slackR,0,15.0,True,0.378063
primary,setting1_atacseq200_72_165_17_1_1,atacseq,atacseq200,small,1,3.0,without_ls,slackW,0,7.0,True,0.378063
primary,setting1_atacseq200_72_165_17_1_1,atacseq,atacseq200,small,1,3.0,without_ls,slackWR,0,14.0,True,0.378063
primary,setting1_atacseq200_72_55_6_1_1,atacseq,atacseq200,small,1,1.0,baseline,baseline,0,1.0,True,0.039869
primary,setting1_atacseq200_72_55_6_1_1,atacseq,atacseq200,small,1,1.0,with_ls,press-LS,0,7.0,True,0.35698
primary,setting1_atacseq200_72_55_6_1_1,atacseq,atacseq200,small,1,1.0,with_ls,pressR-LS,0,9.0,True,0.35698
primary,setting1_atacseq200_72_55_6_1_1,atacseq,atacseq200,small,1,1.0,with_ls,pressW-LS,0,8.0,True,0.35698
primary,setting1_atacseq200_72_55_6_1_1,atacseq,atacseq200,small,1,1.0,with_ls,pressWR-LS,0,10.0,True,0.35698
primary,setting1_atacseq200_72_55_6_1_1,atacseq,atacseq200,small,1,1.0,with_ls,slack-LS,0,8.0,True,0.35698
primary,setting1_atacseq200_72_55_6_1_1,atacseq,atacseq200,small,1,1.0,with_ls,slackR-LS,0,10.0,True,0.35698
primary,setting1_atacseq200_72_55_6_1_1,atacseq,atacseq200,small,1,1.0,with_ls,slackW-LS,0,7.0,True,0.35698
primary,setting1_atacseq200_72_55_6_1_1,atacseq,atacseq200,small,1,1.0,with_ls,slackWR-LS,0,10.0,True,0.35698
primary,setting1_atacseq200_72_55_6_1_1,atacseq,atacseq200,small,1,1.0,without_ls,press,0,6.0,True,0.344165
primary,setting1_atacseq200_72_55_6_1_1,atacseq,atacseq200,small,1,1.0,without_ls,pressR,0,8.0,True,0.344165
primary,setting1_atacseq200_72_55_6_1_1,atacseq,atacseq200,small,1,1.0,without_ls,pressW,0,7.0,True,0.344165
primary,setting1_atacseq200_72_55_6_1_1,atacseq,atacseq200,small,1,1.0,without_ls,pressWR,0,9.0,True,0.344165
primary,setting1_atacseq200_72_55_6_1_1,atacseq,atacseq200,small,1,1.0,without_ls,slack,0,7.0,True,0.344165
primary,setting1_atacseq200_72_55_6_1_1,atacseq,atacseq200,small,1,1.0,without_ls,slackR,0,9.0,True,0.344165
primary,setting1_atacseq200_72_55_6_1_1,atacseq,atacseq200,small,1,1.0,without_ls,slackW,0,6.0,True,0.344165
primary,setting1_atacseq200_72_55_6_1_1,atacseq,atacseq200,small,1,1.0,without_ls,slackWR,0,9.0,True,0.344165
primary,setting1_atacseq200_72_83_9_1_1,atacseq,atacseq200,small,1,1.5,baseline,baseline,0,1.0,True,0.040555
primary,setting1_atacseq200_72_83_9_1_1,atacseq,atacseq200,small,1,1.5,with_ls,press-LS,0,8.0,True,0.362548
primary,setting1_atacseq200_72_83_9_1_1,atacseq,atacseq200,small,1,1.5,with_ls,pressR-LS,0,12.0,True,0.362548
primary,setting1_atacseq200_72_83_9_1_1,atacseq,atacseq200,small,1,1.5,with_ls,pressW-LS,0,8.0,True,0.362548
primary,setting1_atacseq200_72_83_9_1_1,atacseq,atacseq200,small,1,1.5,with_ls,pressWR-LS,0,13.0,True,0.362548
primary,setting1_atacseq200_72_83_9_1_1,atacseq,atacseq200,small,1,1.5,with_ls,slack-LS,0,9.0,True,0.362548
primary,setting1_atacseq200_72_83_9_1_1,atacseq,atacseq200,small,1,1.5,with_ls,slackR-LS,0,13.0,True,0.362548
primary,setting1_atacseq200_72_83_9_1_1,atacseq,atacseq200,small,1,1.5,with_ls,slackW-LS,0,8.0,True,0.362548
primary,setting1_atacseq200_72_83_9_1_1,atacseq,atacseq200,small,1,1.5,with_ls,slackWR-LS,0,11.0,True,0.362548
primary,setting1_atacseq200_72_83_9_1_1,atacseq,atacseq200,small,1,1.5,without_ls,press,0,7.0,True,0.366354
primary,setting1_atacseq200_72_83_9_1_1,atacseq,atacseq200,small,1,1.5,without_ls,pressR,0,11.0,True,0.366354
primary,setting1_atacseq200_72_83_9_1_1,atacseq,atacseq200,small,1,1.5,without_ls,pressW,0,7.0,True,0.366354
primary,setting1_atacseq200_72_83_9_1_1,atacseq,atacseq200,small,1,1.5,without_ls,pressWR,0,10.0,True,0.366354
primary,setting1_atacseq200_72_83_9_1_1,atacseq,atacseq200,small,1,1.5,without_ls,slack,0,8.0,True,0.366354
primary,setting1_atacseq200_72_83_9_1_1,atacseq,atacseq200,small,1,1.5,without_ls,slackR,0,11.0,True,0.366354
primary,setting1_atacseq200_72_83_9_1_1,atacseq,atacseq200,small,1,1.5,without_ls,slackW,0,6.0,True,0.366354
primary,setting1_atacseq200_72_83_9_1_1,atacseq,atacseq200,small,1,1.5,without_ls,slackWR,0,10.0,True,0.366354
primary,setting1_bacass_72_21_3_1_1,bacass,bacass,small,1,1.0,baseline,baseline,0,0.0,True,0.008107
primary,setting1_bacass_72_21_3_1_1,bacass,bacass,small,1,1.0,with_ls,press-LS,0,0.0,True,0.036382
primary,setting1_bacass_72_21_3_1_1,bacass,bacass,small,1,1.0,with_ls,pressR-LS,0,0.0,True,0.036382
primary,setting1_bacass_72_21_3_1_1,bacass,bacass,small,1,1.0,with_ls,pressW-LS,0,0.0,True,0.036382
primary,setting1_bacass_72_21_3_1_1,bacass,bacass,small,1,1.0,with_ls,pressWR-LS,0,0.0,True,0.036382
primary,setting1_bacass_72_21_3_1_1,bacass,bacass,small,1,1.0,with_ls,slack-LS,0,0.0,True,0.036382
primary,setting1_bacass_72_21_3_1_1,bacass,bacass,small,1,1.0,with_ls,slackR-LS,0,0.0,True,0.036382
primary,setting1_bacass_72_21_3_1_1,bacass,bacass,small,1,1.0,with_ls,slackW-LS,0,0.0,True,0.036382
primary,setting1_bacass_72_21_3_1_1,bacass,bacass,small,1,1.0,with_ls,slackWR-LS,0,0.0,True,0.036382
primary,setting1_bacass_72_21_3_1_1,bacass,bacass,small,1,1.0,without_ls,press,0,0.0,True,0.034529
primary,setting1_bacass_72_21_3_1_1,bacass,bacass,small,1,1.0,without_ls,pressR,0,0.0,True,0.034529
primary,setting1_bacass_72_21_3_1_1,bacass,bacass,small,1,1.0,without_ls,pressW,0,0.0,True,0.034529
primary,setting1_bacass_72_21_3_1_1,bacass,bacass,small,1,1.0,without_ls,pressWR,0,0.0,True,0.034529
primary,setting1_bacass_72_21_3_1_1,bacass,bacass,small,1,1.0,without_ls,slack,0,0.0,True,0.034529
primary,setting1_bacass_72_21_3_1_1,bacass,bacass,small,1,1.0,without_ls,slackR,0,0.0,True,0.034529
primary,setting1_bacass_72_21_3_1_1,bacass,bacass,small,1,1.0,without_ls,slackW,0,0.0,True,0.034529
primary,setting1_bacass_72_21_3_1_1,bacass,bacass,small,1,1.0,without_ls,slackWR,0,0.0,True,0.034529
primary,setting1_bacass_72_32_4_1_1,bacass,bacass,small,1,1.5,baseline,baseline,0,0.0,True,0.008124
primary,setting1_bacass_72_32_4_1_1,bacass,bacass,small,1,1.5,with_ls,press-LS,0,0.0,True,0.036823
primary,setting1_bacass_72_32_4_1_1,bacass,bacass,small,1,1.5,with_ls,pressR-LS,0,0.0,True,0.036823
primary,setting1_bacass_72_32_4_1_1,bacass,bacass,small,1,1.5,with_ls,pressW-LS,0,0.0,True,0.036823
primary,setting1_bacass_72_32_4_1_1,bacass,bacass,small,1,1.5,with_ls,pressWR-LS,0,0.0,True,0.036823
primary,setting1_bacass_72_32_4_1_1,bacass,bacass,small,1,1.5,with_ls,slack-LS,0,0.0,True,0.036823
primary,setting1_bacass_72_32_4_1_1,bacass,bacass,small,1,1.5,with_ls,slackR-LS,0,0.0,True,0.036823
primary,setting1_bacass_72_32_4_1_1,bacass,bacass,small,1,1.5,with_ls,slackW-LS,0,0.0,True,0.036823
primary,setting1_bacass_72_32_4_1_1,bacass,bacass,small,1,1.5,with_ls,slackWR-LS,0,0.0,True,0.036823
primary,setting1_bacass_72_32_4_1_1,bacass,bacass,small,1,1.5,without_ls,press,0,0.0,True,0.034555
primary,setting1_bacass_72_32_4_1_1,bacass,bacass,small,1,1.5,without_ls,pressR,0,0.0,True,0.034555
primary,setting1_bacass_72_32_4_1_1,bacass,bacass,small,1,1.5,without_ls,pressW,0,0.0,True,0.034555
primary,setting1_bacass_72_32_4_1_1,bacass,bacass,small,1,1.5,without_ls,pressWR,0,0.0,True,0.034555
primary,setting1_bacass_72_32_4_1_1,bacass,bacass,small,1,1.5,without_ls,slack,0,0.0,True,0.034555
primary,setting1_bacass_72_32_4_1_1,bacass,bacass,small,1,1.5,without_ls,slackR,0,0.0,True,0.034555
primary,setting1_bacass_72_32_4_1_1,bacass,bacass,small,1,1.5,without_ls,slackW,0,0.0,True,0.034555
primary,setting1_bacass_72_32_4_1_1,bacass,bacass,small,1,1.5,without_ls,slackWR,0,0.0,True,0.034555
primary,setting1_bacass_72_42_5_1_1,bacass,bacass,small,1,2.0,baseline,baseline,0,0.0,True,0.008099
primary,setting1_bacass_72_42_5_1_1,bacass,bacass,small,1,2.0,with_ls,press-LS,0,0.0,True,0.03749
primary,setting1_bacass_72_42_5_1_1,bacass,bacass,small,1,2.0,with_ls,pressR-LS,0,0.0,True,0.03749
primary,setting1_bacass_72_42_5_1_1,bacass,bacass,small,1,2.0,with_ls,pressW-LS,0,0.0,True,0.03749
primary,setting1_bacass_72_42_5_1_1,bacass,bacass,small,1,2.0,with_ls,pressWR-LS,0,0.0,True,0.03749
primary,setting1_bacass_72_42_5_1_1,bacass,bacass,small,1,2.0,with_ls,slack-LS,0,0.0,True,0.03749
primary,setting1_bacass_72_42_5_1_1,bacass,bacass,small,1,2.0,with_ls,slackR-LS,0,0.0,True,0.03749
primary,setting1_bacass_72_42_5_1_1,bacass,bacass,small,1,2.0,with_ls,slackW-LS,0,0.0,True,0.03749
primary,setting1_bacass_72_42_5_1_1,bacass,bacass,small,1,2.0,with_ls,slackWR-LS,0,0.0,True,0.03749
primary,setting1_bacass_72_42_5_1_1,bacass,bacass,small,1,2.0,without_ls,press,0,0.0,True,0.035946
primary,setting1_bacass_72_42_5_1_1,bacass,bacass,small,1,2.0,without_ls,pressR,0,0.0,True,0.035946
primary,setting1_bacass_72_42_5_1_1,bacass,bacass,small,1,2.0,without_ls,pressW,0,0.0,True,0.035946
primary,setting1_bacass_72_42_5_1_1,bacass,bacass,small,1,2.0,without_ls,pressWR,0,0.0,True,0.035946
primary,setting1_bacass_72_42_5_1_1,bacass,bacass,small,1,2.0,without_ls,slack,0,0.0,True,0.035946
primary,setting1_bacass_72_42_5_1_1,bacass,bacass,small,1,2.0,without_ls,slackR,0,0.0,True,0.035946
primary,setting1_bacass_72_42_5_1_1,bacass,bacass,small,1,2.0,without_ls,slackW,0,0.0,True,0.035946
primary,setting1_bacass_72_42_5_1_1,bacass,bacass,small,1,2.0,without_ls,slackWR,0,0.0,True,0.035946
primary,setting1_bacass_72_63_7_1_1,bacass,bacass,small,1,3.0,baseline,baseline,0,0.0,True,0.008305
primary,setting1_bacass_72_63_7_1_1,bacass,bacass,small,1,3.0,with_ls,press-LS,0,0.0,True,0.037106
primary,setting1_bacass_72_63_7_1_1,bacass,bacass,small,1,3.0,with_ls,pressR-LS,0,0.0,True,0.037106
primary,setting1_bacass_72_63_7_1_1,bacass,bacass,small,1,3.0,with_ls,pressW-LS,0,0.0,True,0.037106
primary,setting1_bacass_72_63_7_1_1,bacass,bacass,small,1,3.0,with_ls,pressWR-LS,0,0.0,True,0.037106
primary,setting1_bacass_72_63_7_1_1,bacass,bacass,small,1,3.0,with_ls,slack-LS,0,0.0,True,0.037106
primary,setting1_bacass_72_63_7_1_1,bacass,bacass,small,1,3.0,with_ls,slackR-LS,0,0.0,True,0.037106
primary,setting1_bacass_72_63_7_1_1,bacass,bacass,small,1,3.0,with_ls,slackW-LS,0,0.0,True,0.037106
primary,setting1_bacass_72_63_7_1_1,bacass,bacass,small,1,3.0,with_ls,slackWR-LS,0,0.0,True,0.037106
primary,setting1_bacass_72_63_7_1_1,bacass,bacass,small,1,3.0,without_ls,press,0,0.0,True,0.035234
primary,setting1_bacass_72_63_7_1_1,bacass,bacass,small,1,3.0,without_ls,pressR,0,0.0,True,0.035234
primary,setting1_bacass_72_63_7_1_1,bacass,bacass,small,1,3.0,without_ls,pressW,0,0.0,True,0.035234
primary,setting1_bacass_72_63_7_1_1,bacass,bacass,small,1,3.0,without_ls,pressWR,0,0.0,True,0.035234
primary,setting1_bacass_72_63_7_1_1,bacass,bacass,small,1,3.0,without_ls,slack,0,0.0,True,0.035234
primary,setting1_bacass_72_63_7_1_1,bacass,bacass,small,1,3.0,without_ls,slackR,0,0.0,True,0.035234
primary,setting1_bacass_72_63_7_1_1,bacass,bacass,small,1,3.0,without_ls,slackW,0,0.0,True,0.035234
primary,setting1_bacass_72_63_7_1_1,bacass,bacass,small,1,3.0,without_ls,slackWR,0,0.0,True,0.035234
primary,setting1_eager1000_72_184_19_1_1,eager,eager1000,small,1,1.0,baseline,baseline,5021,10.0,True,0.273989
primary,setting1_eager1000_72_184_19_1_1,eager,eager1000,small,1,1.0,with_ls,press-LS,0,838.0,True,8.69614
primary,setting1_eager1000_72_184_19_1_1,eager,eager1000,small,1,1.0,with_ls,pressR-LS,0,910.0,True,8.69614
primary,setting1_eager1000_72_184_19_1_1,eager,eager1000,small,1,1.0,with_ls,pressW-LS,0,779.0,True,8.69614
primary,setting1_eager1000_72_184_19_1_1,eager,eager1000,small,1,1.0,with_ls,pressWR-LS,0,861.0,True,8.69614
primary,setting1_eager1000_72_184_19_1_1,eager,eager1000,small,1,1.0,with_ls,slack-LS,0,772.0,True,8.69614
primary,setting1_eager1000_72_184_19_1_1,eager,eager1000,small,1,1.0,with_ls,slackR-LS,0,900.0,True,8.69614
primary,setting1_eager1000_72_184_19_1_1,eager,eager1000,small,1,1.0,with_ls,slackW-LS,0,770.0,True,8.69614
primary,setting1_eager1000_72_184_19_1_1,eager,eager1000,small,1,1.0,with_ls,slackWR-LS,0,835.0,True,8.69614
primary,setting1_eager1000_72_184_19_1_1,eager,eager1000,small,1,1.0,without_ls,press,1769,753.0,True,8.262714
primary,setting1_eager1000_72_184_19_1_1,eager,eager1000,small,1,1.0,without_ls,pressR,492,833.0,True,8.262714
primary,setting1_eager1000_72_184_19_1_1,eager,eager1000,small,1,1.0,without_ls,pressW,899,714.0,True,8.262714
primary,setting1_eager1000_72_184_19_1_1,eager,eager1000,small,1,1.0,without_ls,pressWR,1,790.0,True,8.262714
primary,setting1_eager1000_72_184_19_1_1,eager,eager1000,small,1,1.0,without_ls,slack,0,769.0,True,8.262714
primary,setting1_eager1000_72_184_19_1_1,eager,eager1000,small,1,1.0,without_ls,slackR,0,850.0,True,8.262714
primary,setting1_eager1000_72_184_19_1_1,eager,eager1000,small,1,1.0,without_ls,slackW,8,707.0,True,8.262714
primary,setting1_eager1000_72_184_19_1_1,eager,eager1000,small,1,1.0,without_ls,slackWR,0,814.0,True,8.262714
primary,setting1_eager1000_72_276_28_1_1,eager,eager1000,small,1,1.5,baseline,baseline,6478,9.0,True,0.273935
primary,setting1_eager1000_72_276_28_1_1,eager,eager1000,small,1,1.5,with_ls,press-LS,0,798.0,True,8.661849
primary,setting1_eager1000_72_276_28_1_1,eager,eager1000,small,1,1.5,with_ls,pressR-LS,0,897.0,True,8.661849
primary,setting1_eager1000_72_276_28_1_1,eager,eager1000,small,1,1.5,with_ls,pressW-LS,0,755.0,True,8.661849
primary,setting1_eager1000_72_276_28_1_1,eager,eager1000,small,1,1.5,with_ls,pressWR-LS,0,865.0,True,8.661849
primary,setting1_eager1000_72_276_28_1_1,eager,eager1000,small,1,1.5,with_ls,slack-LS,0,805.0,True,8.661849
primary,setting1_eager1000_72_276_28_1_1,eager,eager1000,small,1,1.5,with_ls,slackR-LS,0,909.0,True,8.661849
primary,setting1_eager1000_72_276_28_1_1,eager,eager1000,small,1,1.5,with_ls,slackW-LS,0,741.0,True,8.661849
primary,setting1_eager1000_72_276_28_1_1,eager,eager1000,small,1,1.5,with_ls,slackWR-LS,0,857.0,True,8.661849
primary,setting1_eager1000_72_276_28_1_1,eager,eager1000,small,1,1.5,without_ls,press,0,767.0,True,8.475
primary,setting1_eager1000_72_276_28_1_1,eager,eager1000,small,1,1.5,without_ls,pressR,0,866.0,True,8.475
primary,setting1_eager1000_72_276_28_1_1,eager,eager1000,small,1,1.5,without_ls,pressW,0,729.0,True,8.475
primary,setting1_eager1000_72_276_28_1_1,eager,eager1000,small,1,1.5,without_ls,pressWR,0,834.0,True,8.475
primary,setting1_eager1000_72_276_28_1_1,eager,eager1000,small,1,1.5,without_ls,slack,0,770.0,True,8.475
primary,setting1_eager1000_72_276_28_1_1,eager,eager1000,small,1,1.5,without_ls,slackR,0,883.0,True,8.475
primary,setting1_eager1000_72_276_28_1_1,eager,eager1000,small,1,1.5,without_ls,slackW,0,709.0,True,8.475
primary,setting1_eager1000_72_276_28_1_1,eager,eager1000,small,1,1.5,without_ls,slackWR,0,841.0,True,8.475
primary,setting1_eager1000_72_368_37_1_1,eager,eager1000,small,1,2.0,baseline,baseline,9627,9.0,True,0.275443
primary,setting1_eager1000_72_368_37_1_1,eager,eager1000,small,1,2.0,with_ls,press-LS,0,870.0,True,9.343068
primary,setting1_eager1000_72_368_37_1_1,eager,eager1000,small,1,2.0,with_ls,pressR-LS,0,1015.0,True,9.343068
primary,setting1_eager1000_72_368_37_1_1,eager,eager1000,small,1,2.0,with_ls,pressW-LS,0,818.0,True,9.343068
primary,setting1_eager1000_72_368_37_1_1,eager,eager1000,small,1,2.0,with_ls,pressWR-LS,0,977.0,True,9.343068
primary,setting1_eager1000_72_368_37_1_1,eager,eager1000,small,1,2.0,with_ls,slack-LS,0,868.0,True,9.343068
primary,setting1_eager1000_72_368_37_1_1,eager,eager1000,small,1,2.0,with_ls,slackR-LS,0,1005.0,True,9.343068
primary,setting1_eager1000_72_368_37_1_1,eager,eager1000,small,1,2.0,with_ls,slackW-LS,0,800.0,True,9.343068
primary,setting1_eager1000_72_368_37_1_1,eager,eager1000,small,1,2.0,with_ls,slackWR-LS,0,953.0,True,9.343068
primary,setting1_eager1000_72_368_37_1_1,eager,eager1000,small,1,2.0,without_ls,press,0,816.0,True,9.001374
primary,setting1_eager1000_72_368_37_1_1,eager,eager1000,small,1,2.0,without_ls,pressR,0,974.0,True,9.001374
primary,setting1_eager1000_72_368_37_1_1,eager,eager1000,small,1,2.0,without_ls,pressW,0,770.0,True,9.001374
primary,setting1_eager1000_72_368_37_1_1,eager,eager1000,small,1,2.0,without_ls,pressWR,0,933.0,True,9.001374
primary,setting1_eager1000_72_368_37_1_1,eager,eager1000,small,1,2.0,without_ls,slack,0,818.0,True,9.001374
primary,setting1_eager1000_72_368_37_1_1,eager,eager1000,small,1,2.0,without_ls,slackR,0,963.0,True,9.001374
primary,setting1_eager1000_72_368_37_1_1,eager,eager1000,small,1,2.0,without_ls,slackW,0,751.0,True,9.001374
primary,setting1_eager1000_72_368_37_1_1,eager,eager1000,small,1,2.0,without_ls,slackWR,0,901.0,True,9.001374
primary,setting1_eager1000_72_552_56_1_1,eager,eager1000,small,1,3.0,baseline,baseline,7301,9.0,True,0.277591
primary,setting1_eager1000_72_552_56_1_1,eager,eager1000,small,1,3.0,with_ls,press-LS,0,908.0,True,10.027789
primary,setting1_eager1000_72_552_56_1_1,eager,eager1000,small,1,3.0,with_ls,pressR-LS,0,1144.0,True,10.027789
primary,setting1_eager1000_72_552_56_1_1,eager,eager1000,small,1,3.0,with_ls,pressW-LS,0,845.0,True,10.027789
primary,setting1_eager1000_72_552_56_1_1,eager,eager1000,small,1,3.0,with_ls,pressWR-LS,0,1103.0,True,10.027789
primary,setting1_eager1000_72_552_56_1_1,eager,eager1000,small,1,3.0,with_ls,slack-LS,0,912.0,True,10.027789
primary,setting1_eager1000_72_552_56_1_1,eager,eager1000,small,1,3.0,with_ls,slackR-LS,0,1137.0,True,10.027789
primary,setting1_eager1000_72_552_56_1_1,eager,eager1000,small,1,3.0,with_ls,slackW-LS,0,853.0,True,10.027789
primary,setting1_eager1000_72_552_56_1_1,eager,eager1000,small,1,3.0,with_ls,slackWR-LS,0,1090.0,True,10.027789
primary,setting1_eager1000_72_552_56_1_1,eager,eager1000,small,1,3.0,without_ls,press,0,856.0,True,9.642449
primary,setting1_eager1000_72_552_56_1_1,eager,eager1000,small,1,3.0,without_ls,pressR,0,1095.0,True,9.642449
primary,setting1_eager1000_72_552_56_1_1,eager,eager1000,small,1,3.0,without_ls,pressW,0,804.0,True,9.642449
primary,setting1_eager1000_72_552_56_1_1,eager,eager1000,small,1,3.0,without_ls,pressWR,0,1045.0,True,9.642449
primary,setting1_eager1000_72_552_56_1_1,eager,eager1000,small,1,3.0,without_ls,slack,0,838.0,True,9.642449
primary,setting1_eager1000_72_552_56_1_1,eager,eager1000,small,1,3.0,without_ls,slackR,0,1088.0,True,9.642449
primary,setting1_eager1000_72_552_56_1_1,eager,eager1000,small,1,3.0,without_ls,slackW,0,795.0,True,9.642449
primary,setting1_eager1000_72_552_56_1_1,eager,eager1000,small,1,3.0,without_ls,slackWR,0,1038.0,True,9.642449
primary,setting1_eager200_72_111_12_1_1,eager,eager200,small,1,1.5,baseline,baseline,0,1.0,True,0.055719
primary,setting1_eager200_72_111_12_1_1,eager,eager200,small,1,1.5,with_ls,press-LS,0,21.0,True,0.599065
primary,setting1_eager200_72_111_12_1_1,eager,eager200,small,1,1.5,with_ls,pressR-LS,0,29.0,True,0.599065
primary,setting1_eager200_72_111_12_1_1,eager,eager200,small,1,1.5,with_ls,pressW-LS,0,20.0,True,0.599065
primary,setting1_eager200_72_111_12_1_1,eager,eager200,small,1,1.5,with_ls,pressWR-LS,0,28.0,True,0.599065
primary,setting1_eager200_72_111_12_1_1,eager,eager200,small,1,1.5,with_ls,slack-LS,0,21.0,True,0.599065
primary,setting1_eager200_72_111_12_1_1,eager,eager200,small,1,1.5,with_ls,slackR-LS,0,29.0,True,0.599065
primary,setting1_eager200_72_111_12_1_1,eager,eager200,small,1,1.5,with_ls,slackW-LS,0,19.0,True,0.599065
primary,setting1_eager200_72_111_12_1_1,eager,eager200,small,1,1.5,with_ls,slackWR-LS,0,27.0,True,0.599065
primary,setting1_eager200_72_111_12_1_1,eager,eager200,small,1,1.5,without_ls,press,0,19.0,True,0.583034
primary,setting1_eager200_72_111_12_1_1,eager,eager200,small,1,1.5,without_ls,pressR,0,26.0,True,0.583034
primary,setting1_eager200_72_111_12_1_1,eager,eager200,small,1,1.5,without_ls,pressW,0,18.0,True,0.583034
primary,setting1_eager200_72_111_12_1_1,eager,eager200,small,1,1.5,without_ls,pressWR,0,25.0,True,0.583034
primary,setting1_eager200_72_111_12_1_1,eager,eager200,small,1,1.5,without_ls,slack,0,18.0,True,0.583034
primary,setting1_eager200_72_111_12_1_1,eager,eager200,small,1,1.5,without_ls,slackR,0,26.0,True,0.583034
primary,setting1_eager200_72_111_12_1_1,eager,eager200,small,1,1.5,without_ls,slackW,0,17.0,True,0.583034
primary,setting1_eager200_72_111_12_1_1,eager,eager200,small,1,1.5,without_ls,slackWR,0,25.0,True,0.583034
primary,setting1_eager200_72_148_15_1_1,eager,eager200,small,1,2.0,baseline,baseline,0,1.0,True,0.055817
primary,setting1_eager200_72_148_15_1_1,eager,eager200,small,1,2.0,with_ls,press-LS,0,23.0,True,0.627343
primary,setting1_eager200_72_148_15_1_1,eager,eager200,small,1,2.0,with_ls,pressR-LS,0,34.0,True,0.627343
primary,setting1_eager200_72_148_15_1_1,eager,eager200,small,1,2.0,with_ls,pressW-LS,0,21.0,True,0.627343
primary,setting1_eager200_72_148_15_1_1,eager,eager200,small,1,2.0,with_ls,pressWR-LS,0,33.0,True,0.627343
primary,setting1_eager200_72_148_15_1_1,eager,eager200,small,1,2.0,with_ls,slack-LS,0,23.0,True,0.627343
primary,setting1_eager200_72_148_15_1_1,eager,eager200,small,1,2.0,with_ls,slackR-LS,0,33.0,True,0.627343
primary,setting1_eager200_72_148_15_1_1,eager,eager200,small,1,2.0,with_ls,slackW-LS,0,22.0,True,0.627343
primary,setting1_eager200_72_148_15_1_1,eager,eager200,small,1,2.0,with_ls,slackWR-LS,0,33.0,True,0.627343
primary,setting1_eager200_72_148_15_1_1,eager,eager200,small,1,2.0,without_ls,press,0,20.0,True,0.603373
primary,setting1_eager200_72_148_15_1_1,eager,eager200,small,1,2.0,without_ls,pressR,0,31.0,True,0.603373
primary,setting1_eager200_72_148_15_1_1,eager,eager200,small,1,2.0,without_ls,pressW,0,19.0,True,0.603373
primary,setting1_eager200_72_148_15_1_1,eager,eager200,small,1,2.0,without_ls,pressWR,0,30.0,True,0.603373
primary,setting1_eager200_72_148_15_1_1,eager,eager200,small,1,2.0,without_ls,slack,0,20.0,True,0.603373
primary,setting1_eager200_72_148_15_1_1,eager,eager200,small,1,2.0,without_ls,slackR,0,30.0,True,0.603373
primary,setting1_eager200_72_148_15_1_1,eager,eager200,small,1,2.0,without_ls,slackW,0,19.0,True,0.603373
primary,setting1_eager200_72_148_15_1_1,eager,eager200,small,1,2.0,without_ls,slackWR,0,29.0,True,0.603373
primary,setting1_eager200_72_222_23_1_1,eager,eager200,small,1,3.0,baseline,baseline,0,1.0,True,0.056238
primary,setting1_eager200_72_222_23_1_1,eager,eager200,small,1,3.0,with_ls,press-LS,0,25.0,True,0.669269
primary,setting1_eager200_72_222_23_1_1,eager,eager200,small,1,3.0,with_ls,pressR-LS,0,42.0,True,0.669269
primary,setting1_eager200_72_222_23_1_1,eager,eager200,small,1,3.0,with_ls,pressW-LS,0,25.0,True,0.669269
primary,setting1_eager200_72_222_23_1_1,eager,eager200,small,1,3.0,with_ls,pressWR-LS,0,40.0,True,0.669269
primary,setting1_eager200_72_222_23_1_1,eager,eager200,small,1,3.0,with_ls,slack-LS,0,24.0,True,0.669269
primary,setting1_eager200_72_222_23_1_1,eager,eager200,small,1,3.0,with_ls,slackR-LS,0,42.0,True,0.669269
primary,setting1_eager200_72_222_23_1_1,eager,eager200,small,1,3.0,with_ls,slackW-LS,0,24.0,True,0.669269
primary,setting1_eager200_72_222_23_1_1,eager,eager200,small,1,3.0,with_ls,slackWR-LS,0,41.0,True,0.669269
primary,setting1_eager200_72_222_23_1_1,eager,eager200,small,1,3.0,without_ls,press,0,20.0,True,0.637564
primary,setting1_eager200_72_222_23_1_1,eager,eager200,small,1,3.0,without_ls,pressR,0,38.0,True,0.637564
primary,setting1_eager200_72_222_23_1_1,eager,eager200,small,1,3.0,without_ls,pressW,0,20.0,True,0.637564
primary,setting1_eager200_72_222_23_1_1,eager,eager200,small,1,3.0,without_ls,pressWR,0,36.0,True,0.637564
primary,setting1_eager200_72_222_23_1_1,eager,eager200,small,1,3.0,without_ls,slack,0,20.0,True,0.637564
primary,setting1_eager200_72_222_23_1_1,eager,eager200,small,1,3.0,without_ls,slackR,0,37.0,True,0.637564
primary,setting1_eager200_72_222_23_1_1,eager,eager200,small,1,3.0,without_ls,slackW,0,20.0,True,0.637564
primary,setting1_eager200_72_222_23_1_1,eager,eager200,small,1,3.0,without_ls,slackWR,0,37.0,True,0.637564
primary,setting1_eager200_72_74_8_1_1,eager,eager200,small,1,1.0,baseline,baseline,0,1.0,True,0.05598
primary,setting1_eager200_72_74_8_1_1,eager,eager200,small,1,1.0,with_ls,press-LS,0,19.0,True,0.578781
primary,setting1_eager200_72_74_8_1_1,eager,eager200,small,1,1.0,with_ls,pressR-LS,0,25.0,True,0.578781
primary,setting1_eager200_72_74_8_1_1,eager,eager200,small,1,1.0,with_ls,pressW-LS,0,18.0,True,0.578781
primary,setting1_eager200_72_74_8_1_1,eager,eager200,small,1,1.0,with_ls,pressWR-LS,0,24.0,True,0.578781
primary,setting1_eager200_72_74_8_1_1,eager,eager200,small,1,1.0,with_ls,slack-LS,0,19.0,True,0.578781
primary,setting1_eager200_72_74_8_1_1,eager,eager200,small,1,1.0,with_ls,slackR-LS,0,25.0,True,0.578781
primary,setting1_eager200_72_74_8_1_1,eager,eager200,small,1,1.0,with_ls,slackW-LS,0,18.0,True,0.578781
primary,setting1_eager200_72_74_8_1_1,eager,eager200,small,1,1.0,with_ls,slackWR-LS,0,24.0,True,0.578781
primary,setting1_eager200_72_74_8_1_1,eager,eager200,small,1,1.0,without_ls,press,0,17.0,True,0.567168
primary,setting1_eager200_72_74_8_1_1,eager,eager200,small,1,1.0,without_ls,pressR,0,23.0,True,0.567168
primary,setting1_eager200_72_74_8_1_1,eager,eager200,small,1,1.0,without_ls,pressW,0,16.0,True,0.567168
primary,setting1_eager200_72_74_8_1_1,eager,eager200,small,1,1.0,without_ls,pressWR,0,22.0,True,0.567168
primary,setting1_eager200_72_74_8_1_1,eager,eager200,small,1,1.0,without_ls,slack,0,17.0,True,0.567168
primary,setting1_eager200_72_74_8_1_1,eager,eager200,small,1,1.0,without_ls,slackR,0,23.0,True,0.567168
primary,setting1_eager200_72_74_8_1_1,eager,eager200,small,1,1.0,without_ls,slackW,0,16.0,True,0.567168
primary,setting1_eager200_72_74_8_1_1,eager,eager200,small,1,1.0,without_ls,slackWR,0,22.0,True,0.567168
primary,setting1_methylseq1000_72_315_32_1_1,methylseq,methylseq1000,small,1,1.0,baseline,baseline,26354,5.0,True,0.174574
primary,setting1_methylseq1000_72_315_32_1_1,methylseq,methylseq1000,small,1,1.0,with_ls,press-LS,0,386.0,True,4.550907
primary,setting1_methylseq1000_72_315_32_1_1,methylseq,methylseq1000,small,1,1.0,with_ls,pressR-LS,0,429.0,True,4.550907
primary,setting1_methylseq1000_72_315_32_1_1,methylseq,methylseq1000,small,1,1.0,with_ls,pressW-LS,0,382.0,True,4.550907
primary,setting1_methylseq1000_72_315_32_1_1,methylseq,methylseq1000,small,1,1.0,with_ls,pressWR-LS,0,446.0,True,4.550907
primary,setting1_methylseq1000_72_315_32_1_1,methylseq,methylseq1000,small,1,1.0,with_ls,slack-LS,0,386.0,True,4.550907
primary,setting1_methylseq1000_72_315_32_1_1,methylseq,methylseq1000,small,1,1.0,with_ls,slackR-LS,0,432.0,True,4.550907
primary,setting1_methylseq1000_72_315_32_1_1,methylseq,methylseq1000,small,1,1.0,with_ls,slackW-LS,0,357.0,True,4.550907
primary,setting1_methylseq1000_72_315_32_1_1,methylseq,methylseq1000,small,1,1.0,with_ls,slackWR-LS,0,418.0,True,4.550907
primary,setting1_methylseq1000_72_315_32_1_1,methylseq,methylseq1000,small,1,1.0,without_ls,press,2227,336.0,True,4.264876
primary,setting1_methylseq1000_72_315_32_1_1,methylseq,methylseq1000,small,1,1.0,without_ls,pressR,0,400.0,True,4.264876
primary,setting1_methylseq1000_72_315_32_1_1,methylseq,methylseq1000,small,1,1.0,without_ls,pressW,3322,330.0,True,4.264876
primary,setting1_methylseq1000_72_315_32_1_1,methylseq,methylseq1000,small,1,1.0,without_ls,pressWR,936,394.0,True,4.264876
primary,setting1_methylseq1000_72_315_32_1_1,methylseq,methylseq1000,small,1,1.0,without_ls,slack,38,337.0,True,4.264876
primary,setting1_methylseq1000_72_315_32_1_1,methylseq,methylseq1000,small,1,1.0,without_ls,slackR,0,406.0,True,4.264876
primary,setting1_methylseq1000_72_315_32_1_1,methylseq,methylseq1000,small,1,1.0,without_ls,slackW,0,329.0,True,4.264876
primary,setting1_methylseq1000_72_315_32_1_1,methylseq,methylseq1000,small,1,1.0,without_ls,slackWR,0,398.0,True,4.264876
primary,setting1_methylseq1000_72_473_48_1_1,methylseq,methylseq1000,small,1,1.5,baseline,baseline,32971,5.0,True,0.177051
primary,setting1_methylseq1000_72_473_48_1_1,methylseq,methylseq1000,small,1,1.5,with_ls,press-LS,0,397.0,True,5.035965
primary,setting1_methylseq1000_72_473_48_1_1,methylseq,methylseq1000,small,1,1.5,with_ls,pressR-LS,0,520.0,True,5.035965
primary,setting1_methylseq1000_72_473_48_1_1,methylseq,methylseq1000,small,1,1.5,with_ls,pressW-LS,0,429.0,True,5.035965
primary,setting1_methylseq1000_72_473_48_1_1,methylseq,methylseq1000,small,1,1.5,with_ls,pressWR-LS,0,558.0,True,5.035965
primary,setting1_methylseq1000_72_473_48_1_1,methylseq,methylseq1000,small,1,1.5,with_ls,slack-LS,0,389.0,True,5.035965
primary,setting1_methylseq1000_72_473_48_1_1,methylseq,methylseq1000,small,1,1.5,with_ls,slackR-LS,0,519.0,True,5.035965
primary,setting1_methylseq1000_72_473_48_1_1,methylseq,methylseq1000,small,1,1.5,with_ls,slackW-LS,0,398.0,True,5.035965
primary,setting1_methylseq1000_72_473_48_1_1,methylseq,methylseq1000,small,1,1.5,with_ls,slackWR-LS,0,507.0,True,5.035965
primary,setting1_methylseq1000_72_473_48_1_1,methylseq,methylseq1000,small,1,1.5,without_ls,press,0,343.0,True,4.551539
primary,setting1_methylseq1000_72_473_48_1_1,methylseq,methylseq1000,small,1,1.5,without_ls,pressR,0,470.0,True,4.551539
primary,setting1_methylseq1000_72_473_48_1_1,methylseq,methylseq1000,small,1,1.5,without_ls,pressW,472,336.0,True,4.551539
primary,setting1_methylseq1000_72_473_48_1_1,methylseq,methylseq1000,small,1,1.5,without_ls,pressWR,23,455.0,True,4.551539
primary,setting1_methylseq1000_72_473_48_1_1,methylseq,methylseq1000,small,1,1.5,without_ls,slack,0,348.0,True,4.551539
primary,setting1_methylseq1000_72_473_48_1_1,methylseq,methylseq1000,small,1,1.5,without_ls,slackR,0,465.0,True,4.551539
primary,setting1_methylseq1000_72_473_48_1_1,methylseq,methylseq1000,small,1,1.5,without_ls,slackW,0,350.0,True,4.551539
primary,setting1_methylseq1000_72_473_48_1_1,methylseq,methylseq1000,small,1,1.5,without_ls,slackWR,0,452.0,True,4.551539
primary,setting1_methylseq1000_72_630_63_1_1,methylseq,methylseq1000,small,1,2.0,baseline,baseline,52355,5.0,True,0.177345
primary,setting1_methylseq1000_72_630_63_1_1,methylseq,methylseq1000,small,1,2.0,with_ls,press-LS,0,471.0,True,5.559607
primary,setting1_methylseq1000_72_630_63_1_1,methylseq,methylseq1000,small,1,2.0,with_ls,pressR-LS,0,650.0,True,5.559607
primary,setting1_methylseq1000_72_630_63_1_1,methylseq,methylseq1000,small,1,2.0,with_ls,pressW-LS,0,464.0,True,5.559607
primary,setting1_methylseq1000_72_630_63_1_1,methylseq,methylseq1000,small,1,2.0,with_ls,pressWR-LS,0,642.0,True,5.559607
primary,setting1_methylseq1000_72_630_63_1_1,methylseq,methylseq1000,small,1,2.0,with_ls,slack-LS,0,423.0,True,5.559607
primary,setting1_methylseq1000_72_630_63_1_1,methylseq,methylseq1000,small,1,2.0,with_ls,slackR-LS,0,588.0,True,5.559607
primary,setting1_methylseq1000_72_630_63_1_1,methylseq,methylseq1000,small,1,2.0,with_ls,slackW-LS,0,416.0,True,5.559607
primary,setting1_methylseq1000_72_630_63_1_1,methylseq,methylseq1000,small,1,2.0,with_ls,slackWR-LS,0,582.0,True,5.559607
primary,setting1_methylseq1000_72_630_63_1_1,methylseq,methylseq1000,small,1,2.0,without_ls,press,91,366.0,True,4.954102
primary,setting1_methylseq1000_72_630_63_1_1,methylseq,methylseq1000,small,1,2.0,without_ls,pressR,697,546.0,True,4.954102
primary,setting1_methylseq1000_72_630_63_1_1,methylseq,methylseq1000,small,1,2.0,without_ls,pressW,100,358.0,True,4.954102
primary,setting1_methylseq1000_72_630_63_1_1,methylseq,methylseq1000,small,1,2.0,without_ls,pressWR,1265,526.0,True,4.954102
primary,setting1_methylseq1000_72_630_63_1_1,methylseq,methylseq1000,small,1,2.0,without_ls,slack,0,368.0,True,4.954102
primary,setting1_methylseq1000_72_630_63_1_1,methylseq,methylseq1000,small,1,2.0,without_ls,slackR,0,554.0,True,4.954102
primary,setting1_methylseq1000_72_630_63_1_1,methylseq,methylseq1000,small,1,2.0,without_ls,slackW,0,360.0,True,4.954102
primary,setting1_methylseq1000_72_630_63_1_1,methylseq,methylseq1000,small,1,2.0,without_ls,slackWR,0,535.0,True,4.954102
primary,setting1_methylseq1000_72_945_95_1_1,methylseq,methylseq1000,small,1,3.0,baseline,baseline,40346,5.0,True,0.17676
primary,setting1_methylseq1000_72_945_95_1_1,methylseq,methylseq1000,small,1,3.0,with_ls,press-LS,0,481.0,True,6.278872
primary,setting1_methylseq1000_72_945_95_1_1,methylseq,methylseq1000,small,1,3.0,with_ls,pressR-LS,0,779.0,True,6.278872
primary,setting1_methylseq1000_72_945_95_1_1,methylseq,methylseq1000,small,1,3.0,with_ls,pressW-LS,0,477.0,True,6.278872
primary,setting1_methylseq1000_72_945_95_1_1,methylseq,methylseq1000,small,1,3.0,with_ls,pressWR-LS,0,750.0,True,6.278872
primary,setting1_methylseq1000_72_945_95_1_1,methylseq,methylseq1000,small,1,3.0,with_ls,slack-LS,0,481.0,True,6.278872
primary,setting1_methylseq1000_72_945_95_1_1,methylseq,methylseq1000,small,1,3.0,with_ls,slackR-LS,0,768.0,True,6.278872
primary,setting1_methylseq1000_72_945_95_1_1,methylseq,methylseq1000,small,1,3.0,with_ls,slackW-LS,0,466.0,True,6.278872
primary,setting1_methylseq1000_72_945_95_1_1,methylseq,methylseq1000,small,1,3.0,with_ls,slackWR-LS,0,764.0,True,6.278872
primary,setting1_methylseq1000_72_945_95_1_1,methylseq,methylseq1000,small,1,3.0,without_ls,press,0,394.0,True,5.685425
primary,setting1_methylseq1000_72_945_95_1_1,methylseq,methylseq1000,small,1,3.0,without_ls,pressR,0,694.0,True,5.685425
primary,setting1_methylseq1000_72_945_95_1_1,methylseq,methylseq1000,small,1,3.0,without_ls,pressW,0,393.0,True,5.685425
primary,setting1_methylseq1000_72_945_95_1_1,methylseq,methylseq1000,small,1,3.0,without_ls,pressWR,0,659.0,True,5.685425
primary,setting1_methylseq1000_72_945_95_1_1,methylseq,methylseq1000,small,1,3.0,without_ls,slack,0,410.0,True,5.685425
primary,setting1_methylseq1000_72_945_95_1_1,methylseq,methylseq1000,small,1,3.0,without_ls,slackR,0,689.0,True,5.685425
primary,setting1_methylseq1000_72_945_95_1_1,methylseq,methylseq1000,small,1,3.0,without_ls,slackW,0,389.0,True,5.685425
primary,setting1_methylseq1000_72_945_95_1_1,methylseq,methylseq1000,small,1,3.0,without_ls,slackWR,0,687.0,True,5.685425
primary,setting1_methylseq200_72_117_12_1_1,methylseq,methylseq200,small,1,3.0,baseline,baseline,2815,1.0,True,0.038379
primary,setting1_methylseq200_72_117_12_1_1,methylseq,methylseq200,small,1,3.0,with_ls,press-LS,0,11.0,True,0.378382
primary,setting1_methylseq200_72_117_12_1_1,methylseq,methylseq200,small,1,3.0,with_ls,pressR-LS,0,16.0,True,0.378382
primary,setting1_methylseq200_72_117_12_1_1,methylseq,methylseq200,small,1,3.0,with_ls,pressW-LS,0,11.0,True,0.378382
primary,setting1_methylseq200_72_117_12_1_1,methylseq,methylseq200,small,1,3.0,with_ls,pressWR-LS,0,15.0,True,0.378382
primary,setting1_methylseq200_72_117_12_1_1,methylseq,methylseq200,small,1,3.0,with_ls,slack-LS,0,11.0,True,0.378382
primary,setting1_methylseq200_72_117_12_1_1,methylseq,methylseq200,small,1,3.0,with_ls,slackR-LS,0,15.0,True,0.378382
primary,setting1_methylseq200_72_117_12_1_1,methylseq,methylseq200,small,1,3.0,with_ls,slackW-LS,0,10.0,True,0.378382
primary,setting1_methylseq200_72_117_12_1_1,methylseq,methylseq200,small,1,3.0,with_ls,slackWR-LS,0,15.0,True,0.378382
primary,setting1_methylseq200_72_117_12_1_1,methylseq,methylseq200,small,1,3.0,without_ls,press,0,8.0,True,0.363075
primary,setting1_methylseq200_72_117_12_1_1,methylseq,methylseq200,small,1,3.0,without_ls,pressR,0,13.0,True,0.363075
primary,setting1_methylseq200_72_117_12_1_1,methylseq,methylseq200,small,1,3.0,without_ls,pressW,0,8.0,True,0.363075
primary,setting1_methylseq200_72_117_12_1_1,methylseq,methylseq200,small,1,3.0,without_ls,pressWR,0,12.0,True,0.363075
primary,setting1_methylseq200_72_117_12_1_1,methylseq,methylseq200,small,1,3.0,without_ls,slack,0,9.0,True,0.363075
primary,setting1_methylseq200_72_117_12_1_1,methylseq,methylseq200,small,1,3.0,without_ls,slackR,0,13.0,True,0.363075
primary,setting1_methylseq200_72_117_12_1_1,methylseq,methylseq200,small,1,3.0,without_ls,slackW,0,8.0,True,0.363075
primary,setting1_methylseq200_72_117_12_1_1,methylseq,methylseq200,small,1,3.0,without_ls,slackWR,0,12.0,True,0.363075
primary,setting1_methylseq200_72_39_4_1_1,methylseq,methylseq200,small,1,1.0,baseline,baseline,2476,1.0,True,0.038763
primary,setting1_methylseq200_72_39_4_1_1,methylseq,methylseq200,small,1,1.0,with_ls,press-LS,0,7.0,True,0.341597
primary,setting1_methylseq200_72_39_4_1_1,methylseq,methylseq200,small,1,1.0,with_ls,pressR-LS,0,10.0,True,0.341597
primary,setting1_methylseq200_72_39_4_1_1,methylseq,methylseq200,small,1,1.0,with_ls,pressW-LS,0,8.0,True,0.341597
primary,setting1_methylseq200_72_39_4_1_1,methylseq,methylseq200,small,1,1.0,with_ls,pressWR-LS,0,10.0,True,0.341597
primary,setting1_methylseq200_72_39_4_1_1,methylseq,methylseq200,small,1,1.0,with_ls,slack-LS,0,8.0,True,0.341597
primary,setting1_methylseq200_72_39_4_1_1,methylseq,methylseq200,small,1,1.0,with_ls,slackR-LS,0,10.0,True,0.341597
primary,setting1_methylseq200_72_39_4_1_1,methylseq,methylseq200,small,1,1.0,with_ls,slackW-LS,0,7.0,True,0.341597
primary,setting1_methylseq200_72_39_4_1_1,methylseq,methylseq200,small,1,1.0,with_ls,slackWR-LS,0,8.0,True,0.341597
primary,setting1_methylseq200_72_39_4_1_1,methylseq,methylseq200,small,1,1.0,without_ls,press,0,7.0,True,0.337438
primary,setting1_methylseq200_72_39_4_1_1,methylseq,methylseq200,small,1,1.0,without_ls,pressR,0,9.0,True,0.337438
primary,setting1_methylseq200_72_39_4_1_1,methylseq,methylseq200,small,1,1.0,without_ls,pressW,0,7.0,True,0.337438
primary,setting1_methylseq200_72_39_4_1_1,methylseq,methylseq200,small,1,1.0,without_ls,pressWR,0,8.0,True,0.337438
primary,setting1_methylseq200_72_39_4_1_1,methylseq,methylseq200,small,1,1.0,without_ls,slack,0,7.0,True,0.337438
primary,setting1_methylseq200_72_39_4_1_1,methylseq,methylseq200,small,1,1.0,without_ls,slackR,0,9.0,True,0.337438
primary,setting1_methylseq200_72_39_4_1_1,methylseq,methylseq200,small,1,1.0,without_ls,slackW,0,6.0,True,0.337438
primary,setting1_methylseq200_72_39_4_1_1,methylseq,methylseq200,small,1,1.0,without_ls,slackWR,0,8.0,True,0.337438
primary,setting1_methylseq200_72_59_6_1_1,methylseq,methylseq200,small,1,1.5,baseline,baseline,534,1.0,True,0.038954
primary,setting1_methylseq200_72_59_6_1_1,methylseq,methylseq200,small,1,1.5,with_ls,press-LS,0,10.0,True,0.353656
primary,setting1_methylseq200_72_59_6_1_1,methylseq,methylseq200,small,1,1.5,with_ls,pressR-LS,0,12.0,True,0.353656
primary,setting1_methylseq200_72_59_6_1_1,methylseq,methylseq200,small,1,1.5,with_ls,pressW-LS,0,9.0,True,0.353656
primary,setting1_methylseq200_72_59_6_1_1,methylseq,methylseq200,small,1,1.5,with_ls,pressWR-LS,0,11.0,True,0.353656
primary,setting1_methylseq200_72_59_6_1_1,methylseq,methylseq200,small,1,1.5,with_ls,slack-LS,0,9.0,True,0.353656
primary,setting1_methylseq200_72_59_6_1_1,methylseq,methylseq200,small,1,1.5,with_ls,slackR-LS,0,11.0,True,0.353656
primary,setting1_methylseq200_72_59_6_1_1,methylseq,methylseq200,small,1,1.5,with_ls,slackW-LS,0,8.0,True,0.353656
primary,setting1_methylseq200_72_59_6_1_1,methylseq,methylseq200,small,1,1.5,with_ls,slackWR-LS,0,10.0,True,0.353656
primary,setting1_methylseq200_72_59_6_1_1,methylseq,methylseq200,small,1,1.5,without_ls,press,0,8.0,True,0.340709
primary,setting1_methylseq200_72_59_6_1_1,methylseq,methylseq200,small,1,1.5,without_ls,pressR,0,10.0,True,0.340709
primary,setting1_methylseq200_72_59_6_1_1,methylseq,methylseq200,small,1,1.5,without_ls,pressW,0,8.0,True,0.340709
primary,setting1_methylseq200_72_59_6_1_1,methylseq,methylseq200,small,1,1.5,without_ls,pressWR,0,10.0,True,0.340709
primary,setting1_methylseq200_72_59_6_1_1,methylseq,methylseq200,small,1,1.5,without_ls,slack,0,8.0,True,0.340709
primary,setting1_methylseq200_72_59_6_1_1,methylseq,methylseq200,small,1,1.5,without_ls,slackR,0,10.0,True,0.340709
primary,setting1_methylseq200_72_59_6_1_1,methylseq,methylseq200,small,1,1.5,without_ls,slackW,0,7.0,True,0.340709
primary,setting1_methylseq200_72_59_6_1_1,methylseq,methylseq200,small,1,1.5,without_ls,slackWR,0,10.0,True,0.340709
primary,setting1_methylseq200_72_78_8_1_1,methylseq,methylseq200,small,1,2.0,baseline,baseline,0,1.0,True,0.038653
primary,setting1_methylseq200_72_78_8_1_1,methylseq,methylseq200,small,1,2.0,with_ls,press-LS,0,9.0,True,0.363126
primary,setting1_methylseq200_72_78_8_1_1,methylseq,methylseq200,small,1,2.0,with_ls,pressR-LS,0,13.0,True,0.363126
primary,setting1_methylseq200_72_78_8_1_1,methylseq,methylseq200,small,1,2.0,with_ls,pressW-LS,0,9.0,True,0.363126
primary,setting1_methylseq200_72_78_8_1_1,methylseq,methylseq200,small,1,2.0,with_ls,pressWR-LS,0,12.0,True,0.363126
primary,setting1_methylseq200_72_78_8_1_1,methylseq,methylseq200,small,1,2.0,with_ls,slack-LS,0,10.0,True,0.363126
primary,setting1_methylseq200_72_78_8_1_1,methylseq,methylseq200,small,1,2.0,with_ls,slackR-LS,0,12.0,True,0.363126
primary,setting1_methylseq200_72_78_8_1_1,methylseq,methylseq200,small,1,2.0,with_ls,slackW-LS,0,9.0,True,0.363126
primary,setting1_methylseq200_72_78_8_1_1,methylseq,methylseq200,small,1,2.0,with_ls,slackWR-LS,0,11.0,True,0.363126
primary,setting1_methylseq200_72_78_8_1_1,methylseq,methylseq200,small,1,2.0,without_ls,press,0,7.0,True,0.365998
primary,setting1_methylseq200_72_78_8_1_1,methylseq,methylseq200,small,1,2.0,without_ls,pressR,0,11.0,True,0.365998
primary,setting1_methylseq200_72_78_8_1_1,methylseq,methylseq200,small,1,2.0,without_ls,pressW,0,7.0,True,0.365998
primary,setting1_methylseq200_72_78_8_1_1,methylseq,methylseq200,small,1,2.0,without_ls,pressWR,0,10.0,True,0.365998
primary,setting1_methylseq200_72_78_8_1_1,methylseq,methylseq200,small,1,2.0,without_ls,slack,0,8.0,True,0.365998
primary,setting1_methylseq200_72_78_8_1_1,methylseq,methylseq200,small,1,2.0,without_ls,slackR,0,11.0,True,0.365998
primary,setting1_methylseq200_72_78_8_1_1,methylseq,methylseq200,small,1,2.0,without_ls,slackW,0,7.0,True,0.365998
primary,setting1_methylseq200_72_78_8_1_1,methylseq,methylseq200,small,1,2.0,without_ls,slackWR,0,9.0,True,0.365998
primary,setting2_atacseq1000_144_117_12_1_1,atacseq,atacseq1000,large,1,1.5,baseline,baseline,0,7.0,True,0.182369
primary,setting2_atacseq1000_144_117_12_1_1,atacseq,atacseq1000,large,1,1.5,with_ls,press-LS,0,274.0,True,3.622344
primary,setting2_atacseq1000_144_117_12_1_1,atacseq,atacseq1000,large,1,1.5,with_ls,pressR-LS,0,299.0,True,3.622344
primary,setting2_atacseq1000_144_117_12_1_1,atacseq,atacseq1000,large,1,1.5,with_ls,pressW-LS,0,265.0,True,3.622344
primary,setting2_atacseq1000_144_117_12_1_1,atacseq,atacseq1000,large,1,1.5,with_ls,pressWR-LS,0,287.0,True,3.622344
primary,setting2_atacseq1000_144_117_12_1_1,atacseq,atacseq1000,large,1,1.5,with_ls,slack-LS,0,292.0,True,3.622344
primary,setting2_atacseq1000_144_117_12_1_1,atacseq,atacseq1000,large,1,1.5,with_ls,slackR-LS,0,299.0,True,3.622344
primary,setting2_atacseq1000_144_117_12_1_1,atacseq,atacseq1000,large,1,1.5,with_ls,slackW-LS,0,259.0,True,3.622344
primary,setting2_atacseq1000_144_117_12_1_1,atacseq,atacseq1000,large,1,1.5,with_ls,slackWR-LS,0,285.0,True,3.622344
primary,setting2_atacseq1000_144_117_12_1_1,atacseq,atacseq1000,large,1,1.5,without_ls,press,0,275.0,True,3.588739
primary,setting2_atacseq1000_144_117_12_1_1,atacseq,atacseq1000,large,1,1.5,without_ls,pressR,0,296.0,True,3.588739
primary,setting2_atacseq1000_144_117_12_1_1,atacseq,atacseq1000,large,1,1.5,without_ls,pressW,0,261.0,True,3.588739
primary,setting2_atacseq1000_144_117_12_1_1,atacseq,atacseq1000,large,1,1.5,without_ls,pressWR,0,284.0,True,3.588739
primary,setting2_atacseq1000_144_117_12_1_1,atacseq,atacseq1000,large,1,1.5,without_ls,slack,0,272.0,True,3.588739
primary,setting2_atacseq1000_144_117_12_1_1,atacseq,atacseq1000,large,1,1.5,without_ls,slackR,0,295.0,True,3.588739
primary,setting2_atacseq1000_144_117_12_1_1,atacseq,atacseq1000,large,1,1.5,without_ls,slackW,0,259.0,True,3.588739
primary,setting2_atacseq1000_144_117_12_1_1,atacseq,atacseq1000,large,1,1.5,without_ls,slackWR,0,284.0,True,3.588739
primary,setting2_atacseq1000_144_117_12_1_2,atacseq,atacseq1000,large,2,1.5,baseline,baseline,67449,7.0,True,0.183198
primary,setting2_atacseq1000_144_117_12_1_2,atacseq,atacseq1000,large,2,1.5,with_ls,press-LS,16819,282.0,True,3.703284
primary,setting2_atacseq1000_144_117_12_1_2,atacseq,atacseq1000,large,2,1.5,with_ls,pressR-LS,15966,307.0,True,3.703284
primary,setting2_atacseq1000_144_117_12_1_2,atacseq,atacseq1000,large,2,1.5,with_ls,pressW-LS,12538,271.0,True,3.703284
primary,setting2_atacseq1000_144_117_12_1_2,atacseq,atacseq1000,large,2,1.5,with_ls,pressWR-LS,11867,297.0,True,3.703284
primary,setting2_atacseq1000_144_117_12_1_2,atacseq,atacseq1000,large,2,1.5,with_ls,slack-LS,13906,291.0,True,3.703284
primary,setting2_atacseq1000_144_117_12_1_2,atacseq,atacseq1000,large,2,1.5,with_ls,slackR-LS,16160,332.0,True,3.703284
primary,setting2_atacseq1000_144_117_12_1_2,atacseq,atacseq1000,large,2,1.5,with_ls,slackW-LS,10734,268.0,True,3.703284
primary,setting2_atacseq1000_144_117_12_1_2,atacseq,atacseq1000,large,2,1.5,with_ls,slackWR-LS,7326,294.0,True,3.703284
primary,setting2_atacseq1000_144_117_12_1_2,atacseq,atacseq1000,large,2,1.5,without_ls,press,17331,261.0,True,3.514939
primary,setting2_atacseq1000_144_117_12_1_2,atacseq,atacseq1000,large,2,1.5,without_ls,pressR,16192,286.0,True,3.514939
primary,setting2_atacseq1000_144_117_12_1_2,atacseq,atacseq1000,large,2,1.5,without_ls,pressW,12638,251.0,True,3.514939
primary,setting2_atacseq1000_144_117_12_1_2,atacseq,atacseq1000,large,2,1.5,without_ls,pressWR,11888,276.0,True,3.514939
primary,setting2_atacseq1000_144_117_12_1_2,atacseq,atacseq1000,large,2,1.5,without_ls,slack,14310,262.0,True,3.514939
primary,setting2_atacseq1000_144_117_12_1_2,atacseq,atacseq1000,large,2,1.5,without_ls,slackR,17614,287.0,True,3.514939
primary,setting2_atacseq1000_144_117_12_1_2,atacseq,atacseq1000,large,2,1.5,without_ls,slackW,10980,248.0,True,3.514939
primary,setting2_atacseq1000_144_117_12_1_2,atacseq,atacseq1000,large,2,1.5,without_ls,slackWR,7378,274.0,True,3.514939
primary,setting2_atacseq1000_144_156_16_1_1,atacseq,atacseq1000,large,1,2.0,baseline,baseline,0,7.0,True,0.181453
primary,setting2_atacseq1000_144_156_16_1_1,atacseq,atacseq1000,large,1,2.0,with_ls,press-LS,0,300.0,True,3.812741
primary,setting2_atacseq1000_144_156_16_1_1,atacseq,atacseq1000,large,1,2.0,with_ls,pressR-LS,0,333.0,True,3.812741
primary,setting2_atacseq1000_144_156_16_1_1,atacseq,atacseq1000,large,1,2.0,with_ls,pressW-LS,0,288.0,True,3.812741
primary,setting2_atacseq1000_144_156_16_1_1,atacseq,atacseq1000,large,1,2.0,with_ls,pressWR-LS,0,317.0,True,3.812741
primary,setting2_atacseq1000_144_156_16_1_1,atacseq,atacseq1000,large,1,2.0,with_ls,slack-LS,0,297.0,True,3.812741
primary,setting2_atacseq1000_144_156_16_1_1,atacseq,atacseq1000,large,1,2.0,with_ls,slackR-LS,0,328.0,True,3.812741
primary,setting2_atacseq1000_144_156_16_1_1,atacseq,atacseq1000,large,1,2.0,with_ls,slackW-LS,0,286.0,True,3.812741
primary,setting2_atacseq1000_144_156_16_1_1,atacseq,atacseq1000,large,1,2.0,with_ls,slackWR-LS,0,320.0,True,3.812741
primary,setting2_atacseq1000_144_156_16_1_1,atacseq,atacseq1000,large,1,2.0,without_ls,press,0,270.0,True,3.613048
primary,setting2_atacseq1000_144_156_16_1_1,atacseq,atacseq1000,large,1,2.0,without_ls,pressR,0,301.0,True,3.613048
primary,setting2_atacseq1000_144_156_16_1_1,atacseq,atacseq1000,large,1,2.0,without_ls,pressW,0,259.0,True,3.613048
primary,setting2_atacseq1000_144_156_16_1_1,atacseq,atacseq1000,large,1,2.0,without_ls,pressWR,0,291.0,True,3.613048
primary,setting2_atacseq1000_144_156_16_1_1,atacseq,atacseq1000,large,1,2.0,without_ls,slack,0,267.0,True,3.613048
primary,setting2_atacseq1000_144_156_16_1_1,atacseq,atacseq1000,large,1,2.0,without_ls,slackR,0,299.0,True,3.613048
primary,setting2_atacseq1000_144_156_16_1_1,atacseq,atacseq1000,large,1,2.0,without_ls,slackW,0,256.0,True,3.613048
primary,setting2_atacseq1000_144_156_16_1_1,atacseq,atacseq1000,large,1,2.0,without_ls,slackWR,0,289.0,True,3.613048
primary,setting2_atacseq1000_144_156_16_1_2,atacseq,atacseq1000,large,2,2.0,baseline,baseline,97950,7.0,True,0.181878
primary,setting2_atacseq1000_144_156_16_1_2,atacseq,atacseq1000,large,2,2.0,with_ls,press-LS,21573,314.0,True,3.984192
primary,setting2_atacseq1000_144_156_16_1_2,atacseq,atacseq1000,large,2,2.0,with_ls,pressR-LS,16913,351.0,True,3.984192
primary,setting2_atacseq1000_144_156_16_1_2,atacseq,atacseq1000,large,2,2.0,with_ls,pressW-LS,18880,322.0,True,3.984192
primary,setting2_atacseq1000_144_156_16_1_2,atacseq,atacseq1000,large,2,2.0,with_ls,pressWR-LS,29482,310.0,True,3.984192
primary,setting2_atacseq1000_144_156_16_1_2,atacseq,atacseq1000,large,2,2.0,with_ls,slack-LS,2580,339.0,True,3.984192
primary,setting2_atacseq1000_144_156_16_1_2,atacseq,atacseq1000,large,2,2.0,with_ls,slackR-LS,3460,353.0,True,3.984192
primary,setting2_atacseq1000_144_156_16_1_2,atacseq,atacseq1000,large,2,2.0,with_ls,slackW-LS,20453,320.0,True,3.984192
primary,setting2_atacseq1000_144_156_16_1_2,atacseq,atacseq1000,large,2,2.0,with_ls,slackWR-LS,23767,327.0,True,3.984192
primary,setting2_atacseq1000_144_156_16_1_2,atacseq,atacseq1000,large,2,2.0,without_ls,press,29274,266.0,True,3.571266
primary,setting2_atacseq1000_144_156_16_1_2,atacseq,atacseq1000,large,2,2.0,without_ls,pressR,19463,299.0,True,3.571266
primary,setting2_atacseq1000_144_156_16_1_2,atacseq,atacseq1000,large,2,2.0,without_ls,pressW,24342,257.0,True,3.571266
primary,setting2_atacseq1000_144_156_16_1_2,atacseq,atacseq1000,large,2,2.0,without_ls,pressWR,29582,285.0,True,3.571266
primary,setting2_atacseq1000_144_156_16_1_2,atacseq,atacseq1000,large,2,2.0,without_ls,slack,5025,263.0,True,3.571266
primary,setting2_atacseq1000_144_156_16_1_2,atacseq,atacseq1000,large,2,2.0,without_ls,slackR,4549,295.0,True,3.571266
primary,setting2_atacseq1000_144_156_16_1_2,atacseq,atacseq1000,large,2,2.0,without_ls,slackW,22383,251.0,True,3.571266
primary,setting2_atacseq1000_144_156_16_1_2,atacseq,atacseq1000,large,2,2.0,without_ls,slackWR,24587,284.0,True,3.571266
primary,setting2_atacseq1000_144_234_24_1_1,atacseq,atacseq1000,large,1,3.0,baseline,baseline,0,7.0,True,0.182891
primary,setting2_atacseq1000_144_234_24_1_1,atacseq,atacseq1000,large,1,3.0,with_ls,press-LS,0,301.0,True,3.956086
primary,setting2_atacseq1000_144_234_24_1_1,atacseq,atacseq1000,large,1,3.0,with_ls,pressR-LS,0,364.0,True,3.956086
primary,setting2_atacseq1000_144_234_24_1_1,atacseq,atacseq1000,large,1,3.0,with_ls,pressW-LS,0,297.0,True,3.956086
primary,setting2_atacseq1000_144_234_24_1_1,atacseq,atacseq1000,large,1,3.0,with_ls,pressWR-LS,0,347.0,True,3.956086
primary,setting2_atacseq1000_144_234_24_1_1,atacseq,atacseq1000,large,1,3.0,with_ls,slack-LS,0,299.0,True,3.956086
primary,setting2_atacseq1000_144_234_24_1_1,atacseq,atacseq1000,large,1,3.0,with_ls,slackR-LS,0,357.0,True,3.956086
primary,setting2_atacseq1000_144_234_24_1_1,atacseq,atacseq1000,large,1,3.0,with_ls,slackW-LS,0,298.0,True,3.956086
primary,setting2_atacseq1000_144_234_24_1_1,atacseq,atacseq1000,large,1,3.0,with_ls,slackWR-LS,0,348.0,True,3.956086
primary,setting2_atacseq1000_144_234_24_1_1,atacseq,atacseq1000,large,1,3.0,without_ls,press,0,273.0,True,3.753912
primary,setting2_atacseq1000_144_234_24_1_1,atacseq,atacseq1000,large,1,3.0,without_ls,pressR,0,331.0,True,3.753912
primary,setting2_atacseq1000_144_234_24_1_1,atacseq,atacseq1000,large,1,3.0,without_ls,pressW,0,266.0,True,3.753912
primary,setting2_atacseq1000_144_234_24_1_1,atacseq,atacseq1000,large,1,3.0,without_ls,pressWR,0,316.0,True,3.753912
primary,setting2_atacseq1000_144_234_24_1_1,atacseq,atacseq1000,large,1,3.0,without_ls,slack,0,271.0,True,3.753912
primary,setting2_atacseq1000_144_234_24_1_1,atacseq,atacseq1000,large,1,3.0,without_ls,slackR,0,326.0,True,3.753912
primary,setting2_atacseq1000_144_234_24_1_1,atacseq,atacseq1000,large,1,3.0,without_ls,slackW,0,267.0,True,3.753912
primary,setting2_atacseq1000_144_234_24_1_1,atacseq,atacseq1000,large,1,3.0,without_ls,slackWR,0,316.0,True,3.753912
primary,setting2_atacseq1000_144_234_24_1_2,atacseq,atacseq1000,large,2,3.0,baseline,baseline,167853,7.0,True,0.1841
primary,setting2_atacseq1000_144_234_24_1_2,atacseq,atacseq1000,large,2,3.0,with_ls,press-LS,39078,322.0,True,4.185484
primary,setting2_atacseq1000_144_234_24_1_2,atacseq,atacseq1000,large,2,3.0,with_ls,pressR-LS,38487,394.0,True,4.185484
primary,setting2_atacseq1000_144_234_24_1_2,atacseq,atacseq1000,large,2,3.0,with_ls,pressW-LS,20494,321.0,True,4.185484
primary,setting2_atacseq1000_144_234_24_1_2,atacseq,atacseq1000,large,2,3.0,with_ls,pressWR-LS,21366,388.0,True,4.185484
primary,setting2_atacseq1000_144_234_24_1_2,atacseq,atacseq1000,large,2,3.0,with_ls,slack-LS,26311,330.0,True,4.185484
primary,setting2_atacseq1000_144_234_24_1_2,atacseq,atacseq1000,large,2,3.0,with_ls,slackR-LS,27020,395.0,True,4.185484
primary,setting2_atacseq1000_144_234_24_1_2,atacseq,atacseq1000,large,2,3.0,with_ls,slackW-LS,24920,311.0,True,4.185484
primary,setting2_atacseq1000_144_234_24_1_2,atacseq,atacseq1000,large,2,3.0,with_ls,slackWR-LS,21576,382.0,True,4.185484
primary,setting2_atacseq1000_144_234_24_1_2,atacseq,atacseq1000,large,2,3.0,without_ls,press,42547,274.0,True,3.819086
primary,setting2_atacseq1000_144_234_24_1_2,atacseq,atacseq1000,large,2,3.0,without_ls,pressR,41919,344.0,True,3.819086
primary,setting2_atacseq1000_144_234_24_1_2,atacseq,atacseq1000,large,2,3.0,without_ls,pressW,22498,270.0,True,3.819086
primary,setting2_atacseq1000_144_234_24_1_2,atacseq,atacseq1000,large,2,3.0,without_ls,pressWR,24892,333.0,True,3.819086
primary,setting2_atacseq1000_144_234_24_1_2,atacseq,atacseq1000,large,2,3.0,without_ls,slack,29675,276.0,True,3.819086
primary,setting2_atacseq1000_144_234_24_1_2,atacseq,atacseq1000,large,2,3.0,without_ls,slackR,29256,340.0,True,3.819086
primary,setting2_atacseq1000_144_234_24_1_2,atacseq,atacseq1000,large,2,3.0,without_ls,slackW,29408,263.0,True,3.819086
primary,setting2_atacseq1000_144_234_24_1_2,atacseq,atacseq1000,large,2,3.0,without_ls,slackWR,24493,334.0,True,3.819086
primary,setting2_atacseq1000_144_78_8_1_1,atacseq,atacseq1000,large,1,1.0,baseline,baseline,0,7.0,True,0.180152
primary,setting2_atacseq1000_144_78_8_1_1,atacseq,atacseq1000,large,1,1.0,with_ls,press-LS,0,260.0,True,3.466226
primary,setting2_atacseq1000_144_78_8_1_1,atacseq,atacseq1000,large,1,1.0,with_ls,pressR-LS,0,277.0,True,3.466226
primary,setting2_atacseq1000_144_78_8_1_1,atacseq,atacseq1000,large,1,1.0,with_ls,pressW-LS,0,251.0,True,3.466226
primary,setting2_atacseq1000_144_78_8_1_1,atacseq,atacseq1000,large,1,1.0,with_ls,pressWR-LS,0,267.0,True,3.466226
primary,setting2_atacseq1000_144_78_8_1_1,atacseq,atacseq1000,large,1,1.0,with_ls,slack-LS,0,261.0,True,3.466226
primary,setting2_atacseq1000_144_78_8_1_1,atacseq,atacseq1000,large,1,1.0,with_ls,slackR-LS,0,280.0,True,3.466226
primary,setting2_atacseq1000_144_78_8_1_1,atacseq,atacseq1000,large,1,1.0,with_ls,slackW-LS,0,253.0,True,3.466226
primary,setting2_atacseq1000_144_78_8_1_1,atacseq,atacseq1000,large,1,1.0,with_ls,slackWR-LS,0,267.0,True,3.466226
primary,setting2_atacseq1000_144_78_8_1_1,atacseq,atacseq1000,large,1,1.0,without_ls,press,0,262.0,True,3.474359
primary,setting2_atacseq1000_144_78_8_1_1,atacseq,atacseq1000,large,1,1.0,without_ls,pressR,0,276.0,True,3.474359
primary,setting2_atacseq1000_144_78_8_1_1,atacseq,atacseq1000,large,1,1.0,without_ls,pressW,0,250.0,True,3.474359
primary,setting2_atacseq1000_144_78_8_1_1,atacseq,atacseq1000,large,1,1.0,without_ls,pressWR,0,267.0,True,3.474359
primary,setting2_atacseq1000_144_78_8_1_1,atacseq,atacseq1000,large,1,1.0,without_ls,slack,0,263.0,True,3.474359
primary,setting2_atacseq1000_144_78_8_1_1,atacseq,atacseq1000,large,1,1.0,without_ls,slackR,0,279.0,True,3.474359
primary,setting2_atacseq1000_144_78_8_1_1,atacseq,atacseq1000,large,1,1.0,without_ls,slackW,0,254.0,True,3.474359
primary,setting2_atacseq1000_144_78_8_1_1,atacseq,atacseq1000,large,1,1.0,without_ls,slackWR,0,271.0,True,3.474359
primary,setting2_atacseq1000_144_78_8_1_2,atacseq,atacseq1000,large,2,1.0,baseline,baseline,63600,7.0,True,0.182536
primary,setting2_atacseq1000_144_78_8_1_2,atacseq,atacseq1000,large,2,1.0,with_ls,press-LS,32974,271.0,True,3.647156
primary,setting2_atacseq1000_144_78_8_1_2,atacseq,atacseq1000,large,2,1.0,with_ls,pressR-LS,33070,306.0,True,3.647156
primary,setting2_atacseq1000_144_78_8_1_2,atacseq,atacseq1000,large,2,1.0,with_ls,pressW-LS,33884,277.0,True,3.647156
primary,setting2_atacseq1000_144_78_8_1_2,atacseq,atacseq1000,large,2,1.0,with_ls,pressWR-LS,33405,281.0,True,3.647156
primary,setting2_atacseq1000_144_78_8_1_2,atacseq,atacseq1000,large,2,1.0,with_ls,slack-LS,33894,289.0,True,3.647156
primary,setting2_atacseq1000_144_78_8_1_2,atacseq,atacseq1000,large,2,1.0,with_ls,slackR-LS,33797,316.0,True,3.647156
primary,setting2_atacseq1000_144_78_8_1_2,atacseq,atacseq1000,large,2,1.0,with_ls,slackW-LS,32854,269.0,True,3.647156
primary,setting2_atacseq1000_144_78_8_1_2,atacseq,atacseq1000,large,2,1.0,with_ls,slackWR-LS,33094,296.0,True,3.647156
primary,setting2_atacseq1000_144_78_8_1_2,atacseq,atacseq1000,large,2,1.0,without_ls,press,34949,246.0,True,3.3846
primary,setting2_atacseq1000_144_78_8_1_2,atacseq,atacseq1000,large,2,1.0,without_ls,pressR,33936,268.0,True,3.3846
primary,setting2_atacseq1000_144_78_8_1_2,atacseq,atacseq1000,large,2,1.0,without_ls,pressW,36329,236.0,True,3.3846
primary,setting2_atacseq1000_144_78_8_1_2,atacseq,atacseq1000,large,2,1.0,without_ls,pressWR,34079,256.0,True,3.3846
primary,setting2_atacseq1000_144_78_8_1_2,atacseq,atacseq1000,large,2,1.0,without_ls,slack,36243,249.0,True,3.3846
primary,setting2_atacseq1000_144_78_8_1_2,atacseq,atacseq1000,large,2,1.0,without_ls,slackR,34679,269.0,True,3.3846
primary,setting2_atacseq1000_144_78_8_1_2,atacseq,atacseq1000,large,2,1.0,without_ls,slackW,34336,239.0,True,3.3846
primary,setting2_atacseq1000_144_78_8_1_2,atacseq,atacseq1000,large,2,1.0,without_ls,slackWR,33763,260.0,True,3.3846
primary,setting2_atacseq1000_72_143_15_1_2,atacseq,atacseq1000,small,2,1.0,baseline,baseline,92630,5.0,True,0.174054
primary,setting2_atacseq1000_72_143_15_1_2,atacseq,atacseq1000,small,2,1.0,with_ls,press-LS,69396,353.0,True,4.329734
primary,setting2_atacseq1000_72_143_15_1_2,atacseq,atacseq1000,small,2,1.0,with_ls,pressR-LS,66545,378.0,True,4.329734
primary,setting2_atacseq1000_72_143_15_1_2,atacseq,atacseq1000,small,2,1.0,with_ls,pressW-LS,65415,362.0,True,4.329734
primary,setting2_atacseq1000_72_143_15_1_2,atacseq,atacseq1000,small,2,1.0,with_ls,pressWR-LS,64189,426.0,True,4.329734
primary,setting2_atacseq1000_72_143_15_1_2,atacseq,atacseq1000,small,2,1.0,with_ls,slack-LS,64173,361.0,True,4.329734
primary,setting2_atacseq1000_72_143_15_1_2,atacseq,atacseq1000,small,2,1.0,with_ls,slackR-LS,66410,464.0,True,4.329734
primary,setting2_atacseq1000_72_143_15_1_2,atacseq,atacseq1000,small,2,1.0,with_ls,slackW-LS,62056,331.0,True,4.329734
primary,setting2_atacseq1000_72_143_15_1_2,atacseq,atacseq1000,small,2,1.0,with_ls,slackWR-LS,62106,346.0,True,4.329734
primary,setting2_atacseq1000_72_143_15_1_2,atacseq,atacseq1000,small,2,1.0,without_ls,press,71852,298.0,True,3.811781
primary,setting2_atacseq1000_72_143_15_1_2,atacseq,atacseq1000,small,2,1.0,without_ls,pressR,67690,333.0,True,3.811781
primary,setting2_atacseq1000_72_143_15_1_2,atacseq,atacseq1000,small,2,1.0,without_ls,pressW,67800,290.0,True,3.811781
primary,setting2_atacseq1000_72_143_15_1_2,atacseq,atacseq1000,small,2,1.0,without_ls,pressWR,66228,323.0,True,3.811781
primary,setting2_atacseq1000_72_143_15_1_2,atacseq,atacseq1000,small,2,1.0,without_ls,slack,65914,301.0,True,3.811781
primary,setting2_atacseq1000_72_143_15_1_2,atacseq,atacseq1000,small,2,1.0,without_ls,slackR,68017,330.0,True,3.811781
primary,setting2_atacseq1000_72_143_15_1_2,atacseq,atacseq1000,small,2,1.0,without_ls,slackW,66826,286.0,True,3.811781
primary,setting2_atacseq1000_72_143_15_1_2,atacseq,atacseq1000,small,2,1.0,without_ls,slackWR,63685,323.0,True,3.811781
primary,setting2_atacseq1000_72_215_22_1_2,atacseq,atacseq1000,small,2,1.5,baseline,baseline,95712,5.0,True,0.174127
primary,setting2_atacseq1000_72_215_22_1_2,atacseq,atacseq1000,small,2,1.5,with_ls,press-LS,850,365.0,True,4.302772
primary,setting2_atacseq1000_72_215_22_1_2,atacseq,atacseq1000,small,2,1.5,with_ls,pressR-LS,300,394.0,True,4.302772
primary,setting2_atacseq1000_72_215_22_1_2,atacseq,atacseq1000,small,2,1.5,with_ls,pressW-LS,62099,337.0,True,4.302772
primary,setting2_atacseq1000_72_215_22_1_2,atacseq,atacseq1000,small,2,1.5,with_ls,pressWR-LS,66260,418.0,True,4.302772
primary,setting2_atacseq1000_72_215_22_1_2,atacseq,atacseq1000,small,2,1.5,with_ls,slack-LS,100,333.0,True,4.302772
primary,setting2_atacseq1000_72_215_22_1_2,atacseq,atacseq1000,small,2,1.5,with_ls,slackR-LS,100,377.0,True,4.302772
primary,setting2_atacseq1000_72_215_22_1_2,atacseq,atacseq1000,small,2,1.5,with_ls,slackW-LS,56583,369.0,True,4.302772
primary,setting2_atacseq1000_72_215_22_1_2,atacseq,atacseq1000,small,2,1.5,with_ls,slackWR-LS,68699,393.0,True,4.302772
primary,setting2_atacseq1000_72_215_22_1_2,atacseq,atacseq1000,small,2,1.5,without_ls,press,1449,306.0,True,3.971264
primary,setting2_atacseq1000_72_215_22_1_2,atacseq,atacseq1000,small,2,1.5,without_ls,pressR,500,363.0,True,3.971264
primary,setting2_atacseq1000_72_215_22_1_2,atacseq,atacseq1000,small,2,1.5,without_ls,pressW,62341,305.0,True,3.971264
primary,setting2_atacseq1000_72_215_22_1_2,atacseq,atacseq1000,small,2,1.5,without_ls,pressWR,66546,352.0,True,3.971264
primary,setting2_atacseq1000_72_215_22_1_2,atacseq,atacseq1000,small,2,1.5,without_ls,slack,200,318.0,True,3.971264
primary,setting2_atacseq1000_72_215_22_1_2,atacseq,atacseq1000,small,2,1.5,without_ls,slackR,100,358.0,True,3.971264
primary,setting2_atacseq1000_72_215_22_1_2,atacseq,atacseq1000,small,2,1.5,without_ls,slackW,57683,301.0,True,3.971264
primary,setting2_atacseq1000_72_215_22_1_2,atacseq,atacseq1000,small,2,1.5,without_ls,slackWR,69421,349.0,True,3.971264
primary,setting2_atacseq1000_72_286_29_1_2,atacseq,atacseq1000,small,2,2.0,baseline,baseline,195718,5.0,True,0.172913
primary,setting2_atacseq1000_72_286_29_1_2,atacseq,atacseq1000,small,2,2.0,with_ls,press-LS,19264,350.0,True,4.591195
primary,setting2_atacseq1000_72_286_29_1_2,atacseq,atacseq1000,small,2,2.0,with_ls,pressR-LS,13314,434.0,True,4.591195
primary,setting2_atacseq1000_72_286_29_1_2,atacseq,atacseq1000,small,2,2.0,with_ls,pressW-LS,50729,411.0,True,4.591195
primary,setting2_atacseq1000_72_286_29_1_2,atacseq,atacseq1000,small,2,2.0,with_ls,pressWR-LS,49911,541.0,True,4.591195
primary,setting2_atacseq1000_72_286_29_1_2,atacseq,atacseq1000,small,2,2.0,with_ls,slack-LS,3370,333.0,True,4.591195
primary,setting2_atacseq1000_72_286_29_1_2,atacseq,atacseq1000,small,2,2.0,with_ls,slackR-LS,1900,443.0,True,4.591195
primary,setting2_atacseq1000_72_286_29_1_2,atacseq,atacseq1000,small,2,2.0,with_ls,slackW-LS,1900,351.0,True,4.591195
primary,setting2_atacseq1000_72_286_29_1_2,atacseq,atacseq1000,small,2,2.0,with_ls,slackWR-LS,2204,415.0,True,4.591195
primary,setting2_atacseq1000_72_286_29_1_2,atacseq,atacseq1000,small,2,2.0,without_ls,press,19686,301.0,True,4.009165
primary,setting2_atacseq1000_72_286_29_1_2,atacseq,atacseq1000,small,2,2.0,without_ls,pressR,13514,381.0,True,4.009165
primary,setting2_atacseq1000_72_286_29_1_2,atacseq,atacseq1000,small,2,2.0,without_ls,pressW,51831,301.0,True,4.009165
primary,setting2_atacseq1000_72_286_29_1_2,atacseq,atacseq1000,small,2,2.0,without_ls,pressWR,50393,367.0,True,4.009165
primary,setting2_atacseq1000_72_286_29_1_2,atacseq,atacseq1000,small,2,2.0,without_ls,slack,4290,292.0,True,4.009165
primary,setting2_atacseq1000_72_286_29_1_2,atacseq,atacseq1000,small,2,2.0,without_ls,slackR,2702,373.0,True,4.009165
primary,setting2_atacseq1000_72_286_29_1_2,atacseq,atacseq1000,small,2,2.0,without_ls,slackW,2950,285.0,True,4.009165
primary,setting2_atacseq1000_72_286_29_1_2,atacseq,atacseq1000,small,2,2.0,without_ls,slackWR,2704,367.0,True,4.009165
primary,setting2_atacseq1000_72_429_43_1_2,atacseq,atacseq1000,small,2,3.0,baseline,baseline,238668,5.0,True,0.178879
primary,setting2_atacseq1000_72_429_43_1_2,atacseq,atacseq1000,small,2,3.0,with_ls,press-LS,4050,416.0,True,4.811737
primary,setting2_atacseq1000_72_429_43_1_2,atacseq,atacseq1000,small,2,3.0,with_ls,pressR-LS,100,504.0,True,4.811737
primary,setting2_atacseq1000_72_429_43_1_2,atacseq,atacseq1000,small,2,3.0,with_ls,pressW-LS,0,392.0,True,4.811737
primary,setting2_atacseq1000_72_429_43_1_2,atacseq,atacseq1000,small,2,3.0,with_ls,pressWR-LS,0,501.0,True,4.811737
primary,setting2_atacseq1000_72_429_43_1_2,atacseq,atacseq1000,small,2,3.0,with_ls,slack-LS,600,358.0,True,4.811737
primary,setting2_atacseq1000_72_429_43_1_2,atacseq,atacseq1000,small,2,3.0,with_ls,slackR-LS,0,470.0,True,4.811737
primary,setting2_atacseq1000_72_429_43_1_2,atacseq,atacseq1000,small,2,3.0,with_ls,slackW-LS,2400,383.0,True,4.811737
primary,setting2_atacseq1000_72_429_43_1_2,atacseq,atacseq1000,small,2,3.0,with_ls,slackWR-LS,0,453.0,True,4.811737
primary,setting2_atacseq1000_72_429_43_1_2,atacseq,atacseq1000,small,2,3.0,without_ls,press,5550,317.0,True,4.325333
primary,setting2_atacseq1000_72_429_43_1_2,atacseq,atacseq1000,small,2,3.0,without_ls,pressR,278,449.0,True,4.325333
primary,setting2_atacseq1000_72_429_43_1_2,atacseq,atacseq1000,small,2,3.0,without_ls,pressW,400,310.0,True,4.325333
primary,setting2_atacseq1000_72_429_43_1_2,atacseq,atacseq1000,small,2,3.0,without_ls,pressWR,266,429.0,True,4.325333
primary,setting2_atacseq1000_72_429_43_1_2,atacseq,atacseq1000,small,2,3.0,without_ls,slack,702,309.0,True,4.325333
primary,setting2_atacseq1000_72_429_43_1_2,atacseq,atacseq1000,small,2,3.0,without_ls,slackR,0,446.0,True,4.325333
primary,setting2_atacseq1000_72_429_43_1_2,atacseq,atacseq1000,small,2,3.0,without_ls,slackW,3300,303.0,True,4.325333
primary,setting2_atacseq1000_72_429_43_1_2,atacseq,atacseq1000,small,2,3.0,without_ls,slackWR,0,431.0,True,4.325333
primary,setting2_atacseq200_144_108_11_1_1,atacseq,atacseq200,large,1,2.0,baseline,baseline,0,2.0,True,0.046286
primary,setting2_atacseq200_144_108_11_1_1,atacseq,atacseq200,large,1,2.0,with_ls,press-LS,0,13.0,True,0.438162
primary,setting2_atacseq200_144_108_11_1_1,atacseq,atacseq200,large,1,2.0,with_ls,pressR-LS,0,18.0,True,0.438162
primary,setting2_atacseq200_144_108_11_1_1,atacseq,atacseq200,large,1,2.0,with_ls,pressW-LS,0,13.0,True,0.438162
primary,setting2_atacseq200_144_108_11_1_1,atacseq,atacseq200,large,1,2.0,with_ls,pressWR-LS,0,18.0,True,0.438162
primary,setting2_atacseq200_144_108_11_1_1,atacseq,atacseq200,large,1,2.0,with_ls,slack-LS,0,14.0,True,0.438162
primary,setting2_atacseq200_144_108_11_1_1,atacseq,atacseq200,large,1,2.0,with_ls,slackR-LS,0,18.0,True,0.438162
primary,setting2_atacseq200_144_108_11_1_1,atacseq,atacseq200,large,1,2.0,with_ls,slackW-LS,0,12.0,True,0.438162
primary,setting2_atacseq200_144_108_11_1_1,atacseq,atacseq200,large,1,2.0,with_ls,slackWR-LS,0,17.0,True,0.438162
primary,setting2_atacseq200_144_108_11_1_1,atacseq,atacseq200,large,1,2.0,without_ls,press,0,9.0,True,0.416979
primary,setting2_atacseq200_144_108_11_1_1,atacseq,atacseq200,large,1,2.0,without_ls,pressR,0,14.0,True,0.416979
primary,setting2_atacseq200_144_108_11_1_1,atacseq,atacseq200,large,1,2.0,without_ls,pressW,0,9.0,True,0.416979
primary,setting2_atacseq200_144_108_11_1_1,atacseq,atacseq200,large,1,2.0,without_ls,pressWR,0,14.0,True,0.416979
primary,setting2_atacseq200_144_108_11_1_1,atacseq,atacseq200,large,1,2.0,without_ls,slack,0,9.0,True,0.416979
primary,setting2_atacseq200_144_108_11_1_1,atacseq,atacseq200,large,1,2.0,without_ls,slackR,0,13.0,True,0.416979
primary,setting2_atacseq200_144_108_11_1_1,atacseq,atacseq200,large,1,2.0,without_ls,slackW,0,8.0,True,0.416979
primary,setting2_atacseq200_144_108_11_1_1,atacseq,atacseq200,large,1,2.0,without_ls,slackWR,0,13.0,True,0.416979
primary,setting2_atacseq200_144_108_11_1_2,atacseq,atacseq200,large,2,2.0,baseline,baseline,18652,2.0,True,0.046519
primary,setting2_atacseq200_144_108_11_1_2,atacseq,atacseq200,large,2,2.0,with_ls,press-LS,8416,14.0,True,0.443633
primary,setting2_atacseq200_144_108_11_1_2,atacseq,atacseq200,large,2,2.0,with_ls,pressR-LS,9220,18.0,True,0.443633
primary,setting2_atacseq200_144_108_11_1_2,atacseq,atacseq200,large,2,2.0,with_ls,pressW-LS,7523,12.0,True,0.443633
primary,setting2_atacseq200_144_108_11_1_2,atacseq,atacseq200,large,2,2.0,with_ls,pressWR-LS,8526,19.0,True,0.443633
primary,setting2_atacseq200_144_108_11_1_2,atacseq,atacseq200,large,2,2.0,with_ls,slack-LS,3406,13.0,True,0.443633
primary,setting2_atacseq200_144_108_11_1_2,atacseq,atacseq200,large,2,2.0,with_ls,slackR-LS,4408,17.0,True,0.443633
primary,setting2_atacseq200_144_108_11_1_2,atacseq,atacseq200,large,2,2.0,with_ls,slackW-LS,902,12.0,True,0.443633
primary,setting2_atacseq200_144_108_11_1_2,atacseq,atacseq200,large,2,2.0,with_ls,slackWR-LS,8524,18.0,True,0.443633
primary,setting2_atacseq200_144_108_11_1_2,atacseq,atacseq200,large,2,2.0,without_ls,press,8616,9.0,True,0.414202
primary,setting2_atacseq200_144_108_11_1_2,atacseq,atacseq200,large,2,2.0,without_ls,pressR,9322,13.0,True,0.414202
primary,setting2_atacseq200_144_108_11_1_2,atacseq,atacseq200,large,2,2.0,without_ls,pressW,7523,9.0,True,0.414202
primary,setting2_atacseq200_144_108_11_1_2,atacseq,atacseq200,large,2,2.0,without_ls,pressWR,8626,13.0,True,0.414202
primary,setting2_atacseq200_144_108_11_1_2,atacseq,atacseq200,large,2,2.0,without_ls,slack,3406,10.0,True,0.414202
primary,setting2_atacseq200_144_108_11_1_2,atacseq,atacseq200,large,2,2.0,without_ls,slackR,4408,13.0,True,0.414202
primary,setting2_atacseq200_144_108_11_1_2,atacseq,atacseq200,large,2,2.0,without_ls,slackW,902,9.0,True,0.414202
primary,setting2_atacseq200_144_108_11_1_2,atacseq,atacseq200,large,2,2.0,without_ls,slackWR,8526,13.0,True,0.414202
primary,setting2_atacseq200_144_162_17_1_1,atacseq,atacseq200,large,1,3.0,baseline,baseline,0,3.0,True,0.047338
primary,setting2_atacseq200_144_162_17_1_1,atacseq,atacseq200,large,1,3.0,with_ls,press-LS,0,14.0,True,0.461299
primary,setting2_atacseq200_144_162_17_1_1,atacseq,atacseq200,large,1,3.0,with_ls,pressR-LS,0,22.0,True,0.461299
primary,setting2_atacseq200_144_162_17_1_1,atacseq,atacseq200,large,1,3.0,with_ls,pressW-LS,0,14.0,True,0.461299
primary,setting2_atacseq200_144_162_17_1_1,atacseq,atacseq200,large,1,3.0,with_ls,pressWR-LS,0,22.0,True,0.461299
primary,setting2_atacseq200_144_162_17_1_1,atacseq,atacseq200,large,1,3.0,with_ls,slack-LS,0,14.0,True,0.461299
primary,setting2_atacseq200_144_162_17_1_1,atacseq,atacseq200,large,1,3.0,with_ls,slackR-LS,0,22.0,True,0.461299
primary,setting2_atacseq200_144_162_17_1_1,atacseq,atacseq200,large,1,3.0,with_ls,slackW-LS,0,13.0,True,0.461299
primary,setting2_atacseq200_144_162_17_1_1,atacseq,atacseq200,large,1,3.0,with_ls,slackWR-LS,0,21.0,True,0.461299
primary,setting2_atacseq200_144_162_17_1_1,atacseq,atacseq200,large,1,3.0,without_ls,press,0,9.0,True,0.436212
primary,setting2_atacseq200_144_162_17_1_1,atacseq,atacseq200,large,1,3.0,without_ls,pressR,0,17.0,True,0.436212
primary,setting2_atacseq200_144_162_17_1_1,atacseq,atacseq200,large,1,3.0,without_ls,pressW,0,9.0,True,0.436212
primary,setting2_atacseq200_144_162_17_1_1,atacseq,atacseq200,large,1,3.0,without_ls,pressWR,0,17.0,True,0.436212
primary,setting2_atacseq200_144_162_17_1_1,atacseq,atacseq200,large,1,3.0,without_ls,slack,0,10.0,True,0.436212
primary,setting2_atacseq200_144_162_17_1_1,atacseq,atacseq200,large,1,3.0,without_ls,slackR,0,17.0,True,0.436212
primary,setting2_atacseq200_144_162_17_1_1,atacseq,atacseq200,large,1,3.0,without_ls,slackW,0,9.0,True,0.436212
primary,setting2_atacseq200_144_162_17_1_1,atacseq,atacseq200,large,1,3.0,without_ls,slackWR,0,17.0,True,0.436212
primary,setting2_atacseq200_144_162_17_1_2,atacseq,atacseq200,large,2,3.0,baseline,baseline,26291,3.0,True,0.046838
primary,setting2_atacseq200_144_162_17_1_2,atacseq,atacseq200,large,2,3.0,with_ls,press-LS,3806,15.0,True,0.48189
primary,setting2_atacseq200_144_162_17_1_2,atacseq,atacseq200,large,2,3.0,with_ls,pressR-LS,8418,24.0,True,0.48189
primary,setting2_atacseq200_144_162_17_1_2,atacseq,atacseq200,large,2,3.0,with_ls,pressW-LS,2808,14.0,True,0.48189
primary,setting2_atacseq200_144_162_17_1_2,atacseq,atacseq200,large,2,3.0,with_ls,pressWR-LS,9938,27.0,True,0.48189
primary,setting2_atacseq200_144_162_17_1_2,atacseq,atacseq200,large,2,3.0,with_ls,slack-LS,2608,15.0,True,0.48189
primary,setting2_atacseq200_144_162_17_1_2,atacseq,atacseq200,large,2,3.0,with_ls,slackR-LS,7214,24.0,True,0.48189
primary,setting2_atacseq200_144_162_17_1_2,atacseq,atacseq200,large,2,3.0,with_ls,slackW-LS,3708,19.0,True,0.48189
primary,setting2_atacseq200_144_162_17_1_2,atacseq,atacseq200,large,2,3.0,with_ls,slackWR-LS,10843,24.0,True,0.48189
primary,setting2_atacseq200_144_162_17_1_2,atacseq,atacseq200,large,2,3.0,without_ls,press,3806,9.0,True,0.43312
primary,setting2_atacseq200_144_162_17_1_2,atacseq,atacseq200,large,2,3.0,without_ls,pressR,8518,17.0,True,0.43312
primary,setting2_atacseq200_144_162_17_1_2,atacseq,atacseq200,large,2,3.0,without_ls,pressW,2808,9.0,True,0.43312
primary,setting2_atacseq200_144_162_17_1_2,atacseq,atacseq200,large,2,3.0,without_ls,pressWR,10240,17.0,True,0.43312
primary,setting2_atacseq200_144_162_17_1_2,atacseq,atacseq200,large,2,3.0,without_ls,slack,2608,10.0,True,0.43312
primary,setting2_atacseq200_144_162_17_1_2,atacseq,atacseq200,large,2,3.0,without_ls,slackR,7416,16.0,True,0.43312
primary,setting2_atacseq200_144_162_17_1_2,atacseq,atacseq200,large,2,3.0,without_ls,slackW,4210,9.0,True,0.43312
primary,setting2_atacseq200_144_162_17_1_2,atacseq,atacseq200,large,2,3.0,without_ls,slackWR,11143,16.0,True,0.43312
primary,setting2_atacseq200_144_54_6_1_1,atacseq,atacseq200,large,1,1.0,baseline,baseline,0,3.0,True,0.04603
primary,setting2_atacseq200_144_54_6_1_1,atacseq,atacseq200,large,1,1.0,with_ls,press-LS,0,11.0,True,0.412668
primary,setting2_atacseq200_144_54_6_1_1,atacseq,atacseq200,large,1,1.0,with_ls,pressR-LS,0,13.0,True,0.412668
primary,setting2_atacseq200_144_54_6_1_1,atacseq,atacseq200,large,1,1.0,with_ls,pressW-LS,0,11.0,True,0.412668
primary,setting2_atacseq200_144_54_6_1_1,atacseq,atacseq200,large,1,1.0,with_ls,pressWR-LS,0,13.0,True,0.412668
primary,setting2_atacseq200_144_54_6_1_1,atacseq,atacseq200,large,1,1.0,with_ls,slack-LS,0,12.0,True,0.412668
primary,setting2_atacseq200_144_54_6_1_1,atacseq,atacseq200,large,1,1.0,with_ls,slackR-LS,0,13.0,True,0.412668
primary,setting2_atacseq200_144_54_6_1_1,atacseq,atacseq200,large,1,1.0,with_ls,slackW-LS,0,11.0,True,0.412668
primary,setting2_atacseq200_144_54_6_1_1,atacseq,atacseq200,large,1,1.0,with_ls,slackWR-LS,0,13.0,True,0.412668
primary,setting2_atacseq200_144_54_6_1_1,atacseq,atacseq200,large,1,1.0,without_ls,press,0,8.0,True,0.399478
primary,setting2_atacseq200_144_54_6_1_1,atacseq,atacseq200,large,1,1.0,without_ls,pressR,0,10.0,True,0.399478
primary,setting2_atacseq200_144_54_6_1_1,atacseq,atacseq200,large,1,1.0,without_ls,pressW,0,8.0,True,0.399478
primary,setting2_atacseq200_144_54_6_1_1,atacseq,atacseq200,large,1,1.0,without_ls,pressWR,0,10.0,True,0.399478
primary,setting2_atacseq200_144_54_6_1_1,atacseq,atacseq200,large,1,1.0,without_ls,slack,0,9.0,True,0.399478
primary,setting2_atacseq200_144_54_6_1_1,atacseq,atacseq200,large,1,1.0,without_ls,slackR,0,10.0,True,0.399478
primary,setting2_atacseq200_144_54_6_1_1,atacseq,atacseq200,large,1,1.0,without_ls,slackW,0,8.0,True,0.399478
primary,setting2_atacseq200_144_54_6_1_1,atacseq,atacseq200,large,1,1.0,without_ls,slackWR,0,10.0,True,0.399478
primary,setting2_atacseq200_144_54_6_1_2,atacseq,atacseq200,large,2,1.0,baseline,baseline,13379,2.0,True,0.046182
primary,setting2_atacseq200_144_54_6_1_2,atacseq,atacseq200,large,2,1.0,with_ls,press-LS,4808,12.0,True,0.422569
primary,setting2_atacseq200_144_54_6_1_2,atacseq,atacseq200,large,2,1.0,with_ls,pressR-LS,4506,14.0,True,0.422569
primary,setting2_atacseq200_144_54_6_1_2,atacseq,atacseq200,large,2,1.0,with_ls,pressW-LS,4808,12.0,True,0.422569
primary,setting2_atacseq200_144_54_6_1_2,atacseq,atacseq200,large,2,1.0,with_ls,pressWR-LS,4608,15.0,True,0.422569
primary,setting2_atacseq200_144_54_6_1_2,atacseq,atacseq200,large,2,1.0,with_ls,slack-LS,4408,11.0,True,0.422569
primary,setting2_atacseq200_144_54_6_1_2,atacseq,atacseq200,large,2,1.0,with_ls,slackR-LS,4608,13.0,True,0.422569
primary,setting2_atacseq200_144_54_6_1_2,atacseq,atacseq200,large,2,1.0,with_ls,slackW-LS,4409,11.0,True,0.422569
primary,setting2_atacseq200_144_54_6_1_2,atacseq,atacseq200,large,2,1.0,with_ls,slackWR-LS,4409,14.0,True,0.422569
primary,setting2_atacseq200_144_54_6_1_2,atacseq,atacseq200,large,2,1.0,without_ls,press,5573,8.0,True,0.394947
primary,setting2_atacseq200_144_54_6_1_2,atacseq,atacseq200,large,2,1.0,without_ls,pressR,4606,11.0,True,0.394947
primary,setting2_atacseq200_144_54_6_1_2,atacseq,atacseq200,large,2,1.0,without_ls,pressW,5072,8.0,True,0.394947
primary,setting2_atacseq200_144_54_6_1_2,atacseq,atacseq200,large,2,1.0,without_ls,pressWR,4608,11.0,True,0.394947
primary,setting2_atacseq200_144_54_6_1_2,atacseq,atacseq200,large,2,1.0,without_ls,slack,4532,9.0,True,0.394947
primary,setting2_atacseq200_144_54_6_1_2,atacseq,atacseq200,large,2,1.0,without_ls,slackR,4608,11.0,True,0.394947
primary,setting2_atacseq200_144_54_6_1_2,atacseq,atacseq200,large,2,1.0,without_ls,slackW,4489,8.0,True,0.394947
primary,setting2_atacseq200_144_54_6_1_2,atacseq,atacseq200,large,2,1.0,without_ls,slackWR,4410,10.0,True,0.394947
primary,setting2_atacseq200_144_81_9_1_1,atacseq,atacseq200,large,1,1.5,baseline,baseline,0,2.0,True,0.046361
primary,setting2_atacseq200_144_81_9_1_1,atacseq,atacseq200,large,1,1.5,with_ls,press-LS,0,12.0,True,0.428494
primary,setting2_atacseq200_144_81_9_1_1,atacseq,atacseq200,large,1,1.5,with_ls,pressR-LS,0,16.0,True,0.428494
primary,setting2_atacseq200_144_81_9_1_1,atacseq,atacseq200,large,1,1.5,with_ls,pressW-LS,0,12.0,True,0.428494
primary,setting2_atacseq200_144_81_9_1_1,atacseq,atacseq200,large,1,1.5,with_ls,pressWR-LS,0,16.0,True,0.428494
primary,setting2_atacseq200_144_81_9_1_1,atacseq,atacseq200,large,1,1.5,with_ls,slack-LS,0,12.0,True,0.428494
primary,setting2_atacseq200_144_81_9_1_1,atacseq,atacseq200,large,1,1.5,with_ls,slackR-LS,0,15.0,True,0.428494
primary,setting2_atacseq200_144_81_9_1_1,atacseq,atacseq200,large,1,1.5,with_ls,slackW-LS,0,12.0,True,0.428494
primary,setting2_atacseq200_144_81_9_1_1,atacseq,atacseq200,large,1,1.5,with_ls,slackWR-LS,0,15.0,True,0.428494
primary,setting2_atacseq200_144_81_9_1_1,atacseq,atacseq200,large,1,1.5,without_ls,press,0,8.0,True,0.410513
primary,setting2_atacseq200_144_81_9_1_1,atacseq,atacseq200,large,1,1.5,without_ls,pressR,0,12.0,True,0.410513
primary,setting2_atacseq200_144_81_9_1_1,atacseq,atacseq200,large,1,1.5,without_ls,pressW,0,8.0,True,0.410513
primary,setting2_atacseq200_144_81_9_1_1,atacseq,atacseq200,large,1,1.5,without_ls,pressWR,0,12.0,True,0.410513
primary,setting2_atacseq200_144_81_9_1_1,atacseq,atacseq200,large,1,1.5,without_ls,slack,0,8.0,True,0.410513
primary,setting2_atacseq200_144_81_9_1_1,atacseq,atacseq200,large,1,1.5,without_ls,slackR,0,12.0,True,0.410513
primary,setting2_atacseq200_144_81_9_1_1,atacseq,atacseq200,large,1,1.5,without_ls,slackW,0,8.0,True,0.410513
primary,setting2_atacseq200_144_81_9_1_1,atacseq,atacseq200,large,1,1.5,without_ls,slackWR,0,12.0,True,0.410513
primary,setting2_atacseq200_144_81_9_1_2,atacseq,atacseq200,large,2,1.5,baseline,baseline,22095,3.0,True,0.046209
primary,setting2_atacseq200_144_81_9_1_2,atacseq,atacseq200,large,2,1.5,with_ls,press-LS,20081,13.0,True,0.451045
primary,setting2_atacseq200_144_81_9_1_2,atacseq,atacseq200,large,2,1.5,with_ls,pressR-LS,13195,17.0,True,0.451045
primary,setting2_atacseq200_144_81_9_1_2,atacseq,atacseq200,large,2,1.5,with_ls,pressW-LS,16234,13.0,True,0.451045
primary,setting2_atacseq200_144_81_9_1_2,atacseq,atacseq200,large,2,1.5,with_ls,pressWR-LS,15632,17.0,True,0.451045
primary,setting2_atacseq200_144_81_9_1_2,atacseq,atacseq200,large,2,1.5,with_ls,slack-LS,21286,13.0,True,0.451045
primary,setting2_atacseq200_144_81_9_1_2,atacseq,atacseq200,large,2,1.5,with_ls,slackR-LS,15107,17.0,True,0.451045
primary,setting2_atacseq200_144_81_9_1_2,atacseq,atacseq200,large,2,1.5,with_ls,slackW-LS,23198,12.0,True,0.451045
primary,setting2_atacseq200_144_81_9_1_2,atacseq,atacseq200,large,2,1.5,with_ls,slackWR-LS,19265,17.0,True,0.451045
primary,setting2_atacseq200_144_81_9_1_2,atacseq,atacseq200,large,2,1.5,without_ls,press,21293,8.0,True,0.406047
primary,setting2_atacseq200_144_81_9_1_2,atacseq,atacseq200,large,2,1.5,without_ls,pressR,14814,12.0,True,0.406047
primary,setting2_atacseq200_144_81_9_1_2,atacseq,atacseq200,large,2,1.5,without_ls,pressW,18441,7.0,True,0.406047
primary,setting2_atacseq200_144_81_9_1_2,atacseq,atacseq200,large,2,1.5,without_ls,pressWR,16455,12.0,True,0.406047
primary,setting2_atacseq200_144_81_9_1_2,atacseq,atacseq200,large,2,1.5,without_ls,slack,22090,9.0,True,0.406047
primary,setting2_atacseq200_144_81_9_1_2,atacseq,atacseq200,large,2,1.5,without_ls,slackR,16326,12.0,True,0.406047
primary,setting2_atacseq200_144_81_9_1_2,atacseq,atacseq200,large,2,1.5,without_ls,slackW,24303,8.0,True,0.406047
primary,setting2_atacseq200_144_81_9_1_2,atacseq,atacseq200,large,2,1.5,without_ls,slackWR,20176,12.0,True,0.406047
primary,setting2_atacseq200_72_110_11_1_2,atacseq,atacseq200,small,2,2.0,baseline,baseline,19763,1.0,True,0.039847
primary,setting2_atacseq200_72_110_11_1_2,atacseq,atacseq200,small,2,2.0,with_ls,press-LS,2504,9.0,True,0.384476
primary,setting2_atacseq200_72_110_11_1_2,atacseq,atacseq200,small,2,2.0,with_ls,pressR-LS,3803,16.0,True,0.384476
primary,setting2_atacseq200_72_110_11_1_2,atacseq,atacseq200,small,2,2.0,with_ls,pressW-LS,1602,9.0,True,0.384476
primary,setting2_atacseq200_72_110_11_1_2,atacseq,atacseq200,small,2,2.0,with_ls,pressWR-LS,3606,14.0,True,0.384476
primary,setting2_atacseq200_72_110_11_1_2,atacseq,atacseq200,small,2,2.0,with_ls,slack-LS,0,9.0,True,0.384476
primary,setting2_atacseq200_72_110_11_1_2,atacseq,atacseq200,small,2,2.0,with_ls,slackR-LS,300,13.0,True,0.384476
primary,setting2_atacseq200_72_110_11_1_2,atacseq,atacseq200,small,2,2.0,with_ls,slackW-LS,2304,8.0,True,0.384476
primary,setting2_atacseq200_72_110_11_1_2,atacseq,atacseq200,small,2,2.0,with_ls,slackWR-LS,3346,17.0,True,0.384476
primary,setting2_atacseq200_72_110_11_1_2,atacseq,atacseq200,small,2,2.0,without_ls,press,2504,7.0,True,0.361491
primary,setting2_atacseq200_72_110_11_1_2,atacseq,atacseq200,small,2,2.0,without_ls,pressR,4204,11.0,True,0.361491
primary,setting2_atacseq200_72_110_11_1_2,atacseq,atacseq200,small,2,2.0,without_ls,pressW,1602,8.0,True,0.361491
primary,setting2_atacseq200_72_110_11_1_2,atacseq,atacseq200,small,2,2.0,without_ls,pressWR,3706,11.0,True,0.361491
primary,setting2_atacseq200_72_110_11_1_2,atacseq,atacseq200,small,2,2.0,without_ls,slack,0,8.0,True,0.361491
primary,setting2_atacseq200_72_110_11_1_2,atacseq,atacseq200,small,2,2.0,without_ls,slackR,300,12.0,True,0.361491
primary,setting2_atacseq200_72_110_11_1_2,atacseq,atacseq200,small,2,2.0,without_ls,slackW,2304,7.0,True,0.361491
primary,setting2_atacseq200_72_110_11_1_2,atacseq,atacseq200,small,2,2.0,without_ls,slackWR,3626,10.0,True,0.361491
primary,setting2_atacseq200_72_165_17_1_2,atacseq,atacseq200,small,2,3.0,baseline,baseline,27671,1.0,True,0.038881
primary,setting2_atacseq200_72_165_17_1_2,atacseq,atacseq200,small,2,3.0,with_ls,press-LS,0,11.0,True,0.385773
primary,setting2_atacseq200_72_165_17_1_2,atacseq,atacseq200,small,2,3.0,with_ls,pressR-LS,300,16.0,True,0.385773
primary,setting2_atacseq200_72_165_17_1_2,atacseq,atacseq200,small,2,3.0,with_ls,pressW-LS,300,11.0,True,0.385773
primary,setting2_atacseq200_72_165_17_1_2,atacseq,atacseq200,small,2,3.0,with_ls,pressWR-LS,300,16.0,True,0.385773
primary,setting2_atacseq200_72_165_17_1_2,atacseq,atacseq200,small,2,3.0,with_ls,slack-LS,0,10.0,True,0.385773
primary,setting2_atacseq200_72_165_17_1_2,atacseq,atacseq200,small,2,3.0,with_ls,slackR-LS,300,16.0,True,0.385773
primary,setting2_atacseq200_72_165_17_1_2,atacseq,atacseq200,small,2,3.0,with_ls,slackW-LS,800,9.0,True,0.385773
primary,setting2_atacseq200_72_165_17_1_2,atacseq,atacseq200,small,2,3.0,with_ls,slackWR-LS,500,15.0,True,0.385773
primary,setting2_atacseq200_72_165_17_1_2,atacseq,atacseq200,small,2,3.0,without_ls,press,0,7.0,True,0.371554
primary,setting2_atacseq200_72_165_17_1_2,atacseq,atacseq200,small,2,3.0,without_ls,pressR,300,14.0,True,0.371554
primary,setting2_atacseq200_72_165_17_1_2,atacseq,atacseq200,small,2,3.0,without_ls,pressW,300,8.0,True,0.371554
primary,setting2_atacseq200_72_165_17_1_2,atacseq,atacseq200,small,2,3.0,without_ls,pressWR,300,14.0,True,0.371554
primary,setting2_atacseq200_72_165_17_1_2,atacseq,atacseq200,small,2,3.0,without_ls,slack,0,8.0,True,0.371554
primary,setting2_atacseq200_72_165_17_1_2,atacseq,atacseq200,small,2,3.0,without_ls,slackR,300,15.0,True,0.371554
primary,setting2_atacseq200_72_165_17_1_2,atacseq,atacseq200,small,2,3.0,without_ls,slackW,800,7.0,True,0.371554
primary,setting2_atacseq200_72_165_17_1_2,atacseq,atacseq200,small,2,3.0,without_ls,slackWR,500,13.0,True,0.371554
primary,setting2_atacseq200_72_55_6_1_2,atacseq,atacseq200,small,2,1.0,baseline,baseline,10690,1.0,True,0.045517
primary,setting2_atacseq200_72_55_6_1_2,atacseq,atacseq200,small,2,1.0,with_ls,press-LS,3864,9.0,True,0.358585
primary,setting2_atacseq200_72_55_6_1_2,atacseq,atacseq200,small,2,1.0,with_ls,pressR-LS,3602,12.0,True,0.358585
primary,setting2_atacseq200_72_55_6_1_2,atacseq,atacseq200,small,2,1.0,with_ls,pressW-LS,3556,9.0,True,0.358585
primary,setting2_atacseq200_72_55_6_1_2,atacseq,atacseq200,small,2,1.0,with_ls,pressWR-LS,3854,11.0,True,0.358585
primary,setting2_atacseq200_72_55_6_1_2,atacseq,atacseq200,small,2,1.0,with_ls,slack-LS,3634,9.0,True,0.358585
primary,setting2_atacseq200_72_55_6_1_2,atacseq,atacseq200,small,2,1.0,with_ls,slackR-LS,3392,11.0,True,0.358585
primary,setting2_atacseq200_72_55_6_1_2,atacseq,atacseq200,small,2,1.0,with_ls,slackW-LS,3882,8.0,True,0.358585
primary,setting2_atacseq200_72_55_6_1_2,atacseq,atacseq200,small,2,1.0,with_ls,slackWR-LS,3970,10.0,True,0.358585
primary,setting2_atacseq200_72_55_6_1_2,atacseq,atacseq200,small,2,1.0,without_ls,press,4034,7.0,True,0.344822
primary,setting2_atacseq200_72_55_6_1_2,atacseq,atacseq200,small,2,1.0,without_ls,pressR,3966,9.0,True,0.344822
primary,setting2_atacseq200_72_55_6_1_2,atacseq,atacseq200,small,2,1.0,without_ls,pressW,3796,7.0,True,0.344822
primary,setting2_atacseq200_72_55_6_1_2,atacseq,atacseq200,small,2,1.0,without_ls,pressWR,4046,9.0,True,0.344822
primary,setting2_atacseq200_72_55_6_1_2,atacseq,atacseq200,small,2,1.0,without_ls,slack,4082,7.0,True,0.344822
primary,setting2_atacseq200_72_55_6_1_2,atacseq,atacseq200,small,2,1.0,without_ls,slackR,3782,9.0,True,0.344822
primary,setting2_atacseq200_72_55_6_1_2,atacseq,atacseq200,small,2,1.0,without_ls,slackW,4072,6.0,True,0.344822
primary,setting2_atacseq200_72_55_6_1_2,atacseq,atacseq200,small,2,1.0,without_ls,slackWR,4412,9.0,True,0.344822
primary,setting2_atacseq200_72_83_9_1_2,atacseq,atacseq200,small,2,1.5,baseline,baseline,23230,1.0,True,0.04446
primary,setting2_atacseq200_72_83_9_1_2,atacseq,atacseq200,small,2,1.5,with_ls,press-LS,16606,9.0,True,0.370739
primary,setting2_atacseq200_72_83_9_1_2,atacseq,atacseq200,small,2,1.5,with_ls,pressR-LS,16750,12.0,True,0.370739
primary,setting2_atacseq200_72_83_9_1_2,atacseq,atacseq200,small,2,1.5,with_ls,pressW-LS,16880,9.0,True,0.370739
primary,setting2_atacseq200_72_83_9_1_2,atacseq,atacseq200,small,2,1.5,with_ls,pressWR-LS,15202,12.0,True,0.370739
primary,setting2_atacseq200_72_83_9_1_2,atacseq,atacseq200,small,2,1.5,with_ls,slack-LS,16141,10.0,True,0.370739
primary,setting2_atacseq200_72_83_9_1_2,atacseq,atacseq200,small,2,1.5,with_ls,slackR-LS,15228,13.0,True,0.370739
primary,setting2_atacseq200_72_83_9_1_2,atacseq,atacseq200,small,2,1.5,with_ls,slackW-LS,17849,10.0,True,0.370739
primary,setting2_atacseq200_72_83_9_1_2,atacseq,atacseq200,small,2,1.5,with_ls,slackWR-LS,18468,13.0,True,0.370739
primary,setting2_atacseq200_72_83_9_1_2,atacseq,atacseq200,small,2,1.5,without_ls,press,19569,6.0,True,0.350788
primary,setting2_atacseq200_72_83_9_1_2,atacseq,atacseq200,small,2,1.5,without_ls,pressR,17578,10.0,True,0.350788
primary,setting2_atacseq200_72_83_9_1_2,atacseq,atacseq200,small,2,1.5,without_ls,pressW,18638,6.0,True,0.350788
primary,setting2_atacseq200_72_83_9_1_2,atacseq,atacseq200,small,2,1.5,without_ls,pressWR,16348,10.0,True,0.350788
primary,setting2_atacseq200_72_83_9_1_2,atacseq,atacseq200,small,2,1.5,without_ls,slack,16981,7.0,True,0.350788
primary,setting2_atacseq200_72_83_9_1_2,atacseq,atacseq200,small,2,1.5,without_ls,slackR,15546,11.0,True,0.350788
primary,setting2_atacseq200_72_83_9_1_2,atacseq,atacseq200,small,2,1.5,without_ls,slackW,19363,6.0,True,0.350788
primary,setting2_atacseq200_72_83_9_1_2,atacseq,atacseq200,small,2,1.5,without_ls,slackWR,19189,9.0,True,0.350788
primary,setting2_bacass_144_21_3_1_1,bacass,bacass,large,1,1.0,baseline,baseline,0,2.0,True,0.014116
primary,setting2_bacass_144_21_3_1_1,bacass,bacass,large,1,1.0,with_ls,press-LS,0,3.0,True,0.091914
primary,setting2_bacass_144_21_3_1_1,bacass,bacass,large,1,1.0,with_ls,pressR-LS,0,3.0,True,0.091914
primary,setting2_bacass_144_21_3_1_1,bacass,bacass,large,1,1.0,with_ls,pressW-LS,0,3.0,True,0.091914
primary,setting2_bacass_144_21_3_1_1,bacass,bacass,large,1,1.0,with_ls,pressWR-LS,0,2.0,True,0.091914
primary,setting2_bacass_144_21_3_1_1,bacass,bacass,large,1,1.0,with_ls,slack-LS,0,3.0,True,0.091914
primary,setting2_bacass_144_21_3_1_1,bacass,bacass,large,1,1.0,with_ls,slackR-LS,0,2.0,True,0.091914
primary,setting2_bacass_144_21_3_1_1,bacass,bacass,large,1,1.0,with_ls,slackW-LS,0,3.0,True,0.091914
primary,setting2_bacass_144_21_3_1_1,bacass,bacass,large,1,1.0,with_ls,slackWR-LS,0,2.0,True,0.091914
primary,setting2_bacass_144_21_3_1_1,bacass,bacass,large,1,1.0,without_ls,press,0,2.0,True,0.083484
primary,setting2_bacass_144_21_3_1_1,bacass,bacass,large,1,1.0,without_ls,pressR,0,1.0,True,0.083484
primary,setting2_bacass_144_21_3_1_1,bacass,bacass,large,1,1.0,without_ls,pressW,0,2.0,True,0.083484
primary,setting2_bacass_144_21_3_1_1,bacass,bacass,large,1,1.0,without_ls,pressWR,0,1.0,True,0.083484
primary,setting2_bacass_144_21_3_1_1,bacass,bacass,large,1,1.0,without_ls,slack,0,2.0,True,0.083484
primary,setting2_bacass_144_21_3_1_1,bacass,bacass,large,1,1.0,without_ls,slackR,0,2.0,True,0.083484
primary,setting2_bacass_144_21_3_1_1,bacass,bacass,large,1,1.0,without_ls,slackW,0,1.0,True,0.083484
primary,setting2_bacass_144_21_3_1_1,bacass,bacass,large,1,1.0,without_ls,slackWR,0,1.0,True,0.083484
primary,setting2_bacass_144_21_3_1_2,bacass,bacass,large,2,1.0,baseline,baseline,1000,2.0,True,0.014297
primary,setting2_bacass_144_21_3_1_2,bacass,bacass,large,2,1.0,with_ls,press-LS,400,2.0,True,0.091893
primary,setting2_bacass_144_21_3_1_2,bacass,bacass,large,2,1.0,with_ls,pressR-LS,400,3.0,True,0.091893
primary,setting2_bacass_144_21_3_1_2,bacass,bacass,large,2,1.0,with_ls,pressW-LS,400,2.0,True,0.091893
primary,setting2_bacass_144_21_3_1_2,bacass,bacass,large,2,1.0,with_ls,pressWR-LS,400,2.0,True,0.091893
primary,setting2_bacass_144_21_3_1_2,bacass,bacass,large,2,1.0,with_ls,slack-LS,800,3.0,True,0.091893
primary,setting2_bacass_144_21_3_1_2,bacass,bacass,large,2,1.0,with_ls,slackR-LS,400,3.0,True,0.091893
primary,setting2_bacass_144_21_3_1_2,bacass,bacass,large,2,1.0,with_ls,slackW-LS,400,3.0,True,0.091893
primary,setting2_bacass_144_21_3_1_2,bacass,bacass,large,2,1.0,with_ls,slackWR-LS,400,3.0,True,0.091893
primary,setting2_bacass_144_21_3_1_2,bacass,bacass,large,2,1.0,without_ls,press,400,2.0,True,0.083797
primary,setting2_bacass_144_21_3_1_2,bacass,bacass,large,2,1.0,without_ls,pressR,400,2.0,True,0.083797
primary,setting2_bacass_144_21_3_1_2,bacass,bacass,large,2,1.0,without_ls,pressW,400,2.0,True,0.083797
primary,setting2_bacass_144_21_3_1_2,bacass,bacass,large,2,1.0,without_ls,pressWR,400,2.0,True,0.083797
primary,setting2_bacass_144_21_3_1_2,bacass,bacass,large,2,1.0,without_ls,slack,800,2.0,True,0.083797
primary,setting2_bacass_144_21_3_1_2,bacass,bacass,large,2,1.0,without_ls,slackR,400,2.0,True,0.083797
primary,setting2_bacass_144_21_3_1_2,bacass,bacass,large,2,1.0,without_ls,slackW,400,2.0,True,0.083797
primary,setting2_bacass_144_21_3_1_2,bacass,bacass,large,2,1.0,without_ls,slackWR,400,1.0,True,0.083797
primary,setting2_bacass_144_32_4_1_1,bacass,bacass,large,1,1.5,baseline,baseline,0,2.0,True,0.014471
primary,setting2_bacass_144_32_4_1_1,bacass,bacass,large,1,1.5,with_ls,press-LS,0,3.0,True,0.094692
primary,setting2_bacass_144_32_4_1_1,bacass,bacass,large,1,1.5,with_ls,pressR-LS,0,4.0,True,0.094692
primary,setting2_bacass_144_32_4_1_1,bacass,bacass,large,1,1.5,with_ls,pressW-LS,0,3.0,True,0.094692
primary,setting2_bacass_144_32_4_1_1,bacass,bacass,large,1,1.5,with_ls,pressWR-LS,0,3.0,True,0.094692
primary,setting2_bacass_144_32_4_1_1,bacass,bacass,large,1,1.5,with_ls,slack-LS,0,3.0,True,0.094692
primary,setting2_bacass_144_32_4_1_1,bacass,bacass,large,1,1.5,with_ls,slackR-LS,0,3.0,True,0.094692
primary,setting2_bacass_144_32_4_1_1,bacass,bacass,large,1,1.5,with_ls,slackW-LS,0,3.0,True,0.094692
primary,setting2_bacass_144_32_4_1_1,bacass,bacass,large,1,1.5,with_ls,slackWR-LS,0,3.0,True,0.094692
primary,setting2_bacass_144_32_4_1_1,bacass,bacass,large,1,1.5,without_ls,press,0,2.0,True,0.083517
primary,setting2_bacass_144_32_4_1_1,bacass,bacass,large,1,1.5,without_ls,pressR,0,2.0,True,0.083517
primary,setting2_bacass_144_32_4_1_1,bacass,bacass,large,1,1.5,without_ls,pressW,0,1.0,True,0.083517
primary,setting2_bacass_144_32_4_1_1,bacass,bacass,large,1,1.5,without_ls,pressWR,0,2.0,True,0.083517
primary,setting2_bacass_144_32_4_1_1,bacass,bacass,large,1,1.5,without_ls,slack,0,2.0,True,0.083517
primary,setting2_bacass_144_32_4_1_1,bacass,bacass,large,1,1.5,without_ls,slackR,0,2.0,True,0.083517
primary,setting2_bacass_144_32_4_1_1,bacass,bacass,large,1,1.5,without_ls,slackW,0,2.0,True,0.083517
primary,setting2_bacass_144_32_4_1_1,bacass,bacass,large,1,1.5,without_ls,slackWR,0,1.0,True,0.083517
primary,setting2_bacass_144_32_4_1_2,bacass,bacass,large,2,1.5,baseline,baseline,1000,2.0,True,0.014605
primary,setting2_bacass_144_32_4_1_2,bacass,bacass,large,2,1.5,with_ls,press-LS,200,3.0,True,0.094733
primary,setting2_bacass_144_32_4_1_2,bacass,bacass,large,2,1.5,with_ls,pressR-LS,200,4.0,True,0.094733
primary,setting2_bacass_144_32_4_1_2,bacass,bacass,large,2,1.5,with_ls,pressW-LS,400,2.0,True,0.094733
primary,setting2_bacass_144_32_4_1_2,bacass,bacass,large,2,1.5,with_ls,pressWR-LS,200,3.0,True,0.094733
primary,setting2_bacass_144_32_4_1_2,bacass,bacass,large,2,1.5,with_ls,slack-LS,200,3.0,True,0.094733
primary,setting2_bacass_144_32_4_1_2,bacass,bacass,large,2,1.5,with_ls,slackR-LS,100,4.0,True,0.094733
primary,setting2_bacass_144_32_4_1_2,bacass,bacass,large,2,1.5,with_ls,slackW-LS,200,2.0,True,0.094733
primary,setting2_bacass_144_32_4_1_2,bacass,bacass,large,2,1.5,with_ls,slackWR-LS,100,4.0,True,0.094733
primary,setting2_bacass_144_32_4_1_2,bacass,bacass,large,2,1.5,without_ls,press,300,2.0,True,0.083176
primary,setting2_bacass_144_32_4_1_2,bacass,bacass,large,2,1.5,without_ls,pressR,300,2.0,True,0.083176
primary,setting2_bacass_144_32_4_1_2,bacass,bacass,large,2,1.5,without_ls,pressW,500,2.0,True,0.083176
primary,setting2_bacass_144_32_4_1_2,bacass,bacass,large,2,1.5,without_ls,pressWR,300,1.0,True,0.083176
primary,setting2_bacass_144_32_4_1_2,bacass,bacass,large,2,1.5,without_ls,slack,300,2.0,True,0.083176
primary,setting2_bacass_144_32_4_1_2,bacass,bacass,large,2,1.5,without_ls,slackR,300,2.0,True,0.083176
primary,setting2_bacass_144_32_4_1_2,bacass,bacass,large,2,1.5,without_ls,slackW,300,1.0,True,0.083176
primary,setting2_bacass_144_32_4_1_2,bacass,bacass,large,2,1.5,without_ls,slackWR,300,1.0,True,0.083176
primary,setting2_bacass_144_42_5_1_1,bacass,bacass,large,1,2.0,baseline,baseline,0,2.0,True,0.014656
primary,setting2_bacass_144_42_5_1_1,bacass,bacass,large,1,2.0,with_ls,press-LS,0,3.0,True,0.093573
primary,setting2_bacass_144_42_5_1_1,bacass,bacass,large,1,2.0,with_ls,pressR-LS,0,3.0,True,0.093573
primary,setting2_bacass_144_42_5_1_1,bacass,bacass,large,1,2.0,with_ls,pressW-LS,0,2.0,True,0.093573
primary,setting2_bacass_144_42_5_1_1,bacass,bacass,large,1,2.0,with_ls,pressWR-LS,0,3.0,True,0.093573
primary,setting2_bacass_144_42_5_1_1,bacass,bacass,large,1,2.0,with_ls,slack-LS,0,3.0,True,0.093573
primary,setting2_bacass_144_42_5_1_1,bacass,bacass,large,1,2.0,with_ls,slackR-LS,0,3.0,True,0.093573
primary,setting2_bacass_144_42_5_1_1,bacass,bacass,large,1,2.0,with_ls,slackW-LS,0,3.0,True,0.093573
primary,setting2_bacass_144_42_5_1_1,bacass,bacass,large,1,2.0,with_ls,slackWR-LS,0,3.0,True,0.093573
primary,setting2_bacass_144_42_5_1_1,bacass,bacass,large,1,2.0,without_ls,press,0,1.0,True,0.084409
primary,setting2_bacass_144_42_5_1_1,bacass,bacass,large,1,2.0,without_ls,pressR,0,2.0,True,0.084409
primary,setting2_bacass_144_42_5_1_1,bacass,bacass,large,1,2.0,without_ls,pressW,0,2.0,True,0.084409
primary,setting2_bacass_144_42_5_1_1,bacass,bacass,large,1,2.0,without_ls,pressWR,0,1.0,True,0.084409
primary,setting2_bacass_144_42_5_1_1,bacass,bacass,large,1,2.0,without_ls,slack,0,2.0,True,0.084409
primary,setting2_bacass_144_42_5_1_1,bacass,bacass,large,1,2.0,without_ls,slackR,0,2.0,True,0.084409
primary,setting2_bacass_144_42_5_1_1,bacass,bacass,large,1,2.0,without_ls,slackW,0,1.0,True,0.084409
primary,setting2_bacass_144_42_5_1_1,bacass,bacass,large,1,2.0,without_ls,slackWR,0,2.0,True,0.084409
primary,setting2_bacass_144_42_5_1_2,bacass,bacass,large,2,2.0,baseline,baseline,1805,2.0,True,0.01352
primary,setting2_bacass_144_42_5_1_2,bacass,bacass,large,2,2.0,with_ls,press-LS,1100,3.0,True,0.097213
primary,setting2_bacass_144_42_5_1_2,bacass,bacass,large,2,2.0,with_ls,pressR-LS,400,4.0,True,0.097213
primary,setting2_bacass_144_42_5_1_2,bacass,bacass,large,2,2.0,with_ls,pressW-LS,900,3.0,True,0.097213
primary,setting2_bacass_144_42_5_1_2,bacass,bacass,large,2,2.0,with_ls,pressWR-LS,602,4.0,True,0.097213
primary,setting2_bacass_144_42_5_1_2,bacass,bacass,large,2,2.0,with_ls,slack-LS,1100,4.0,True,0.097213
primary,setting2_bacass_144_42_5_1_2,bacass,bacass,large,2,2.0,with_ls,slackR-LS,600,4.0,True,0.097213
primary,setting2_bacass_144_42_5_1_2,bacass,bacass,large,2,2.0,with_ls,slackW-LS,300,3.0,True,0.097213
primary,setting2_bacass_144_42_5_1_2,bacass,bacass,large,2,2.0,with_ls,slackWR-LS,300,4.0,True,0.097213
primary,setting2_bacass_144_42_5_1_2,bacass,bacass,large,2,2.0,without_ls,press,1202,2.0,True,0.084867
primary,setting2_bacass_144_42_5_1_2,bacass,bacass,large,2,2.0,without_ls,pressR,400,2.0,True,0.084867
primary,setting2_bacass_144_42_5_1_2,bacass,bacass,large,2,2.0,without_ls,pressW,1200,2.0,True,0.084867
primary,setting2_bacass_144_42_5_1_2,bacass,bacass,large,2,2.0,without_ls,pressWR,602,2.0,True,0.084867
primary,setting2_bacass_144_42_5_1_2,bacass,bacass,large,2,2.0,without_ls,slack,1508,2.0,True,0.084867
primary,setting2_bacass_144_42_5_1_2,bacass,bacass,large,2,2.0,without_ls,slackR,900,2.0,True,0.084867
primary,setting2_bacass_144_42_5_1_2,bacass,bacass,large,2,2.0,without_ls,slackW,400,2.0,True,0.084867
primary,setting2_bacass_144_42_5_1_2,bacass,bacass,large,2,2.0,without_ls,slackWR,300,2.0,True,0.084867
primary,setting2_bacass_144_63_7_1_1,bacass,bacass,large,1,3.0,baseline,baseline,0,2.0,True,0.014964
primary,setting2_bacass_144_63_7_1_1,bacass,bacass,large,1,3.0,with_ls,press-LS,0,3.0,True,0.096386
primary,setting2_bacass_144_63_7_1_1,bacass,bacass,large,1,3.0,with_ls,pressR-LS,0,3.0,True,0.096386
primary,setting2_bacass_144_63_7_1_1,bacass,bacass,large,1,3.0,with_ls,pressW-LS,0,3.0,True,0.096386
primary,setting2_bacass_144_63_7_1_1,bacass,bacass,large,1,3.0,with_ls,pressWR-LS,0,4.0,True,0.096386
primary,setting2_bacass_144_63_7_1_1,bacass,bacass,large,1,3.0,with_ls,slack-LS,0,3.0,True,0.096386
primary,setting2_bacass_144_63_7_1_1,bacass,bacass,large,1,3.0,with_ls,slackR-LS,0,4.0,True,0.096386
primary,setting2_bacass_144_63_7_1_1,bacass,bacass,large,1,3.0,with_ls,slackW-LS,0,3.0,True,0.096386
primary,setting2_bacass_144_63_7_1_1,bacass,bacass,large,1,3.0,with_ls,slackWR-LS,0,4.0,True,0.096386
primary,setting2_bacass_144_63_7_1_1,bacass,bacass,large,1,3.0,without_ls,press,0,2.0,True,0.086618
primary,setting2_bacass_144_63_7_1_1,bacass,bacass,large,1,3.0,without_ls,pressR,0,2.0,True,0.086618
primary,setting2_bacass_144_63_7_1_1,bacass,bacass,large,1,3.0,without_ls,pressW,0,2.0,True,0.086618
primary,setting2_bacass_144_63_7_1_1,bacass,bacass,large,1,3.0,without_ls,pressWR,0,1.0,True,0.086618
primary,setting2_bacass_144_63_7_1_1,bacass,bacass,large,1,3.0,without_ls,slack,0,2.0,True,0.086618
primary,setting2_bacass_144_63_7_1_1,bacass,bacass,large,1,3.0,without_ls,slackR,0,2.0,True,0.086618
primary,setting2_bacass_144_63_7_1_1,bacass,bacass,large,1,3.0,without_ls,slackW,0,2.0,True,0.086618
primary,setting2_bacass_144_63_7_1_1,bacass,bacass,large,1,3.0,without_ls,slackWR,0,1.0,True,0.086618
primary,setting2_bacass_144_63_7_1_2,bacass,bacass,large,2,3.0,baseline,baseline,2316,2.0,True,0.014608
primary,setting2_bacass_144_63_7_1_2,bacass,bacass,large,2,3.0,with_ls,press-LS,700,4.0,True,0.096978
primary,setting2_bacass_144_63_7_1_2,bacass,bacass,large,2,3.0,with_ls,pressR-LS,904,4.0,True,0.096978
primary,setting2_bacass_144_63_7_1_2,bacass,bacass,large,2,3.0,with_ls,pressW-LS,900,4.0,True,0.096978
primary,setting2_bacass_144_63_7_1_2,bacass,bacass,large,2,3.0,with_ls,pressWR-LS,1006,4.0,True,0.096978
primary,setting2_bacass_144_63_7_1_2,bacass,bacass,large,2,3.0,with_ls,slack-LS,200,3.0,True,0.096978
primary,setting2_bacass_144_63_7_1_2,bacass,bacass,large,2,3.0,with_ls,slackR-LS,100,4.0,True,0.096978
primary,setting2_bacass_144_63_7_1_2,bacass,bacass,large,2,3.0,with_ls,slackW-LS,200,3.0,True,0.096978
primary,setting2_bacass_144_63_7_1_2,bacass,bacass,large,2,3.0,with_ls,slackWR-LS,100,4.0,True,0.096978
primary,setting2_bacass_144_63_7_1_2,bacass,bacass,large,2,3.0,without_ls,press,700,2.0,True,0.085889
primary,setting2_bacass_144_63_7_1_2,bacass,bacass,large,2,3.0,without_ls,pressR,906,2.0,True,0.085889
primary,setting2_bacass_144_63_7_1_2,bacass,bacass,large,2,3.0,without_ls,pressW,900,1.0,True,0.085889
primary,setting2_bacass_144_63_7_1_2,bacass,bacass,large,2,3.0,without_ls,pressWR,1106,2.0,True,0.085889
primary,setting2_bacass_144_63_7_1_2,bacass,bacass,large,2,3.0,without_ls,slack,200,2.0,True,0.085889
primary,setting2_bacass_144_63_7_1_2,bacass,bacass,large,2,3.0,without_ls,slackR,200,2.0,True,0.085889
primary,setting2_bacass_144_63_7_1_2,bacass,bacass,large,2,3.0,without_ls,slackW,200,2.0,True,0.085889
primary,setting2_bacass_144_63_7_1_2,bacass,bacass,large,2,3.0,without_ls,slackWR,200,1.0,True,0.085889
primary,setting2_bacass_72_21_3_1_2,bacass,bacass,small,2,1.0,baseline,baseline,1000,0.0,True,0.008321
primary,setting2_bacass_72_21_3_1_2,bacass,bacass,small,2,1.0,with_ls,press-LS,400,0.0,True,0.036707
primary,setting2_bacass_72_21_3_1_2,bacass,bacass,small,2,1.0,with_ls,pressR-LS,400,0.0,True,0.036707
primary,setting2_bacass_72_21_3_1_2,bacass,bacass,small,2,1.0,with_ls,pressW-LS,400,0.0,True,0.036707
primary,setting2_bacass_72_21_3_1_2,bacass,bacass,small,2,1.0,with_ls,pressWR-LS,400,0.0,True,0.036707
primary,setting2_bacass_72_21_3_1_2,bacass,bacass,small,2,1.0,with_ls,slack-LS,800,0.0,True,0.036707
primary,setting2_bacass_72_21_3_1_2,bacass,bacass,small,2,1.0,with_ls,slackR-LS,400,0.0,True,0.036707
primary,setting2_bacass_72_21_3_1_2,bacass,bacass,small,2,1.0,with_ls,slackW-LS,400,0.0,True,0.036707
primary,setting2_bacass_72_21_3_1_2,bacass,bacass,small,2,1.0,with_ls,slackWR-LS,400,0.0,True,0.036707
primary,setting2_bacass_72_21_3_1_2,bacass,bacass,small,2,1.0,without_ls,press,400,0.0,True,0.034624
primary,setting2_bacass_72_21_3_1_2,bacass,bacass,small,2,1.0,without_ls,pressR,400,0.0,True,0.034624
primary,setting2_bacass_72_21_3_1_2,bacass,bacass,small,2,1.0,without_ls,pressW,400,0.0,True,0.034624
primary,setting2_bacass_72_21_3_1_2,bacass,bacass,small,2,1.0,without_ls,pressWR,400,0.0,True,0.034624
primary,setting2_bacass_72_21_3_1_2,bacass,bacass,small,2,1.0,without_ls,slack,800,0.0,True,0.034624
primary,setting2_bacass_72_21_3_1_2,bacass,bacass,small,2,1.0,without_ls,slackR,400,0.0,True,0.034624
primary,setting2_bacass_72_21_3_1_2,bacass,bacass,small,2,1.0,without_ls,slackW,400,0.0,True,0.034624
primary,setting2_bacass_72_21_3_1_2,bacass,bacass,small,2,1.0,without_ls,slackWR,400,0.0,True,0.034624
primary,setting2_bacass_72_32_4_1_2,bacass,bacass,small,2,1.5,baseline,baseline,1000,0.0,True,0.008233
primary,setting2_bacass_72_32_4_1_2,bacass,bacass,small,2,1.5,with_ls,press-LS,200,0.0,True,0.036989
primary,setting2_bacass_72_32_4_1_2,bacass,bacass,small,2,1.5,with_ls,pressR-LS,200,0.0,True,0.036989
primary,setting2_bacass_72_32_4_1_2,bacass,bacass,small,2,1.5,with_ls,pressW-LS,400,0.0,True,0.036989
primary,setting2_bacass_72_32_4_1_2,bacass,bacass,small,2,1.5,with_ls,pressWR-LS,200,0.0,True,0.036989
primary,setting2_bacass_72_32_4_1_2,bacass,bacass,small,2,1.5,with_ls,slack-LS,200,0.0,True,0.036989
primary,setting2_bacass_72_32_4_1_2,bacass,bacass,small,2,1.5,with_ls,slackR-LS,100,0.0,True,0.036989
primary,setting2_bacass_72_32_4_1_2,bacass,bacass,small,2,1.5,with_ls,slackW-LS,200,0.0,True,0.036989
primary,setting2_bacass_72_32_4_1_2,bacass,bacass,small,2,1.5,with_ls,slackWR-LS,100,0.0,True,0.036989
primary,setting2_bacass_72_32_4_1_2,bacass,bacass,small,2,1.5,without_ls,press,300,0.0,True,0.034939
primary,setting2_bacass_72_32_4_1_2,bacass,bacass,small,2,1.5,without_ls,pressR,300,0.0,True,0.034939
primary,setting2_bacass_72_32_4_1_2,bacass,bacass,small,2,1.5,without_ls,pressW,500,0.0,True,0.034939
primary,setting2_bacass_72_32_4_1_2,bacass,bacass,small,2,1.5,without_ls,pressWR,300,0.0,True,0.034939
primary,setting2_bacass_72_32_4_1_2,bacass,bacass,small,2,1.5,without_ls,slack,300,0.0,True,0.034939
primary,setting2_bacass_72_32_4_1_2,bacass,bacass,small,2,1.5,without_ls,slackR,300,0.0,True,0.034939
primary,setting2_bacass_72_32_4_1_2,bacass,bacass,small,2,1.5,without_ls,slackW,300,0.0,True,0.034939
primary,setting2_bacass_72_32_4_1_2,bacass,bacass,small,2,1.5,without_ls,slackWR,300,0.0,True,0.034939
primary,setting2_bacass_72_42_5_1_2,bacass,bacass,small,2,2.0,baseline,baseline,1806,0.0,True,0.008272
primary,setting2_bacass_72_42_5_1_2,bacass,bacass,small,2,2.0,with_ls,press-LS,1200,0.0,True,0.03714
primary,setting2_bacass_72_42_5_1_2,bacass,bacass,small,2,2.0,with_ls,pressR-LS,400,0.0,True,0.03714
primary,setting2_bacass_72_42_5_1_2,bacass,bacass,small,2,2.0,with_ls,pressW-LS,500,0.0,True,0.03714
primary,setting2_bacass_72_42_5_1_2,bacass,bacass,small,2,2.0,with_ls,pressWR-LS,602,0.0,True,0.03714
primary,setting2_bacass_72_42_5_1_2,bacass,bacass,small,2,2.0,with_ls,slack-LS,800,0.0,True,0.03714
primary,setting2_bacass_72_42_5_1_2,bacass,bacass,small,2,2.0,with_ls,slackR-LS,300,0.0,True,0.03714
primary,setting2_bacass_72_42_5_1_2,bacass,bacass,small,2,2.0,with_ls,slackW-LS,400,0.0,True,0.03714
primary,setting2_bacass_72_42_5_1_2,bacass,bacass,small,2,2.0,with_ls,slackWR-LS,300,0.0,True,0.03714
primary,setting2_bacass_72_42_5_1_2,bacass,bacass,small,2,2.0,without_ls,press,1201,0.0,True,0.034957
primary,setting2_bacass_72_42_5_1_2,bacass,bacass,small,2,2.0,without_ls,pressR,400,0.0,True,0.034957
primary,setting2_bacass_72_42_5_1_2,bacass,bacass,small,2,2.0,without_ls,pressW,500,0.0,True,0.034957
primary,setting2_bacass_72_42_5_1_2,bacass,bacass,small,2,2.0,without_ls,pressWR,602,0.0,True,0.034957
primary,setting2_bacass_72_42_5_1_2,bacass,bacass,small,2,2.0,without_ls,slack,809,0.0,True,0.034957
primary,setting2_bacass_72_42_5_1_2,bacass,bacass,small,2,2.0,without_ls,slackR,300,0.0,True,0.034957
primary,setting2_bacass_72_42_5_1_2,bacass,bacass,small,2,2.0,without_ls,slackW,400,0.0,True,0.034957
primary,setting2_bacass_72_42_5_1_2,bacass,bacass,small,2,2.0,without_ls,slackWR,300,0.0,True,0.034957
primary,setting2_bacass_72_63_7_1_2,bacass,bacass,small,2,3.0,baseline,baseline,2313,0.0,True,0.008157
primary,setting2_bacass_72_63_7_1_2,bacass,bacass,small,2,3.0,with_ls,press-LS,628,0.0,True,0.037378
primary,setting2_bacass_72_63_7_1_2,bacass,bacass,small,2,3.0,with_ls,pressR-LS,832,0.0,True,0.037378
primary,setting2_bacass_72_63_7_1_2,bacass,bacass,small,2,3.0,with_ls,pressW-LS,828,0.0,True,0.037378
primary,setting2_bacass_72_63_7_1_2,bacass,bacass,small,2,3.0,with_ls,pressWR-LS,934,0.0,True,0.037378
primary,setting2_bacass_72_63_7_1_2,bacass,bacass,small,2,3.0,with_ls,slack-LS,200,0.0,True,0.037378
primary,setting2_bacass_72_63_7_1_2,bacass,bacass,small,2,3.0,with_ls,slackR-LS,100,0.0,True,0.037378
primary,setting2_bacass_72_63_7_1_2,bacass,bacass,small,2,3.0,with_ls,slackW-LS,200,0.0,True,0.037378
primary,setting2_bacass_72_63_7_1_2,bacass,bacass,small,2,3.0,with_ls,slackWR-LS,100,0.0,True,0.037378
primary,setting2_bacass_72_63_7_1_2,bacass,bacass,small,2,3.0,without_ls,press,628,0.0,True,0.034484
primary,setting2_bacass_72_63_7_1_2,bacass,bacass,small,2,3.0,without_ls,pressR,834,0.0,True,0.034484
primary,setting2_bacass_72_63_7_1_2,bacass,bacass,small,2,3.0,without_ls,pressW,828,0.0,True,0.034484
primary,setting2_bacass_72_63_7_1_2,bacass,bacass,small,2,3.0,without_ls,pressWR,1034,0.0,True,0.034484
primary,setting2_bacass_72_63_7_1_2,bacass,bacass,small,2,3.0,without_ls,slack,200,0.0,True,0.034484
primary,setting2_bacass_72_63_7_1_2,bacass,bacass,small,2,3.0,without_ls,slackR,200,0.0,True,0.034484
primary,setting2_bacass_72_63_7_1_2,bacass,bacass,small,2,3.0,without_ls,slackW,200,0.0,True,0.034484
primary,setting2_bacass_72_63_7_1_2,bacass,bacass,small,2,3.0,without_ls,slackWR,200,0.0,True,0.034484
primary,setting2_eager1000_144_132_14_1_1,eager,eager1000,large,1,1.5,baseline,baseline,0,11.0,True,0.278795
primary,setting2_eager1000_144_132_14_1_1,eager,eager1000,large,1,1.5,with_ls,press-LS,0,715.0,True,7.731033
primary,setting2_eager1000_144_132_14_1_1,eager,eager1000,large,1,1.5,with_ls,pressR-LS,0,757.0,True,7.731033
primary,setting2_eager1000_144_132_14_1_1,eager,eager1000,large,1,1.5,with_ls,pressW-LS,0,670.0,True,7.731033
primary,setting2_eager1000_144_132_14_1_1,eager,eager1000,large,1,1.5,with_ls,pressWR-LS,0,719.0,True,7.731033
primary,setting2_eager1000_144_132_14_1_1,eager,eager1000,large,1,1.5,with_ls,slack-LS,0,702.0,True,7.731033
primary,setting2_eager1000_144_132_14_1_1,eager,eager1000,large,1,1.5,with_ls,slackR-LS,0,743.0,True,7.731033
primary,setting2_eager1000_144_132_14_1_1,eager,eager1000,large,1,1.5,with_ls,slackW-LS,0,658.0,True,7.731033
primary,setting2_eager1000_144_132_14_1_1,eager,eager1000,large,1,1.5,with_ls,slackWR-LS,0,703.0,True,7.731033
primary,setting2_eager1000_144_132_14_1_1,eager,eager1000,large,1,1.5,without_ls,press,0,710.0,True,7.607255
primary,setting2_eager1000_144_132_14_1_1,eager,eager1000,large,1,1.5,without_ls,pressR,0,741.0,True,7.607255
primary,setting2_eager1000_144_132_14_1_1,eager,eager1000,large,1,1.5,without_ls,pressW,0,647.0,True,7.607255
primary,setting2_eager1000_144_132_14_1_1,eager,eager1000,large,1,1.5,without_ls,pressWR,0,696.0,True,7.607255
primary,setting2_eager1000_144_132_14_1_1,eager,eager1000,large,1,1.5,without_ls,slack,0,675.0,True,7.607255
primary,setting2_eager1000_144_132_14_1_1,eager,eager1000,large,1,1.5,without_ls,slackR,0,721.0,True,7.607255
primary,setting2_eager1000_144_132_14_1_1,eager,eager1000,large,1,1.5,without_ls,slackW,0,638.0,True,7.607255
primary,setting2_eager1000_144_132_14_1_1,eager,eager1000,large,1,1.5,without_ls,slackWR,0,685.0,True,7.607255
primary,setting2_eager1000_144_132_14_1_2,eager,eager1000,large,2,1.5,baseline,baseline,128073,11.0,True,0.280094
primary,setting2_eager1000_144_132_14_1_2,eager,eager1000,large,2,1.5,with_ls,press-LS,5644,772.0,True,8.289909
primary,setting2_eager1000_144_132_14_1_2,eager,eager1000,large,2,1.5,with_ls,pressR-LS,23126,812.0,True,8.289909
primary,setting2_eager1000_144_132_14_1_2,eager,eager1000,large,2,1.5,with_ls,pressW-LS,48827,753.0,True,8.289909
primary,setting2_eager1000_144_132_14_1_2,eager,eager1000,large,2,1.5,with_ls,pressWR-LS,39875,762.0,True,8.289909
primary,setting2_eager1000_144_132_14_1_2,eager,eager1000,large,2,1.5,with_ls,slack-LS,56504,823.0,True,8.289909
primary,setting2_eager1000_144_132_14_1_2,eager,eager1000,large,2,1.5,with_ls,slackR-LS,57639,851.0,True,8.289909
primary,setting2_eager1000_144_132_14_1_2,eager,eager1000,large,2,1.5,with_ls,slackW-LS,40801,709.0,True,8.289909
primary,setting2_eager1000_144_132_14_1_2,eager,eager1000,large,2,1.5,with_ls,slackWR-LS,56602,748.0,True,8.289909
primary,setting2_eager1000_144_132_14_1_2,eager,eager1000,large,2,1.5,without_ls,press,6734,724.0,True,7.822484
primary,setting2_eager1000_144_132_14_1_2,eager,eager1000,large,2,1.5,without_ls,pressR,23914,775.0,True,7.822484
primary,setting2_eager1000_144_132_14_1_2,eager,eager1000,large,2,1.5,without_ls,pressW,50430,684.0,True,7.822484
primary,setting2_eager1000_144_132_14_1_2,eager,eager1000,large,2,1.5,without_ls,pressWR,41319,726.0,True,7.822484
primary,setting2_eager1000_144_132_14_1_2,eager,eager1000,large,2,1.5,without_ls,slack,60001,709.0,True,7.822484
primary,setting2_eager1000_144_132_14_1_2,eager,eager1000,large,2,1.5,without_ls,slackR,61407,769.0,True,7.822484
primary,setting2_eager1000_144_132_14_1_2,eager,eager1000,large,2,1.5,without_ls,slackW,41521,660.0,True,7.822484
primary,setting2_eager1000_144_132_14_1_2,eager,eager1000,large,2,1.5,without_ls,slackWR,58748,707.0,True,7.822484
primary,setting2_eager1000_144_176_18_1_1,eager,eager1000,large,1,2.0,baseline,baseline,0,12.0,True,0.278334
primary,setting2_eager1000_144_176_18_1_1,eager,eager1000,large,1,2.0,with_ls,press-LS,0,735.0,True,7.918705
primary,setting2_eager1000_144_176_18_1_1,eager,eager1000,large,1,2.0,with_ls,pressR-LS,0,797.0,True,7.918705
primary,setting2_eager1000_144_176_18_1_1,eager,eager1000,large,1,2.0,with_ls,pressW-LS,0,687.0,True,7.918705
primary,setting2_eager1000_144_176_18_1_1,eager,eager1000,large,1,2.0,with_ls,pressWR-LS,0,746.0,True,7.918705
primary,setting2_eager1000_144_176_18_1_1,eager,eager1000,large,1,2.0,with_ls,slack-LS,0,706.0,True,7.918705
primary,setting2_eager1000_144_176_18_1_1,eager,eager1000,large,1,2.0,with_ls,slackR-LS,0,765.0,True,7.918705
primary,setting2_eager1000_144_176_18_1_1,eager,eager1000,large,1,2.0,with_ls,slackW-LS,0,671.0,True,7.918705
primary,setting2_eager1000_144_176_18_1_1,eager,eager1000,large,1,2.0,with_ls,slackWR-LS,0,739.0,True,7.918705
primary,setting2_eager1000_144_176_18_1_1,eager,eager1000,large,1,2.0,without_ls,press,0,700.0,True,7.703321
primary,setting2_eager1000_144_176_18_1_1,eager,eager1000,large,1,2.0,without_ls,pressR,0,763.0,True,7.703321
primary,setting2_eager1000_144_176_18_1_1,eager,eager1000,large,1,2.0,without_ls,pressW,0,657.0,True,7.703321
primary,setting2_eager1000_144_176_18_1_1,eager,eager1000,large,1,2.0,without_ls,pressWR,0,714.0,True,7.703321
primary,setting2_eager1000_144_176_18_1_1,eager,eager1000,large,1,2.0,without_ls,slack,0,684.0,True,7.703321
primary,setting2_eager1000_144_176_18_1_1,eager,eager1000,large,1,2.0,without_ls,slackR,0,739.0,True,7.703321
primary,setting2_eager1000_144_176_18_1_1,eager,eager1000,large,1,2.0,without_ls,slackW,0,645.0,True,7.703321
primary,setting2_eager1000_144_176_18_1_1,eager,eager1000,large,1,2.0,without_ls,slackWR,0,699.0,True,7.703321
primary,setting2_eager1000_144_176_18_1_2,eager,eager1000,large,2,2.0,baseline,baseline,145942,12.0,True,0.276744
primary,setting2_eager1000_144_176_18_1_2,eager,eager1000,large,2,2.0,with_ls,press-LS,0,718.0,True,7.930785
primary,setting2_eager1000_144_176_18_1_2,eager,eager1000,large,2,2.0,with_ls,pressR-LS,0,789.0,True,7.930785
primary,setting2_eager1000_144_176_18_1_2,eager,eager1000,large,2,2.0,with_ls,pressW-LS,0,675.0,True,7.930785
primary,setting2_eager1000_144_176_18_1_2,eager,eager1000,large,2,2.0,with_ls,pressWR-LS,300,742.0,True,7.930785
primary,setting2_eager1000_144_176_18_1_2,eager,eager1000,large,2,2.0,with_ls,slack-LS,58963,734.0,True,7.930785
primary,setting2_eager1000_144_176_18_1_2,eager,eager1000,large,2,2.0,with_ls,slackR-LS,60113,812.0,True,7.930785
primary,setting2_eager1000_144_176_18_1_2,eager,eager1000,large,2,2.0,with_ls,slackW-LS,0,659.0,True,7.930785
primary,setting2_eager1000_144_176_18_1_2,eager,eager1000,large,2,2.0,with_ls,slackWR-LS,0,728.0,True,7.930785
primary,setting2_eager1000_144_176_18_1_2,eager,eager1000,large,2,2.0,without_ls,press,0,689.0,True,7.669315
primary,setting2_eager1000_144_176_18_1_2,eager,eager1000,large,2,2.0,without_ls,pressR,0,763.0,True,7.669315
primary,setting2_eager1000_144_176_18_1_2,eager,eager1000,large,2,2.0,without_ls,pressW,0,650.0,True,7.669315
primary,setting2_eager1000_144_176_18_1_2,eager,eager1000,large,2,2.0,without_ls,pressWR,300,715.0,True,7.669315
primary,setting2_eager1000_144_176_18_1_2,eager,eager1000,large,2,2.0,without_ls,slack,59380,674.0,True,7.669315
primary,setting2_eager1000_144_176_18_1_2,eager,eager1000,large,2,2.0,without_ls,slackR,61161,732.0,True,7.669315
primary,setting2_eager1000_144_176_18_1_2,eager,eager1000,large,2,2.0,without_ls,slackW,0,632.0,True,7.669315
primary,setting2_eager1000_144_176_18_1_2,eager,eager1000,large,2,2.0,without_ls,slackWR,0,696.0,True,7.669315
primary,setting2_eager1000_144_264_27_1_1,eager,eager1000,large,1,3.0,baseline,baseline,0,11.0,True,0.284172
primary,setting2_eager1000_144_264_27_1_1,eager,eager1000,large,1,3.0,with_ls,press-LS,0,810.0,True,8.646805
primary,setting2_eager1000_144_264_27_1_1,eager,eager1000,large,1,3.0,with_ls,pressR-LS,0,907.0,True,8.646805
primary,setting2_eager1000_144_264_27_1_1,eager,eager1000,large,1,3.0,with_ls,pressW-LS,0,774.0,True,8.646805
primary,setting2_eager1000_144_264_27_1_1,eager,eager1000,large,1,3.0,with_ls,pressWR-LS,0,854.0,True,8.646805
primary,setting2_eager1000_144_264_27_1_1,eager,eager1000,large,1,3.0,with_ls,slack-LS,0,775.0,True,8.646805
primary,setting2_eager1000_144_264_27_1_1,eager,eager1000,large,1,3.0,with_ls,slackR-LS,0,884.0,True,8.646805
primary,setting2_eager1000_144_264_27_1_1,eager,eager1000,large,1,3.0,with_ls,slackW-LS,0,743.0,True,8.646805
primary,setting2_eager1000_144_264_27_1_1,eager,eager1000,large,1,3.0,with_ls,slackWR-LS,0,841.0,True,8.646805
primary,setting2_eager1000_144_264_27_1_1,eager,eager1000,large,1,3.0,without_ls,press,0,728.0,True,8.148647
primary,setting2_eager1000_144_264_27_1_1,eager,eager1000,large,1,3.0,without_ls,pressR,0,829.0,True,8.148647
primary,setting2_eager1000_144_264_27_1_1,eager,eager1000,large,1,3.0,without_ls,pressW,0,740.0,True,8.148647
primary,setting2_eager1000_144_264_27_1_1,eager,eager1000,large,1,3.0,without_ls,pressWR,0,810.0,True,8.148647
primary,setting2_eager1000_144_264_27_1_1,eager,eager1000,large,1,3.0,without_ls,slack,0,692.0,True,8.148647
primary,setting2_eager1000_144_264_27_1_1,eager,eager1000,large,1,3.0,without_ls,slackR,0,794.0,True,8.148647
primary,setting2_eager1000_144_264_27_1_1,eager,eager1000,large,1,3.0,without_ls,slackW,0,661.0,True,8.148647
primary,setting2_eager1000_144_264_27_1_1,eager,eager1000,large,1,3.0,without_ls,slackWR,0,766.0,True,8.148647
primary,setting2_eager1000_144_264_27_1_2,eager,eager1000,large,2,3.0,baseline,baseline,278876,11.0,True,0.280801
primary,setting2_eager1000_144_264_27_1_2,eager,eager1000,large,2,3.0,with_ls,press-LS,3218,785.0,True,8.536887
primary,setting2_eager1000_144_264_27_1_2,eager,eager1000,large,2,3.0,with_ls,pressR-LS,1912,915.0,True,8.536887
primary,setting2_eager1000_144_264_27_1_2,eager,eager1000,large,2,3.0,with_ls,pressW-LS,600,713.0,True,8.536887
primary,setting2_eager1000_144_264_27_1_2,eager,eager1000,large,2,3.0,with_ls,pressWR-LS,0,812.0,True,8.536887
primary,setting2_eager1000_144_264_27_1_2,eager,eager1000,large,2,3.0,with_ls,slack-LS,55870,820.0,True,8.536887
primary,setting2_eager1000_144_264_27_1_2,eager,eager1000,large,2,3.0,with_ls,slackR-LS,61110,977.0,True,8.536887
primary,setting2_eager1000_144_264_27_1_2,eager,eager1000,large,2,3.0,with_ls,slackW-LS,0,661.0,True,8.536887
primary,setting2_eager1000_144_264_27_1_2,eager,eager1000,large,2,3.0,with_ls,slackWR-LS,300,786.0,True,8.536887
primary,setting2_eager1000_144_264_27_1_2,eager,eager1000,large,2,3.0,without_ls,press,4808,732.0,True,8.131317
primary,setting2_eager1000_144_264_27_1_2,eager,eager1000,large,2,3.0,without_ls,pressR,2426,857.0,True,8.131317
primary,setting2_eager1000_144_264_27_1_2,eager,eager1000,large,2,3.0,without_ls,pressW,700,669.0,True,8.131317
primary,setting2_eager1000_144_264_27_1_2,eager,eager1000,large,2,3.0,without_ls,pressWR,0,794.0,True,8.131317
primary,setting2_eager1000_144_264_27_1_2,eager,eager1000,large,2,3.0,without_ls,slack,56416,717.0,True,8.131317
primary,setting2_eager1000_144_264_27_1_2,eager,eager1000,large,2,3.0,without_ls,slackR,61721,821.0,True,8.131317
primary,setting2_eager1000_144_264_27_1_2,eager,eager1000,large,2,3.0,without_ls,slackW,0,657.0,True,8.131317
primary,setting2_eager1000_144_264_27_1_2,eager,eager1000,large,2,3.0,without_ls,slackWR,300,790.0,True,8.131317
primary,setting2_eager1000_144_88_9_1_1,eager,eager1000,large,1,1.0,baseline,baseline,0,11.0,True,0.274617
primary,setting2_eager1000_144_88_9_1_1,eager,eager1000,large,1,1.0,with_ls,press-LS,0,666.0,True,7.365291
primary,setting2_eager1000_144_88_9_1_1,eager,eager1000,large,1,1.0,with_ls,pressR-LS,0,695.0,True,7.365291
primary,setting2_eager1000_144_88_9_1_1,eager,eager1000,large,1,1.0,with_ls,pressW-LS,0,629.0,True,7.365291
primary,setting2_eager1000_144_88_9_1_1,eager,eager1000,large,1,1.0,with_ls,pressWR-LS,0,659.0,True,7.365291
primary,setting2_eager1000_144_88_9_1_1,eager,eager1000,large,1,1.0,with_ls,slack-LS,0,664.0,True,7.365291
primary,setting2_eager1000_144_88_9_1_1,eager,eager1000,large,1,1.0,with_ls,slackR-LS,0,708.0,True,7.365291
primary,setting2_eager1000_144_88_9_1_1,eager,eager1000,large,1,1.0,with_ls,slackW-LS,0,623.0,True,7.365291
primary,setting2_eager1000_144_88_9_1_1,eager,eager1000,large,1,1.0,with_ls,slackWR-LS,0,657.0,True,7.365291
primary,setting2_eager1000_144_88_9_1_1,eager,eager1000,large,1,1.0,without_ls,press,0,680.0,True,7.508634
primary,setting2_eager1000_144_88_9_1_1,eager,eager1000,large,1,1.0,without_ls,pressR,0,713.0,True,7.508634
primary,setting2_eager1000_144_88_9_1_1,eager,eager1000,large,1,1.0,without_ls,pressW,0,638.0,True,7.508634
primary,setting2_eager1000_144_88_9_1_1,eager,eager1000,large,1,1.0,without_ls,pressWR,0,653.0,True,7.508634
primary,setting2_eager1000_144_88_9_1_1,eager,eager1000,large,1,1.0,without_ls,slack,0,680.0,True,7.508634
primary,setting2_eager1000_144_88_9_1_1,eager,eager1000,large,1,1.0,without_ls,slackR,0,718.0,True,7.508634
primary,setting2_eager1000_144_88_9_1_1,eager,eager1000,large,1,1.0,without_ls,slackW,0,637.0,True,7.508634
primary,setting2_eager1000_144_88_9_1_1,eager,eager1000,large,1,1.0,without_ls,slackWR,0,672.0,True,7.508634
primary,setting2_eager1000_144_88_9_1_2,eager,eager1000,large,2,1.0,baseline,baseline,72016,12.0,True,0.28042
primary,setting2_eager1000_144_88_9_1_2,eager,eager1000,large,2,1.0,with_ls,press-LS,29062,714.0,True,7.861747
primary,setting2_eager1000_144_88_9_1_2,eager,eager1000,large,2,1.0,with_ls,pressR-LS,28434,743.0,True,7.861747
primary,setting2_eager1000_144_88_9_1_2,eager,eager1000,large,2,1.0,with_ls,pressW-LS,27846,676.0,True,7.861747
primary,setting2_eager1000_144_88_9_1_2,eager,eager1000,large,2,1.0,with_ls,pressWR-LS,28113,749.0,True,7.861747
primary,setting2_eager1000_144_88_9_1_2,eager,eager1000,large,2,1.0,with_ls,slack-LS,28178,723.0,True,7.861747
primary,setting2_eager1000_144_88_9_1_2,eager,eager1000,large,2,1.0,with_ls,slackR-LS,29972,774.0,True,7.861747
primary,setting2_eager1000_144_88_9_1_2,eager,eager1000,large,2,1.0,with_ls,slackW-LS,29747,680.0,True,7.861747
primary,setting2_eager1000_144_88_9_1_2,eager,eager1000,large,2,1.0,with_ls,slackWR-LS,28025,733.0,True,7.861747
primary,setting2_eager1000_144_88_9_1_2,eager,eager1000,large,2,1.0,without_ls,press,30078,683.0,True,7.556525
primary,setting2_eager1000_144_88_9_1_2,eager,eager1000,large,2,1.0,without_ls,pressR,29129,708.0,True,7.556525
primary,setting2_eager1000_144_88_9_1_2,eager,eager1000,large,2,1.0,without_ls,pressW,29116,653.0,True,7.556525
primary,setting2_eager1000_144_88_9_1_2,eager,eager1000,large,2,1.0,without_ls,pressWR,29902,663.0,True,7.556525
primary,setting2_eager1000_144_88_9_1_2,eager,eager1000,large,2,1.0,without_ls,slack,29686,725.0,True,7.556525
primary,setting2_eager1000_144_88_9_1_2,eager,eager1000,large,2,1.0,without_ls,slackR,32175,742.0,True,7.556525
primary,setting2_eager1000_144_88_9_1_2,eager,eager1000,large,2,1.0,without_ls,slackW,30999,636.0,True,7.556525
primary,setting2_eager1000_144_88_9_1_2,eager,eager1000,large,2,1.0,without_ls,slackWR,30782,666.0,True,7.556525
primary,setting2_eager1000_72_184_19_1_2,eager,eager1000,small,2,1.0,baseline,baseline,129862,9.0,True,0.270262
primary,setting2_eager1000_72_184_19_1_2,eager,eager1000,small,2,1.0,with_ls,press-LS,86964,810.0,True,8.767563
primary,setting2_eager1000_72_184_19_1_2,eager,eager1000,small,2,1.0,with_ls,pressR-LS,84526,891.0,True,8.767563
primary,setting2_eager1000_72_184_19_1_2,eager,eager1000,small,2,1.0,with_ls,pressW-LS,85613,829.0,True,8.767563
primary,setting2_eager1000_72_184_19_1_2,eager,eager1000,small,2,1.0,with_ls,pressWR-LS,86156,846.0,True,8.767563
primary,setting2_eager1000_72_184_19_1_2,eager,eager1000,small,2,1.0,with_ls,slack-LS,86882,819.0,True,8.767563
primary,setting2_eager1000_72_184_19_1_2,eager,eager1000,small,2,1.0,with_ls,slackR-LS,86588,900.0,True,8.767563
primary,setting2_eager1000_72_184_19_1_2,eager,eager1000,small,2,1.0,with_ls,slackW-LS,85747,777.0,True,8.767563
primary,setting2_eager1000_72_184_19_1_2,eager,eager1000,small,2,1.0,with_ls,slackWR-LS,85267,840.0,True,8.767563
primary,setting2_eager1000_72_184_19_1_2,eager,eager1000,small,2,1.0,without_ls,press,87772,758.0,True,8.285072
primary,setting2_eager1000_72_184_19_1_2,eager,eager1000,small,2,1.0,without_ls,pressR,85769,837.0,True,8.285072
primary,setting2_eager1000_72_184_19_1_2,eager,eager1000,small,2,1.0,without_ls,pressW,88424,718.0,True,8.285072
primary,setting2_eager1000_72_184_19_1_2,eager,eager1000,small,2,1.0,without_ls,pressWR,87026,802.0,True,8.285072
primary,setting2_eager1000_72_184_19_1_2,eager,eager1000,small,2,1.0,without_ls,slack,87531,771.0,True,8.285072
primary,setting2_eager1000_72_184_19_1_2,eager,eager1000,small,2,1.0,without_ls,slackR,86904,849.0,True,8.285072
primary,setting2_eager1000_72_184_19_1_2,eager,eager1000,small,2,1.0,without_ls,slackW,87887,710.0,True,8.285072
primary,setting2_eager1000_72_184_19_1_2,eager,eager1000,small,2,1.0,without_ls,slackWR,86826,789.0,True,8.285072
primary,setting2_eager1000_72_276_28_1_2,eager,eager1000,small,2,1.5,baseline,baseline,248753,10.0,True,0.267356
primary,setting2_eager1000_72_276_28_1_2,eager,eager1000,small,2,1.5,with_ls,press-LS,111562,1032.0,True,10.58245
primary,setting2_eager1000_72_276_28_1_2,eager,eager1000,small,2,1.5,with_ls,pressR-LS,143425,1115.0,True,10.58245
primary,setting2_eager1000_72_276_28_1_2,eager,eager1000,small,2,1.5,with_ls,pressW-LS,125826,1130.0,True,10.58245
primary,setting2_eager1000_72_276_28_1_2,eager,eager1000,small,2,1.5,with_ls,pressWR-LS,148487,1103.0,True,10.58245
primary,setting2_eager1000_72_276_28_1_2,eager,eager1000,small,2,1.5,with_ls,slack-LS,119811,934.0,True,10.58245
primary,setting2_eager1000_72_276_28_1_2,eager,eager1000,small,2,1.5,with_ls,slackR-LS,122511,1094.0,True,10.58245
primary,setting2_eager1000_72_276_28_1_2,eager,eager1000,small,2,1.5,with_ls,slackW-LS,57720,1042.0,True,10.58245
primary,setting2_eager1000_72_276_28_1_2,eager,eager1000,small,2,1.5,with_ls,slackWR-LS,63440,1113.0,True,10.58245
primary,setting2_eager1000_72_276_28_1_2,eager,eager1000,small,2,1.5,without_ls,press,113502,766.0,True,8.457107
primary,setting2_eager1000_72_276_28_1_2,eager,eager1000,small,2,1.5,without_ls,pressR,146460,873.0,True,8.457107
primary,setting2_eager1000_72_276_28_1_2,eager,eager1000,small,2,1.5,without_ls,pressW,128672,732.0,True,8.457107
primary,setting2_eager1000_72_276_28_1_2,eager,eager1000,small,2,1.5,without_ls,pressWR,151921,841.0,True,8.457107
primary,setting2_eager1000_72_276_28_1_2,eager,eager1000,small,2,1.5,without_ls,slack,121283,770.0,True,8.457107
primary,setting2_eager1000_72_276_28_1_2,eager,eager1000,small,2,1.5,without_ls,slackR,124137,878.0,True,8.457107
primary,setting2_eager1000_72_276_28_1_2,eager,eager1000,small,2,1.5,without_ls,slackW,61645,713.0,True,8.457107
primary,setting2_eager1000_72_276_28_1_2,eager,eager1000,small,2,1.5,without_ls,slackWR,66632,825.0,True,8.457107
primary,setting2_eager1000_72_368_37_1_2,eager,eager1000,small,2,2.0,baseline,baseline,233895,10.0,True,0.269863
primary,setting2_eager1000_72_368_37_1_2,eager,eager1000,small,2,2.0,with_ls,press-LS,103318,937.0,True,9.905881
primary,setting2_eager1000_72_368_37_1_2,eager,eager1000,small,2,2.0,with_ls,pressR-LS,126860,1090.0,True,9.905881
primary,setting2_eager1000_72_368_37_1_2,eager,eager1000,small,2,2.0,with_ls,pressW-LS,123905,874.0,True,9.905881
primary,setting2_eager1000_72_368_37_1_2,eager,eager1000,small,2,2.0,with_ls,pressWR-LS,148200,1009.0,True,9.905881
primary,setting2_eager1000_72_368_37_1_2,eager,eager1000,small,2,2.0,with_ls,slack-LS,112747,960.0,True,9.905881
primary,setting2_eager1000_72_368_37_1_2,eager,eager1000,small,2,2.0,with_ls,slackR-LS,122779,1120.0,True,9.905881
primary,setting2_eager1000_72_368_37_1_2,eager,eager1000,small,2,2.0,with_ls,slackW-LS,123616,837.0,True,9.905881
primary,setting2_eager1000_72_368_37_1_2,eager,eager1000,small,2,2.0,with_ls,slackWR-LS,130509,1023.0,True,9.905881
primary,setting2_eager1000_72_368_37_1_2,eager,eager1000,small,2,2.0,without_ls,press,103568,778.0,True,8.753178
primary,setting2_eager1000_72_368_37_1_2,eager,eager1000,small,2,2.0,without_ls,pressR,127436,947.0,True,8.753178
primary,setting2_eager1000_72_368_37_1_2,eager,eager1000,small,2,2.0,without_ls,pressW,124476,721.0,True,8.753178
primary,setting2_eager1000_72_368_37_1_2,eager,eager1000,small,2,2.0,without_ls,pressWR,148502,891.0,True,8.753178
primary,setting2_eager1000_72_368_37_1_2,eager,eager1000,small,2,2.0,without_ls,slack,112931,764.0,True,8.753178
primary,setting2_eager1000_72_368_37_1_2,eager,eager1000,small,2,2.0,without_ls,slackR,123666,968.0,True,8.753178
primary,setting2_eager1000_72_368_37_1_2,eager,eager1000,small,2,2.0,without_ls,slackW,125097,714.0,True,8.753178
primary,setting2_eager1000_72_368_37_1_2,eager,eager1000,small,2,2.0,without_ls,slackWR,131415,887.0,True,8.753178
primary,setting2_eager1000_72_552_56_1_2,eager,eager1000,small,2,3.0,baseline,baseline,364275,10.0,True,0.269498
primary,setting2_eager1000_72_552_56_1_2,eager,eager1000,small,2,3.0,with_ls,press-LS,504,849.0,True,12.120965
primary,setting2_eager1000_72_552_56_1_2,eager,eager1000,small,2,3.0,with_ls,pressR-LS,1684,1157.0,True,12.120965
primary,setting2_eager1000_72_552_56_1_2,eager,eager1000,small,2,3.0,with_ls,pressW-LS,46069,1225.0,True,12.120965
primary,setting2_eager1000_72_552_56_1_2,eager,eager1000,small,2,3.0,with_ls,pressWR-LS,35152,1531.0,True,12.120965
primary,setting2_eager1000_72_552_56_1_2,eager,eager1000,small,2,3.0,with_ls,slack-LS,29730,1224.0,True,12.120965
primary,setting2_eager1000_72_552_56_1_2,eager,eager1000,small,2,3.0,with_ls,slackR-LS,32562,1436.0,True,12.120965
primary,setting2_eager1000_72_552_56_1_2,eager,eager1000,small,2,3.0,with_ls,slackW-LS,9386,1192.0,True,12.120965
primary,setting2_eager1000_72_552_56_1_2,eager,eager1000,small,2,3.0,with_ls,slackWR-LS,8230,1456.0,True,12.120965
primary,setting2_eager1000_72_552_56_1_2,eager,eager1000,small,2,3.0,without_ls,press,504,786.0,True,9.506084
primary,setting2_eager1000_72_552_56_1_2,eager,eager1000,small,2,3.0,without_ls,pressR,1684,1091.0,True,9.506084
primary,setting2_eager1000_72_552_56_1_2,eager,eager1000,small,2,3.0,without_ls,pressW,49927,780.0,True,9.506084
primary,setting2_eager1000_72_552_56_1_2,eager,eager1000,small,2,3.0,without_ls,pressWR,38460,1060.0,True,9.506084
primary,setting2_eager1000_72_552_56_1_2,eager,eager1000,small,2,3.0,without_ls,slack,33493,819.0,True,9.506084
primary,setting2_eager1000_72_552_56_1_2,eager,eager1000,small,2,3.0,without_ls,slackR,35435,1094.0,True,9.506084
primary,setting2_eager1000_72_552_56_1_2,eager,eager1000,small,2,3.0,without_ls,slackW,11815,756.0,True,9.506084
primary,setting2_eager1000_72_552_56_1_2,eager,eager1000,small,2,3.0,without_ls,slackWR,13170,1047.0,True,9.506084
primary,setting2_eager200_144_108_11_1_1,eager,eager200,large,1,1.5,baseline,baseline,0,3.0,True,0.062499
primary,setting2_eager200_144_108_11_1_1,eager,eager200,large,1,1.5,with_ls,press-LS,0,24.0,True,0.663315
primary,setting2_eager200_144_108_11_1_1,eager,eager200,large,1,1.5,with_ls,pressR-LS,0,32.0,True,0.663315
primary,setting2_eager200_144_108_11_1_1,eager,eager200,large,1,1.5,with_ls,pressW-LS,0,24.0,True,0.663315
primary,setting2_eager200_144_108_11_1_1,eager,eager200,large,1,1.5,with_ls,pressWR-LS,0,31.0,True,0.663315
primary,setting2_eager200_144_108_11_1_1,eager,eager200,large,1,1.5,with_ls,slack-LS,0,25.0,True,0.663315
primary,setting2_eager200_144_108_11_1_1,eager,eager200,large,1,1.5,with_ls,slackR-LS,0,33.0,True,0.663315
primary,setting2_eager200_144_108_11_1_1,eager,eager200,large,1,1.5,with_ls,slackW-LS,0,24.0,True,0.663315
primary,setting2_eager200_144_108_11_1_1,eager,eager200,large,1,1.5,with_ls,slackWR-LS,0,32.0,True,0.663315
primary,setting2_eager200_144_108_11_1_1,eager,eager200,large,1,1.5,without_ls,press,0,20.0,True,0.63804
primary,setting2_eager200_144_108_11_1_1,eager,eager200,large,1,1.5,without_ls,pressR,0,28.0,True,0.63804
primary,setting2_eager200_144_108_11_1_1,eager,eager200,large,1,1.5,without_ls,pressW,0,19.0,True,0.63804
primary,setting2_eager200_144_108_11_1_1,eager,eager200,large,1,1.5,without_ls,pressWR,0,27.0,True,0.63804
primary,setting2_eager200_144_108_11_1_1,eager,eager200,large,1,1.5,without_ls,slack,0,20.0,True,0.63804
primary,setting2_eager200_144_108_11_1_1,eager,eager200,large,1,1.5,without_ls,slackR,0,29.0,True,0.63804
primary,setting2_eager200_144_108_11_1_1,eager,eager200,large,1,1.5,without_ls,slackW,0,19.0,True,0.63804
primary,setting2_eager200_144_108_11_1_1,eager,eager200,large,1,1.5,without_ls,slackWR,0,27.0,True,0.63804
primary,setting2_eager200_144_108_11_1_2,eager,eager200,large,2,1.5,baseline,baseline,20614,3.0,True,0.063232
primary,setting2_eager200_144_108_11_1_2,eager,eager200,large,2,1.5,with_ls,press-LS,300,24.0,True,0.661804
primary,setting2_eager200_144_108_11_1_2,eager,eager200,large,2,1.5,with_ls,pressR-LS,2136,35.0,True,0.661804
primary,setting2_eager200_144_108_11_1_2,eager,eager200,large,2,1.5,with_ls,pressW-LS,0,23.0,True,0.661804
primary,setting2_eager200_144_108_11_1_2,eager,eager200,large,2,1.5,with_ls,pressWR-LS,2228,32.0,True,0.661804
primary,setting2_eager200_144_108_11_1_2,eager,eager200,large,2,1.5,with_ls,slack-LS,0,24.0,True,0.661804
primary,setting2_eager200_144_108_11_1_2,eager,eager200,large,2,1.5,with_ls,slackR-LS,300,32.0,True,0.661804
primary,setting2_eager200_144_108_11_1_2,eager,eager200,large,2,1.5,with_ls,slackW-LS,0,22.0,True,0.661804
primary,setting2_eager200_144_108_11_1_2,eager,eager200,large,2,1.5,with_ls,slackWR-LS,0,30.0,True,0.661804
primary,setting2_eager200_144_108_11_1_2,eager,eager200,large,2,1.5,without_ls,press,300,20.0,True,0.632296
primary,setting2_eager200_144_108_11_1_2,eager,eager200,large,2,1.5,without_ls,pressR,2438,27.0,True,0.632296
primary,setting2_eager200_144_108_11_1_2,eager,eager200,large,2,1.5,without_ls,pressW,0,19.0,True,0.632296
primary,setting2_eager200_144_108_11_1_2,eager,eager200,large,2,1.5,without_ls,pressWR,2430,27.0,True,0.632296
primary,setting2_eager200_144_108_11_1_2,eager,eager200,large,2,1.5,without_ls,slack,0,19.0,True,0.632296
primary,setting2_eager200_144_108_11_1_2,eager,eager200,large,2,1.5,without_ls,slackR,300,27.0,True,0.632296
primary,setting2_eager200_144_108_11_1_2,eager,eager200,large,2,1.5,without_ls,slackW,0,19.0,True,0.632296
primary,setting2_eager200_144_108_11_1_2,eager,eager200,large,2,1.5,without_ls,slackWR,0,26.0,True,0.632296
primary,setting2_eager200_144_144_15_1_1,eager,eager200,large,1,2.0,baseline,baseline,0,3.0,True,0.06321
primary,setting2_eager200_144_144_15_1_1,eager,eager200,large,1,2.0,with_ls,press-LS,0,27.0,True,0.69433
primary,setting2_eager200_144_144_15_1_1,eager,eager200,large,1,2.0,with_ls,pressR-LS,0,37.0,True,0.69433
primary,setting2_eager200_144_144_15_1_1,eager,eager200,large,1,2.0,with_ls,pressW-LS,0,26.0,True,0.69433
primary,setting2_eager200_144_144_15_1_1,eager,eager200,large,1,2.0,with_ls,pressWR-LS,0,37.0,True,0.69433
primary,setting2_eager200_144_144_15_1_1,eager,eager200,large,1,2.0,with_ls,slack-LS,0,26.0,True,0.69433
primary,setting2_eager200_144_144_15_1_1,eager,eager200,large,1,2.0,with_ls,slackR-LS,0,39.0,True,0.69433
primary,setting2_eager200_144_144_15_1_1,eager,eager200,large,1,2.0,with_ls,slackW-LS,0,26.0,True,0.69433
primary,setting2_eager200_144_144_15_1_1,eager,eager200,large,1,2.0,with_ls,slackWR-LS,0,37.0,True,0.69433
primary,setting2_eager200_144_144_15_1_1,eager,eager200,large,1,2.0,without_ls,press,0,20.0,True,0.648998
primary,setting2_eager200_144_144_15_1_1,eager,eager200,large,1,2.0,without_ls,pressR,0,30.0,True,0.648998
primary,setting2_eager200_144_144_15_1_1,eager,eager200,large,1,2.0,without_ls,pressW,0,19.0,True,0.648998
primary,setting2_eager200_144_144_15_1_1,eager,eager200,large,1,2.0,without_ls,pressWR,0,30.0,True,0.648998
primary,setting2_eager200_144_144_15_1_1,eager,eager200,large,1,2.0,without_ls,slack,0,20.0,True,0.648998
primary,setting2_eager200_144_144_15_1_1,eager,eager200,large,1,2.0,without_ls,slackR,0,32.0,True,0.648998
primary,setting2_eager200_144_144_15_1_1,eager,eager200,large,1,2.0,without_ls,slackW,0,18.0,True,0.648998
primary,setting2_eager200_144_144_15_1_1,eager,eager200,large,1,2.0,without_ls,slackWR,0,29.0,True,0.648998
primary,setting2_eager200_144_144_15_1_2,eager,eager200,large,2,2.0,baseline,baseline,27837,3.0,True,0.06283
primary,setting2_eager200_144_144_15_1_2,eager,eager200,large,2,2.0,with_ls,press-LS,5394,26.0,True,0.695804
primary,setting2_eager200_144_144_15_1_2,eager,eager200,large,2,2.0,with_ls,pressR-LS,7246,39.0,True,0.695804
primary,setting2_eager200_144_144_15_1_2,eager,eager200,large,2,2.0,with_ls,pressW-LS,6614,27.0,True,0.695804
primary,setting2_eager200_144_144_15_1_2,eager,eager200,large,2,2.0,with_ls,pressWR-LS,7334,43.0,True,0.695804
primary,setting2_eager200_144_144_15_1_2,eager,eager200,large,2,2.0,with_ls,slack-LS,2804,27.0,True,0.695804
primary,setting2_eager200_144_144_15_1_2,eager,eager200,large,2,2.0,with_ls,slackR-LS,0,36.0,True,0.695804
primary,setting2_eager200_144_144_15_1_2,eager,eager200,large,2,2.0,with_ls,slackW-LS,500,22.0,True,0.695804
primary,setting2_eager200_144_144_15_1_2,eager,eager200,large,2,2.0,with_ls,slackWR-LS,0,34.0,True,0.695804
primary,setting2_eager200_144_144_15_1_2,eager,eager200,large,2,2.0,without_ls,press,5394,20.0,True,0.646774
primary,setting2_eager200_144_144_15_1_2,eager,eager200,large,2,2.0,without_ls,pressR,7348,31.0,True,0.646774
primary,setting2_eager200_144_144_15_1_2,eager,eager200,large,2,2.0,without_ls,pressW,7014,19.0,True,0.646774
primary,setting2_eager200_144_144_15_1_2,eager,eager200,large,2,2.0,without_ls,pressWR,7342,30.0,True,0.646774
primary,setting2_eager200_144_144_15_1_2,eager,eager200,large,2,2.0,without_ls,slack,3023,20.0,True,0.646774
primary,setting2_eager200_144_144_15_1_2,eager,eager200,large,2,2.0,without_ls,slackR,0,31.0,True,0.646774
primary,setting2_eager200_144_144_15_1_2,eager,eager200,large,2,2.0,without_ls,slackW,500,17.0,True,0.646774
primary,setting2_eager200_144_144_15_1_2,eager,eager200,large,2,2.0,without_ls,slackWR,0,30.0,True,0.646774
primary,setting2_eager200_144_216_22_1_1,eager,eager200,large,1,3.0,baseline,baseline,0,3.0,True,0.063481
primary,setting2_eager200_144_216_22_1_1,eager,eager200,large,1,3.0,with_ls,press-LS,0,30.0,True,0.738727
primary,setting2_eager200_144_216_22_1_1,eager,eager200,large,1,3.0,with_ls,pressR-LS,0,47.0,True,0.738727
primary,setting2_eager200_144_216_22_1_1,eager,eager200,large,1,3.0,with_ls,pressW-LS,0,29.0,True,0.738727
primary,setting2_eager200_144_216_22_1_1,eager,eager200,large,1,3.0,with_ls,pressWR-LS,0,46.0,True,0.738727
primary,setting2_eager200_144_216_22_1_1,eager,eager200,large,1,3.0,with_ls,slack-LS,0,28.0,True,0.738727
primary,setting2_eager200_144_216_22_1_1,eager,eager200,large,1,3.0,with_ls,slackR-LS,0,47.0,True,0.738727
primary,setting2_eager200_144_216_22_1_1,eager,eager200,large,1,3.0,with_ls,slackW-LS,0,27.0,True,0.738727
primary,setting2_eager200_144_216_22_1_1,eager,eager200,large,1,3.0,with_ls,slackWR-LS,0,46.0,True,0.738727
primary,setting2_eager200_144_216_22_1_1,eager,eager200,large,1,3.0,without_ls,press,0,23.0,True,0.697957
primary,setting2_eager200_144_216_22_1_1,eager,eager200,large,1,3.0,without_ls,pressR,0,40.0,True,0.697957
primary,setting2_eager200_144_216_22_1_1,eager,eager200,large,1,3.0,without_ls,pressW,0,22.0,True,0.697957
primary,setting2_eager200_144_216_22_1_1,eager,eager200,large,1,3.0,without_ls,pressWR,0,37.0,True,0.697957
primary,setting2_eager200_144_216_22_1_1,eager,eager200,large,1,3.0,without_ls,slack,0,21.0,True,0.697957
primary,setting2_eager200_144_216_22_1_1,eager,eager200,large,1,3.0,without_ls,slackR,0,40.0,True,0.697957
primary,setting2_eager200_144_216_22_1_1,eager,eager200,large,1,3.0,without_ls,slackW,0,20.0,True,0.697957
primary,setting2_eager200_144_216_22_1_1,eager,eager200,large,1,3.0,without_ls,slackWR,0,38.0,True,0.697957
primary,setting2_eager200_144_216_22_1_2,eager,eager200,large,2,3.0,baseline,baseline,38022,3.0,True,0.063769
primary,setting2_eager200_144_216_22_1_2,eager,eager200,large,2,3.0,with_ls,press-LS,4870,40.0,True,0.756144
primary,setting2_eager200_144_216_22_1_2,eager,eager200,large,2,3.0,with_ls,pressR-LS,4865,46.0,True,0.756144
primary,setting2_eager200_144_216_22_1_2,eager,eager200,large,2,3.0,with_ls,pressW-LS,4872,40.0,True,0.756144
primary,setting2_eager200_144_216_22_1_2,eager,eager200,large,2,3.0,with_ls,pressWR-LS,6494,51.0,True,0.756144
primary,setting2_eager200_144_216_22_1_2,eager,eager200,large,2,3.0,with_ls,slack-LS,500,28.0,True,0.756144
primary,setting2_eager200_144_216_22_1_2,eager,eager200,large,2,3.0,with_ls,slackR-LS,0,45.0,True,0.756144
primary,setting2_eager200_144_216_22_1_2,eager,eager200,large,2,3.0,with_ls,slackW-LS,0,26.0,True,0.756144
primary,setting2_eager200_144_216_22_1_2,eager,eager200,large,2,3.0,with_ls,slackWR-LS,0,43.0,True,0.756144
primary,setting2_eager200_144_216_22_1_2,eager,eager200,large,2,3.0,without_ls,press,4873,23.0,True,0.689532
primary,setting2_eager200_144_216_22_1_2,eager,eager200,large,2,3.0,without_ls,pressR,4865,38.0,True,0.689532
primary,setting2_eager200_144_216_22_1_2,eager,eager200,large,2,3.0,without_ls,pressW,4881,20.0,True,0.689532
primary,setting2_eager200_144_216_22_1_2,eager,eager200,large,2,3.0,without_ls,pressWR,6501,36.0,True,0.689532
primary,setting2_eager200_144_216_22_1_2,eager,eager200,large,2,3.0,without_ls,slack,500,22.0,True,0.689532
primary,setting2_eager200_144_216_22_1_2,eager,eager200,large,2,3.0,without_ls,slackR,0,39.0,True,0.689532
primary,setting2_eager200_144_216_22_1_2,eager,eager200,large,2,3.0,without_ls,slackW,0,19.0,True,0.689532
primary,setting2_eager200_144_216_22_1_2,eager,eager200,large,2,3.0,without_ls,slackWR,0,36.0,True,0.689532
primary,setting2_eager200_144_72_8_1_1,eager,eager200,large,1,1.0,baseline,baseline,0,3.0,True,0.06167
primary,setting2_eager200_144_72_8_1_1,eager,eager200,large,1,1.0,with_ls,press-LS,0,23.0,True,0.641153
primary,setting2_eager200_144_72_8_1_1,eager,eager200,large,1,1.0,with_ls,pressR-LS,0,29.0,True,0.641153
primary,setting2_eager200_144_72_8_1_1,eager,eager200,large,1,1.0,with_ls,pressW-LS,0,22.0,True,0.641153
primary,setting2_eager200_144_72_8_1_1,eager,eager200,large,1,1.0,with_ls,pressWR-LS,0,28.0,True,0.641153
primary,setting2_eager200_144_72_8_1_1,eager,eager200,large,1,1.0,with_ls,slack-LS,0,23.0,True,0.641153
primary,setting2_eager200_144_72_8_1_1,eager,eager200,large,1,1.0,with_ls,slackR-LS,0,29.0,True,0.641153
primary,setting2_eager200_144_72_8_1_1,eager,eager200,large,1,1.0,with_ls,slackW-LS,0,22.0,True,0.641153
primary,setting2_eager200_144_72_8_1_1,eager,eager200,large,1,1.0,with_ls,slackWR-LS,0,28.0,True,0.641153
primary,setting2_eager200_144_72_8_1_1,eager,eager200,large,1,1.0,without_ls,press,0,19.0,True,0.621411
primary,setting2_eager200_144_72_8_1_1,eager,eager200,large,1,1.0,without_ls,pressR,0,25.0,True,0.621411
primary,setting2_eager200_144_72_8_1_1,eager,eager200,large,1,1.0,without_ls,pressW,0,18.0,True,0.621411
primary,setting2_eager200_144_72_8_1_1,eager,eager200,large,1,1.0,without_ls,pressWR,0,24.0,True,0.621411
primary,setting2_eager200_144_72_8_1_1,eager,eager200,large,1,1.0,without_ls,slack,0,19.0,True,0.621411
primary,setting2_eager200_144_72_8_1_1,eager,eager200,large,1,1.0,without_ls,slackR,0,25.0,True,0.621411
primary,setting2_eager200_144_72_8_1_1,eager,eager200,large,1,1.0,without_ls,slackW,0,18.0,True,0.621411
primary,setting2_eager200_144_72_8_1_1,eager,eager200,large,1,1.0,without_ls,slackWR,0,24.0,True,0.621411
primary,setting2_eager200_144_72_8_1_2,eager,eager200,large,2,1.0,baseline,baseline,37809,3.0,True,0.061506
primary,setting2_eager200_144_72_8_1_2,eager,eager200,large,2,1.0,with_ls,press-LS,25971,26.0,True,0.671975
primary,setting2_eager200_144_72_8_1_2,eager,eager200,large,2,1.0,with_ls,pressR-LS,26482,32.0,True,0.671975
primary,setting2_eager200_144_72_8_1_2,eager,eager200,large,2,1.0,with_ls,pressW-LS,25446,22.0,True,0.671975
primary,setting2_eager200_144_72_8_1_2,eager,eager200,large,2,1.0,with_ls,pressWR-LS,25646,32.0,True,0.671975
primary,setting2_eager200_144_72_8_1_2,eager,eager200,large,2,1.0,with_ls,slack-LS,26248,26.0,True,0.671975
primary,setting2_eager200_144_72_8_1_2,eager,eager200,large,2,1.0,with_ls,slackR-LS,28307,34.0,True,0.671975
primary,setting2_eager200_144_72_8_1_2,eager,eager200,large,2,1.0,with_ls,slackW-LS,25249,26.0,True,0.671975
primary,setting2_eager200_144_72_8_1_2,eager,eager200,large,2,1.0,with_ls,slackWR-LS,25352,33.0,True,0.671975
primary,setting2_eager200_144_72_8_1_2,eager,eager200,large,2,1.0,without_ls,press,26883,18.0,True,0.616686
primary,setting2_eager200_144_72_8_1_2,eager,eager200,large,2,1.0,without_ls,pressR,27601,25.0,True,0.616686
primary,setting2_eager200_144_72_8_1_2,eager,eager200,large,2,1.0,without_ls,pressW,25958,18.0,True,0.616686
primary,setting2_eager200_144_72_8_1_2,eager,eager200,large,2,1.0,without_ls,pressWR,26956,24.0,True,0.616686
primary,setting2_eager200_144_72_8_1_2,eager,eager200,large,2,1.0,without_ls,slack,27759,18.0,True,0.616686
primary,setting2_eager200_144_72_8_1_2,eager,eager200,large,2,1.0,without_ls,slackR,29525,25.0,True,0.616686
primary,setting2_eager200_144_72_8_1_2,eager,eager200,large,2,1.0,without_ls,slackW,26063,17.0,True,0.616686
primary,setting2_eager200_144_72_8_1_2,eager,eager200,large,2,1.0,without_ls,slackWR,26674,24.0,True,0.616686
primary,setting2_eager200_72_111_12_1_2,eager,eager200,small,2,1.5,baseline,baseline,17874,1.0,True,0.056386
primary,setting2_eager200_72_111_12_1_2,eager,eager200,small,2,1.5,with_ls,press-LS,100,21.0,True,0.601691
primary,setting2_eager200_72_111_12_1_2,eager,eager200,small,2,1.5,with_ls,pressR-LS,914,30.0,True,0.601691
primary,setting2_eager200_72_111_12_1_2,eager,eager200,small,2,1.5,with_ls,pressW-LS,400,20.0,True,0.601691
primary,setting2_eager200_72_111_12_1_2,eager,eager200,small,2,1.5,with_ls,pressWR-LS,304,27.0,True,0.601691
primary,setting2_eager200_72_111_12_1_2,eager,eager200,small,2,1.5,with_ls,slack-LS,804,21.0,True,0.601691
primary,setting2_eager200_72_111_12_1_2,eager,eager200,small,2,1.5,with_ls,slackR-LS,1380,30.0,True,0.601691
primary,setting2_eager200_72_111_12_1_2,eager,eager200,small,2,1.5,with_ls,slackW-LS,404,20.0,True,0.601691
primary,setting2_eager200_72_111_12_1_2,eager,eager200,small,2,1.5,with_ls,slackWR-LS,2324,29.0,True,0.601691
primary,setting2_eager200_72_111_12_1_2,eager,eager200,small,2,1.5,without_ls,press,100,18.0,True,0.581964
primary,setting2_eager200_72_111_12_1_2,eager,eager200,small,2,1.5,without_ls,pressR,916,26.0,True,0.581964
primary,setting2_eager200_72_111_12_1_2,eager,eager200,small,2,1.5,without_ls,pressW,400,18.0,True,0.581964
primary,setting2_eager200_72_111_12_1_2,eager,eager200,small,2,1.5,without_ls,pressWR,304,25.0,True,0.581964
primary,setting2_eager200_72_111_12_1_2,eager,eager200,small,2,1.5,without_ls,slack,804,19.0,True,0.581964
primary,setting2_eager200_72_111_12_1_2,eager,eager200,small,2,1.5,without_ls,slackR,1382,27.0,True,0.581964
primary,setting2_eager200_72_111_12_1_2,eager,eager200,small,2,1.5,without_ls,slackW,404,17.0,True,0.581964
primary,setting2_eager200_72_111_12_1_2,eager,eager200,small,2,1.5,without_ls,slackWR,2424,25.0,True,0.581964
primary,setting2_eager200_72_148_15_1_2,eager,eager200,small,2,2.0,baseline,baseline,26081,1.0,True,0.05543
primary,setting2_eager200_72_148_15_1_2,eager,eager200,small,2,2.0,with_ls,press-LS,13728,24.0,True,0.639196
primary,setting2_eager200_72_148_15_1_2,eager,eager200,small,2,2.0,with_ls,pressR-LS,14654,34.0,True,0.639196
primary,setting2_eager200_72_148_15_1_2,eager,eager200,small,2,2.0,with_ls,pressW-LS,15286,24.0,True,0.639196
primary,setting2_eager200_72_148_15_1_2,eager,eager200,small,2,2.0,with_ls,pressWR-LS,15906,36.0,True,0.639196
primary,setting2_eager200_72_148_15_1_2,eager,eager200,small,2,2.0,with_ls,slack-LS,15392,24.0,True,0.639196
primary,setting2_eager200_72_148_15_1_2,eager,eager200,small,2,2.0,with_ls,slackR-LS,3954,39.0,True,0.639196
primary,setting2_eager200_72_148_15_1_2,eager,eager200,small,2,2.0,with_ls,slackW-LS,16586,21.0,True,0.639196
primary,setting2_eager200_72_148_15_1_2,eager,eager200,small,2,2.0,with_ls,slackWR-LS,18515,34.0,True,0.639196
primary,setting2_eager200_72_148_15_1_2,eager,eager200,small,2,2.0,without_ls,press,13830,19.0,True,0.599322
primary,setting2_eager200_72_148_15_1_2,eager,eager200,small,2,2.0,without_ls,pressR,14758,30.0,True,0.599322
primary,setting2_eager200_72_148_15_1_2,eager,eager200,small,2,2.0,without_ls,pressW,15632,18.0,True,0.599322
primary,setting2_eager200_72_148_15_1_2,eager,eager200,small,2,2.0,without_ls,pressWR,16308,28.0,True,0.599322
primary,setting2_eager200_72_148_15_1_2,eager,eager200,small,2,2.0,without_ls,slack,15701,19.0,True,0.599322
primary,setting2_eager200_72_148_15_1_2,eager,eager200,small,2,2.0,without_ls,slackR,5059,30.0,True,0.599322
primary,setting2_eager200_72_148_15_1_2,eager,eager200,small,2,2.0,without_ls,slackW,16588,18.0,True,0.599322
primary,setting2_eager200_72_148_15_1_2,eager,eager200,small,2,2.0,without_ls,slackWR,18769,28.0,True,0.599322
primary,setting2_eager200_72_222_23_1_2,eager,eager200,small,2,3.0,baseline,baseline,38920,1.0,True,0.056194
primary,setting2_eager200_72_222_23_1_2,eager,eager200,small,2,3.0,with_ls,press-LS,604,24.0,True,0.661656
primary,setting2_eager200_72_222_23_1_2,eager,eager200,small,2,3.0,with_ls,pressR-LS,1014,42.0,True,0.661656
primary,setting2_eager200_72_222_23_1_2,eager,eager200,small,2,3.0,with_ls,pressW-LS,300,22.0,True,0.661656
primary,setting2_eager200_72_222_23_1_2,eager,eager200,small,2,3.0,with_ls,pressWR-LS,300,41.0,True,0.661656
primary,setting2_eager200_72_222_23_1_2,eager,eager200,small,2,3.0,with_ls,slack-LS,800,24.0,True,0.661656
primary,setting2_eager200_72_222_23_1_2,eager,eager200,small,2,3.0,with_ls,slackR-LS,1302,41.0,True,0.661656
primary,setting2_eager200_72_222_23_1_2,eager,eager200,small,2,3.0,with_ls,slackW-LS,3848,24.0,True,0.661656
primary,setting2_eager200_72_222_23_1_2,eager,eager200,small,2,3.0,with_ls,slackWR-LS,4977,40.0,True,0.661656
primary,setting2_eager200_72_222_23_1_2,eager,eager200,small,2,3.0,without_ls,press,604,20.0,True,0.638233
primary,setting2_eager200_72_222_23_1_2,eager,eager200,small,2,3.0,without_ls,pressR,1014,38.0,True,0.638233
primary,setting2_eager200_72_222_23_1_2,eager,eager200,small,2,3.0,without_ls,pressW,300,19.0,True,0.638233
primary,setting2_eager200_72_222_23_1_2,eager,eager200,small,2,3.0,without_ls,pressWR,300,36.0,True,0.638233
primary,setting2_eager200_72_222_23_1_2,eager,eager200,small,2,3.0,without_ls,slack,800,20.0,True,0.638233
primary,setting2_eager200_72_222_23_1_2,eager,eager200,small,2,3.0,without_ls,slackR,1302,37.0,True,0.638233
primary,setting2_eager200_72_222_23_1_2,eager,eager200,small,2,3.0,without_ls,slackW,3848,20.0,True,0.638233
primary,setting2_eager200_72_222_23_1_2,eager,eager200,small,2,3.0,without_ls,slackWR,4977,36.0,True,0.638233
primary,setting2_eager200_72_74_8_1_2,eager,eager200,small,2,1.0,baseline,baseline,35217,1.0,True,0.055168
primary,setting2_eager200_72_74_8_1_2,eager,eager200,small,2,1.0,with_ls,press-LS,25471,19.0,True,0.594191
primary,setting2_eager200_72_74_8_1_2,eager,eager200,small,2,1.0,with_ls,pressR-LS,26311,28.0,True,0.594191
primary,setting2_eager200_72_74_8_1_2,eager,eager200,small,2,1.0,with_ls,pressW-LS,25854,19.0,True,0.594191
primary,setting2_eager200_72_74_8_1_2,eager,eager200,small,2,1.0,with_ls,pressWR-LS,25393,27.0,True,0.594191
primary,setting2_eager200_72_74_8_1_2,eager,eager200,small,2,1.0,with_ls,slack-LS,25486,21.0,True,0.594191
primary,setting2_eager200_72_74_8_1_2,eager,eager200,small,2,1.0,with_ls,slackR-LS,25894,27.0,True,0.594191
primary,setting2_eager200_72_74_8_1_2,eager,eager200,small,2,1.0,with_ls,slackW-LS,25578,20.0,True,0.594191
primary,setting2_eager200_72_74_8_1_2,eager,eager200,small,2,1.0,with_ls,slackWR-LS,25956,26.0,True,0.594191
primary,setting2_eager200_72_74_8_1_2,eager,eager200,small,2,1.0,without_ls,press,26395,17.0,True,0.569134
primary,setting2_eager200_72_74_8_1_2,eager,eager200,small,2,1.0,without_ls,pressR,26965,24.0,True,0.569134
primary,setting2_eager200_72_74_8_1_2,eager,eager200,small,2,1.0,without_ls,pressW,26465,16.0,True,0.569134
primary,setting2_eager200_72_74_8_1_2,eager,eager200,small,2,1.0,without_ls,pressWR,26619,22.0,True,0.569134
primary,setting2_eager200_72_74_8_1_2,eager,eager200,small,2,1.0,without_ls,slack,26200,17.0,True,0.569134
primary,setting2_eager200_72_74_8_1_2,eager,eager200,small,2,1.0,without_ls,slackR,26519,24.0,True,0.569134
primary,setting2_eager200_72_74_8_1_2,eager,eager200,small,2,1.0,without_ls,slackW,26459,16.0,True,0.569134
primary,setting2_eager200_72_74_8_1_2,eager,eager200,small,2,1.0,without_ls,slackWR,26374,23.0,True,0.569134
primary,setting2_methylseq1000_144_134_14_1_1,methylseq,methylseq1000,large,1,1.5,baseline,baseline,0,7.0,True,0.181904
primary,setting2_methylseq1000_144_134_14_1_1,methylseq,methylseq1000,large,1,1.5,with_ls,press-LS,0,302.0,True,3.807449
primary,setting2_methylseq1000_144_134_14_1_1,methylseq,methylseq1000,large,1,1.5,with_ls,pressR-LS,0,326.0,True,3.807449
primary,setting2_methylseq1000_144_134_14_1_1,methylseq,methylseq1000,large,1,1.5,with_ls,pressW-LS,0,289.0,True,3.807449
primary,setting2_methylseq1000_144_134_14_1_1,methylseq,methylseq1000,large,1,1.5,with_ls,pressWR-LS,0,314.0,True,3.807449
primary,setting2_methylseq1000_144_134_14_1_1,methylseq,methylseq1000,large,1,1.5,with_ls,slack-LS,0,297.0,True,3.807449
primary,setting2_methylseq1000_144_134_14_1_1,methylseq,methylseq1000,large,1,1.5,with_ls,slackR-LS,0,324.0,True,3.807449
primary,setting2_methylseq1000_144_134_14_1_1,methylseq,methylseq1000,large,1,1.5,with_ls,slackW-LS,0,281.0,True,3.807449
primary,setting2_methylseq1000_144_134_14_1_1,methylseq,methylseq1000,large,1,1.5,with_ls,slackWR-LS,0,312.0,True,3.807449
primary,setting2_methylseq1000_144_134_14_1_1,methylseq,methylseq1000,large,1,1.5,without_ls,press,0,283.0,True,3.6845
primary,setting2_methylseq1000_144_134_14_1_1,methylseq,methylseq1000,large,1,1.5,without_ls,pressR,0,310.0,True,3.6845
primary,setting2_methylseq1000_144_134_14_1_1,methylseq,methylseq1000,large,1,1.5,without_ls,pressW,0,271.0,True,3.6845
primary,setting2_methylseq1000_144_134_14_1_1,methylseq,methylseq1000,large,1,1.5,without_ls,pressWR,0,298.0,True,3.6845
primary,setting2_methylseq1000_144_134_14_1_1,methylseq,methylseq1000,large,1,1.5,without_ls,slack,0,281.0,True,3.6845
primary,setting2_methylseq1000_144_134_14_1_1,methylseq,methylseq1000,large,1,1.5,without_ls,slackR,0,309.0,True,3.6845
primary,setting2_methylseq1000_144_134_14_1_1,methylseq,methylseq1000,large,1,1.5,without_ls,slackW,0,268.0,True,3.6845
primary,setting2_methylseq1000_144_134_14_1_1,methylseq,methylseq1000,large,1,1.5,without_ls,slackWR,0,297.0,True,3.6845
primary,setting2_methylseq1000_144_134_14_1_2,methylseq,methylseq1000,large,2,1.5,baseline,baseline,134552,7.0,True,0.182062
primary,setting2_methylseq1000_144_134_14_1_2,methylseq,methylseq1000,large,2,1.5,with_ls,press-LS,31177,340.0,True,4.186863
primary,setting2_methylseq1000_144_134_14_1_2,methylseq,methylseq1000,large,2,1.5,with_ls,pressR-LS,46902,386.0,True,4.186863
primary,setting2_methylseq1000_144_134_14_1_2,methylseq,methylseq1000,large,2,1.5,with_ls,pressW-LS,62236,355.0,True,4.186863
primary,setting2_methylseq1000_144_134_14_1_2,methylseq,methylseq1000,large,2,1.5,with_ls,pressWR-LS,68092,371.0,True,4.186863
primary,setting2_methylseq1000_144_134_14_1_2,methylseq,methylseq1000,large,2,1.5,with_ls,slack-LS,2000,327.0,True,4.186863
primary,setting2_methylseq1000_144_134_14_1_2,methylseq,methylseq1000,large,2,1.5,with_ls,slackR-LS,3470,381.0,True,4.186863
primary,setting2_methylseq1000_144_134_14_1_2,methylseq,methylseq1000,large,2,1.5,with_ls,slackW-LS,3710,328.0,True,4.186863
primary,setting2_methylseq1000_144_134_14_1_2,methylseq,methylseq1000,large,2,1.5,with_ls,slackWR-LS,4110,357.0,True,4.186863
primary,setting2_methylseq1000_144_134_14_1_2,methylseq,methylseq1000,large,2,1.5,without_ls,press,34593,284.0,True,3.680075
primary,setting2_methylseq1000_144_134_14_1_2,methylseq,methylseq1000,large,2,1.5,without_ls,pressR,48643,312.0,True,3.680075
primary,setting2_methylseq1000_144_134_14_1_2,methylseq,methylseq1000,large,2,1.5,without_ls,pressW,64688,272.0,True,3.680075
primary,setting2_methylseq1000_144_134_14_1_2,methylseq,methylseq1000,large,2,1.5,without_ls,pressWR,69390,309.0,True,3.680075
primary,setting2_methylseq1000_144_134_14_1_2,methylseq,methylseq1000,large,2,1.5,without_ls,slack,2512,278.0,True,3.680075
primary,setting2_methylseq1000_144_134_14_1_2,methylseq,methylseq1000,large,2,1.5,without_ls,slackR,4390,310.0,True,3.680075
primary,setting2_methylseq1000_144_134_14_1_2,methylseq,methylseq1000,large,2,1.5,without_ls,slackW,4420,264.0,True,3.680075
primary,setting2_methylseq1000_144_134_14_1_2,methylseq,methylseq1000,large,2,1.5,without_ls,slackWR,5470,295.0,True,3.680075
primary,setting2_methylseq1000_144_178_18_1_1,methylseq,methylseq1000,large,1,2.0,baseline,baseline,0,7.0,True,0.181094
primary,setting2_methylseq1000_144_178_18_1_1,methylseq,methylseq1000,large,1,2.0,with_ls,press-LS,0,319.0,True,3.965217
primary,setting2_methylseq1000_144_178_18_1_1,methylseq,methylseq1000,large,1,2.0,with_ls,pressR-LS,0,354.0,True,3.965217
primary,setting2_methylseq1000_144_178_18_1_1,methylseq,methylseq1000,large,1,2.0,with_ls,pressW-LS,0,303.0,True,3.965217
primary,setting2_methylseq1000_144_178_18_1_1,methylseq,methylseq1000,large,1,2.0,with_ls,pressWR-LS,0,340.0,True,3.965217
primary,setting2_methylseq1000_144_178_18_1_1,methylseq,methylseq1000,large,1,2.0,with_ls,slack-LS,0,309.0,True,3.965217
primary,setting2_methylseq1000_144_178_18_1_1,methylseq,methylseq1000,large,1,2.0,with_ls,slackR-LS,0,350.0,True,3.965217
primary,setting2_methylseq1000_144_178_18_1_1,methylseq,methylseq1000,large,1,2.0,with_ls,slackW-LS,0,296.0,True,3.965217
primary,setting2_methylseq1000_144_178_18_1_1,methylseq,methylseq1000,large,1,2.0,with_ls,slackWR-LS,0,334.0,True,3.965217
primary,setting2_methylseq1000_144_178_18_1_1,methylseq,methylseq1000,large,1,2.0,without_ls,press,0,299.0,True,3.849548
primary,setting2_methylseq1000_144_178_18_1_1,methylseq,methylseq1000,large,1,2.0,without_ls,pressR,0,337.0,True,3.849548
primary,setting2_methylseq1000_144_178_18_1_1,methylseq,methylseq1000,large,1,2.0,without_ls,pressW,0,289.0,True,3.849548
primary,setting2_methylseq1000_144_178_18_1_1,methylseq,methylseq1000,large,1,2.0,without_ls,pressWR,0,335.0,True,3.849548
primary,setting2_methylseq1000_144_178_18_1_1,methylseq,methylseq1000,large,1,2.0,without_ls,slack,0,294.0,True,3.849548
primary,setting2_methylseq1000_144_178_18_1_1,methylseq,methylseq1000,large,1,2.0,without_ls,slackR,0,332.0,True,3.849548
primary,setting2_methylseq1000_144_178_18_1_1,methylseq,methylseq1000,large,1,2.0,without_ls,slackW,0,279.0,True,3.849548
primary,setting2_methylseq1000_144_178_18_1_1,methylseq,methylseq1000,large,1,2.0,without_ls,slackWR,0,317.0,True,3.849548
primary,setting2_methylseq1000_144_178_18_1_2,methylseq,methylseq1000,large,2,2.0,baseline,baseline,236699,7.0,True,0.180268
primary,setting2_methylseq1000_144_178_18_1_2,methylseq,methylseq1000,large,2,2.0,with_ls,press-LS,79917,360.0,True,4.361305
primary,setting2_methylseq1000_144_178_18_1_2,methylseq,methylseq1000,large,2,2.0,with_ls,pressR-LS,112646,418.0,True,4.361305
primary,setting2_methylseq1000_144_178_18_1_2,methylseq,methylseq1000,large,2,2.0,with_ls,pressW-LS,120275,363.0,True,4.361305
primary,setting2_methylseq1000_144_178_18_1_2,methylseq,methylseq1000,large,2,2.0,with_ls,pressWR-LS,145584,389.0,True,4.361305
primary,setting2_methylseq1000_144_178_18_1_2,methylseq,methylseq1000,large,2,2.0,with_ls,slack-LS,33404,362.0,True,4.361305
primary,setting2_methylseq1000_144_178_18_1_2,methylseq,methylseq1000,large,2,2.0,with_ls,slackR-LS,41976,413.0,True,4.361305
primary,setting2_methylseq1000_144_178_18_1_2,methylseq,methylseq1000,large,2,2.0,with_ls,slackW-LS,61087,364.0,True,4.361305
primary,setting2_methylseq1000_144_178_18_1_2,methylseq,methylseq1000,large,2,2.0,with_ls,slackWR-LS,101529,347.0,True,4.361305
primary,setting2_methylseq1000_144_178_18_1_2,methylseq,methylseq1000,large,2,2.0,without_ls,press,80241,307.0,True,3.809748
primary,setting2_methylseq1000_144_178_18_1_2,methylseq,methylseq1000,large,2,2.0,without_ls,pressR,113722,325.0,True,3.809748
primary,setting2_methylseq1000_144_178_18_1_2,methylseq,methylseq1000,large,2,2.0,without_ls,pressW,122245,282.0,True,3.809748
primary,setting2_methylseq1000_144_178_18_1_2,methylseq,methylseq1000,large,2,2.0,without_ls,pressWR,147066,310.0,True,3.809748
primary,setting2_methylseq1000_144_178_18_1_2,methylseq,methylseq1000,large,2,2.0,without_ls,slack,34240,292.0,True,3.809748
primary,setting2_methylseq1000_144_178_18_1_2,methylseq,methylseq1000,large,2,2.0,without_ls,slackR,43498,328.0,True,3.809748
primary,setting2_methylseq1000_144_178_18_1_2,methylseq,methylseq1000,large,2,2.0,without_ls,slackW,63363,276.0,True,3.809748
primary,setting2_methylseq1000_144_178_18_1_2,methylseq,methylseq1000,large,2,2.0,without_ls,slackWR,102994,311.0,True,3.809748
primary,setting2_methylseq1000_144_267_27_1_1,methylseq,methylseq1000,large,1,3.0,baseline,baseline,0,7.0,True,0.186085
primary,setting2_methylseq1000_144_267_27_1_1,methylseq,methylseq1000,large,1,3.0,with_ls,press-LS,0,353.0,True,4.273919
primary,setting2_methylseq1000_144_267_27_1_1,methylseq,methylseq1000,large,1,3.0,with_ls,pressR-LS,0,402.0,True,4.273919
primary,setting2_methylseq1000_144_267_27_1_1,methylseq,methylseq1000,large,1,3.0,with_ls,pressW-LS,0,338.0,True,4.273919
primary,setting2_methylseq1000_144_267_27_1_1,methylseq,methylseq1000,large,1,3.0,with_ls,pressWR-LS,0,388.0,True,4.273919
primary,setting2_methylseq1000_144_267_27_1_1,methylseq,methylseq1000,large,1,3.0,with_ls,slack-LS,0,343.0,True,4.273919
primary,setting2_methylseq1000_144_267_27_1_1,methylseq,methylseq1000,large,1,3.0,with_ls,slackR-LS,0,394.0,True,4.273919
primary,setting2_methylseq1000_144_267_27_1_1,methylseq,methylseq1000,large,1,3.0,with_ls,slackW-LS,0,326.0,True,4.273919
primary,setting2_methylseq1000_144_267_27_1_1,methylseq,methylseq1000,large,1,3.0,with_ls,slackWR-LS,0,382.0,True,4.273919
primary,setting2_methylseq1000_144_267_27_1_1,methylseq,methylseq1000,large,1,3.0,without_ls,press,0,311.0,True,3.998147
primary,setting2_methylseq1000_144_267_27_1_1,methylseq,methylseq1000,large,1,3.0,without_ls,pressR,0,362.0,True,3.998147
primary,setting2_methylseq1000_144_267_27_1_1,methylseq,methylseq1000,large,1,3.0,without_ls,pressW,0,299.0,True,3.998147
primary,setting2_methylseq1000_144_267_27_1_1,methylseq,methylseq1000,large,1,3.0,without_ls,pressWR,0,348.0,True,3.998147
primary,setting2_methylseq1000_144_267_27_1_1,methylseq,methylseq1000,large,1,3.0,without_ls,slack,0,304.0,True,3.998147
primary,setting2_methylseq1000_144_267_27_1_1,methylseq,methylseq1000,large,1,3.0,without_ls,slackR,0,360.0,True,3.998147
primary,setting2_methylseq1000_144_267_27_1_1,methylseq,methylseq1000,large,1,3.0,without_ls,slackW,0,298.0,True,3.998147
primary,setting2_methylseq1000_144_267_27_1_1,methylseq,methylseq1000,large,1,3.0,without_ls,slackWR,0,342.0,True,3.998147
primary,setting2_methylseq1000_144_267_27_1_2,methylseq,methylseq1000,large,2,3.0,baseline,baseline,346060,7.0,True,0.18496
primary,setting2_methylseq1000_144_267_27_1_2,methylseq,methylseq1000,large,2,3.0,with_ls,press-LS,500,357.0,True,4.303639
primary,setting2_methylseq1000_144_267_27_1_2,methylseq,methylseq1000,large,2,3.0,with_ls,pressR-LS,0,405.0,True,4.303639
primary,setting2_methylseq1000_144_267_27_1_2,methylseq,methylseq1000,large,2,3.0,with_ls,pressW-LS,13474,383.0,True,4.303639
primary,setting2_methylseq1000_144_267_27_1_2,methylseq,methylseq1000,large,2,3.0,with_ls,pressWR-LS,4168,388.0,True,4.303639
primary,setting2_methylseq1000_144_267_27_1_2,methylseq,methylseq1000,large,2,3.0,with_ls,slack-LS,0,327.0,True,4.303639
primary,setting2_methylseq1000_144_267_27_1_2,methylseq,methylseq1000,large,2,3.0,with_ls,slackR-LS,0,399.0,True,4.303639
primary,setting2_methylseq1000_144_267_27_1_2,methylseq,methylseq1000,large,2,3.0,with_ls,slackW-LS,0,315.0,True,4.303639
primary,setting2_methylseq1000_144_267_27_1_2,methylseq,methylseq1000,large,2,3.0,with_ls,slackWR-LS,0,381.0,True,4.303639
primary,setting2_methylseq1000_144_267_27_1_2,methylseq,methylseq1000,large,2,3.0,without_ls,press,800,308.0,True,4.000095
primary,setting2_methylseq1000_144_267_27_1_2,methylseq,methylseq1000,large,2,3.0,without_ls,pressR,0,378.0,True,4.000095
primary,setting2_methylseq1000_144_267_27_1_2,methylseq,methylseq1000,large,2,3.0,without_ls,pressW,13626,300.0,True,4.000095
primary,setting2_methylseq1000_144_267_27_1_2,methylseq,methylseq1000,large,2,3.0,without_ls,pressWR,4168,357.0,True,4.000095
primary,setting2_methylseq1000_144_267_27_1_2,methylseq,methylseq1000,large,2,3.0,without_ls,slack,0,288.0,True,4.000095
primary,setting2_methylseq1000_144_267_27_1_2,methylseq,methylseq1000,large,2,3.0,without_ls,slackR,0,363.0,True,4.000095
primary,setting2_methylseq1000_144_267_27_1_2,methylseq,methylseq1000,large,2,3.0,without_ls,slackW,0,276.0,True,4.000095
primary,setting2_methylseq1000_144_267_27_1_2,methylseq,methylseq1000,large,2,3.0,without_ls,slackWR,0,344.0,True,4.000095
primary,setting2_methylseq1000_144_89_9_1_1,methylseq,methylseq1000,large,1,1.0,baseline,baseline,0,7.0,True,0.182334
primary,setting2_methylseq1000_144_89_9_1_1,methylseq,methylseq1000,large,1,1.0,with_ls,press-LS,0,288.0,True,3.663285
primary,setting2_methylseq1000_144_89_9_1_1,methylseq,methylseq1000,large,1,1.0,with_ls,pressR-LS,0,312.0,True,3.663285
primary,setting2_methylseq1000_144_89_9_1_1,methylseq,methylseq1000,large,1,1.0,with_ls,pressW-LS,0,274.0,True,3.663285
primary,setting2_methylseq1000_144_89_9_1_1,methylseq,methylseq1000,large,1,1.0,with_ls,pressWR-LS,0,294.0,True,3.663285
primary,setting2_methylseq1000_144_89_9_1_1,methylseq,methylseq1000,large,1,1.0,with_ls,slack-LS,0,287.0,True,3.663285
primary,setting2_methylseq1000_144_89_9_1_1,methylseq,methylseq1000,large,1,1.0,with_ls,slackR-LS,0,306.0,True,3.663285
primary,setting2_methylseq1000_144_89_9_1_1,methylseq,methylseq1000,large,1,1.0,with_ls,slackW-LS,0,271.0,True,3.663285
primary,setting2_methylseq1000_144_89_9_1_1,methylseq,methylseq1000,large,1,1.0,with_ls,slackWR-LS,0,291.0,True,3.663285
primary,setting2_methylseq1000_144_89_9_1_1,methylseq,methylseq1000,large,1,1.0,without_ls,press,0,287.0,True,3.667156
primary,setting2_methylseq1000_144_89_9_1_1,methylseq,methylseq1000,large,1,1.0,without_ls,pressR,0,307.0,True,3.667156
primary,setting2_methylseq1000_144_89_9_1_1,methylseq,methylseq1000,large,1,1.0,without_ls,pressW,0,275.0,True,3.667156
primary,setting2_methylseq1000_144_89_9_1_1,methylseq,methylseq1000,large,1,1.0,without_ls,pressWR,0,293.0,True,3.667156
primary,setting2_methylseq1000_144_89_9_1_1,methylseq,methylseq1000,large,1,1.0,without_ls,slack,0,287.0,True,3.667156
primary,setting2_methylseq1000_144_89_9_1_1,methylseq,methylseq1000,large,1,1.0,without_ls,slackR,0,308.0,True,3.667156
primary,setting2_methylseq1000_144_89_9_1_1,methylseq,methylseq1000,large,1,1.0,without_ls,slackW,0,271.0,True,3.667156
primary,setting2_methylseq1000_144_89_9_1_1,methylseq,methylseq1000,large,1,1.0,without_ls,slackWR,0,292.0,True,3.667156
primary,setting2_methylseq1000_144_89_9_1_2,methylseq,methylseq1000,large,2,1.0,baseline,baseline,74594,7.0,True,0.180575
primary,setting2_methylseq1000_144_89_9_1_2,methylseq,methylseq1000,large,2,1.0,with_ls,press-LS,29793,323.0,True,3.95045
primary,setting2_methylseq1000_144_89_9_1_2,methylseq,methylseq1000,large,2,1.0,with_ls,pressR-LS,33986,332.0,True,3.95045
primary,setting2_methylseq1000_144_89_9_1_2,methylseq,methylseq1000,large,2,1.0,with_ls,pressW-LS,29335,288.0,True,3.95045
primary,setting2_methylseq1000_144_89_9_1_2,methylseq,methylseq1000,large,2,1.0,with_ls,pressWR-LS,37802,348.0,True,3.95045
primary,setting2_methylseq1000_144_89_9_1_2,methylseq,methylseq1000,large,2,1.0,with_ls,slack-LS,31691,312.0,True,3.95045
primary,setting2_methylseq1000_144_89_9_1_2,methylseq,methylseq1000,large,2,1.0,with_ls,slackR-LS,29851,346.0,True,3.95045
primary,setting2_methylseq1000_144_89_9_1_2,methylseq,methylseq1000,large,2,1.0,with_ls,slackW-LS,21643,306.0,True,3.95045
primary,setting2_methylseq1000_144_89_9_1_2,methylseq,methylseq1000,large,2,1.0,with_ls,slackWR-LS,27250,342.0,True,3.95045
primary,setting2_methylseq1000_144_89_9_1_2,methylseq,methylseq1000,large,2,1.0,without_ls,press,30903,279.0,True,3.606267
primary,setting2_methylseq1000_144_89_9_1_2,methylseq,methylseq1000,large,2,1.0,without_ls,pressR,35870,294.0,True,3.606267
primary,setting2_methylseq1000_144_89_9_1_2,methylseq,methylseq1000,large,2,1.0,without_ls,pressW,29985,266.0,True,3.606267
primary,setting2_methylseq1000_144_89_9_1_2,methylseq,methylseq1000,large,2,1.0,without_ls,pressWR,41270,282.0,True,3.606267
primary,setting2_methylseq1000_144_89_9_1_2,methylseq,methylseq1000,large,2,1.0,without_ls,slack,33236,278.0,True,3.606267
primary,setting2_methylseq1000_144_89_9_1_2,methylseq,methylseq1000,large,2,1.0,without_ls,slackR,33438,294.0,True,3.606267
primary,setting2_methylseq1000_144_89_9_1_2,methylseq,methylseq1000,large,2,1.0,without_ls,slackW,23569,264.0,True,3.606267
primary,setting2_methylseq1000_144_89_9_1_2,methylseq,methylseq1000,large,2,1.0,without_ls,slackWR,29886,281.0,True,3.606267
primary,setting2_methylseq1000_72_315_32_1_2,methylseq,methylseq1000,small,2,1.0,baseline,baseline,349951,5.0,True,0.174065
primary,setting2_methylseq1000_72_315_32_1_2,methylseq,methylseq1000,small,2,1.0,with_ls,press-LS,176344,409.0,True,5.067576
primary,setting2_methylseq1000_72_315_32_1_2,methylseq,methylseq1000,small,2,1.0,with_ls,pressR-LS,193292,526.0,True,5.067576
primary,setting2_methylseq1000_72_315_32_1_2,methylseq,methylseq1000,small,2,1.0,with_ls,pressW-LS,178610,404.0,True,5.067576
primary,setting2_methylseq1000_72_315_32_1_2,methylseq,methylseq1000,small,2,1.0,with_ls,pressWR-LS,175554,517.0,True,5.067576
primary,setting2_methylseq1000_72_315_32_1_2,methylseq,methylseq1000,small,2,1.0,with_ls,slack-LS,151971,430.0,True,5.067576
primary,setting2_methylseq1000_72_315_32_1_2,methylseq,methylseq1000,small,2,1.0,with_ls,slackR-LS,155830,551.0,True,5.067576
primary,setting2_methylseq1000_72_315_32_1_2,methylseq,methylseq1000,small,2,1.0,with_ls,slackW-LS,155527,419.0,True,5.067576
primary,setting2_methylseq1000_72_315_32_1_2,methylseq,methylseq1000,small,2,1.0,with_ls,slackWR-LS,159010,491.0,True,5.067576
primary,setting2_methylseq1000_72_315_32_1_2,methylseq,methylseq1000,small,2,1.0,without_ls,press,181015,322.0,True,4.174871
primary,setting2_methylseq1000_72_315_32_1_2,methylseq,methylseq1000,small,2,1.0,without_ls,pressR,195220,396.0,True,4.174871
primary,setting2_methylseq1000_72_315_32_1_2,methylseq,methylseq1000,small,2,1.0,without_ls,pressW,182834,316.0,True,4.174871
primary,setting2_methylseq1000_72_315_32_1_2,methylseq,methylseq1000,small,2,1.0,without_ls,pressWR,182712,388.0,True,4.174871
primary,setting2_methylseq1000_72_315_32_1_2,methylseq,methylseq1000,small,2,1.0,without_ls,slack,154474,322.0,True,4.174871
primary,setting2_methylseq1000_72_315_32_1_2,methylseq,methylseq1000,small,2,1.0,without_ls,slackR,158214,400.0,True,4.174871
primary,setting2_methylseq1000_72_315_32_1_2,methylseq,methylseq1000,small,2,1.0,without_ls,slackW,158048,311.0,True,4.174871
primary,setting2_methylseq1000_72_315_32_1_2,methylseq,methylseq1000,small,2,1.0,without_ls,slackWR,161832,388.0,True,4.174871
primary,setting2_methylseq1000_72_473_48_1_2,methylseq,methylseq1000,small,2,1.5,baseline,baseline,489186,5.0,True,0.175899
primary,setting2_methylseq1000_72_473_48_1_2,methylseq,methylseq1000,small,2,1.5,with_ls,press-LS,84973,582.0,True,6.532126
primary,setting2_methylseq1000_72_473_48_1_2,methylseq,methylseq1000,small,2,1.5,with_ls,pressR-LS,104774,804.0,True,6.532126
primary,setting2_methylseq1000_72_473_48_1_2,methylseq,methylseq1000,small,2,1.5,with_ls,pressW-LS,109275,574.0,True,6.532126
primary,setting2_methylseq1000_72_473_48_1_2,methylseq,methylseq1000,small,2,1.5,with_ls,pressWR-LS,118893,732.0,True,6.532126
primary,setting2_methylseq1000_72_473_48_1_2,methylseq,methylseq1000,small,2,1.5,with_ls,slack-LS,61271,519.0,True,6.532126
primary,setting2_methylseq1000_72_473_48_1_2,methylseq,methylseq1000,small,2,1.5,with_ls,slackR-LS,70705,751.0,True,6.532126
primary,setting2_methylseq1000_72_473_48_1_2,methylseq,methylseq1000,small,2,1.5,with_ls,slackW-LS,33521,584.0,True,6.532126
primary,setting2_methylseq1000_72_473_48_1_2,methylseq,methylseq1000,small,2,1.5,with_ls,slackWR-LS,36588,675.0,True,6.532126
primary,setting2_methylseq1000_72_473_48_1_2,methylseq,methylseq1000,small,2,1.5,without_ls,press,88610,344.0,True,4.543198
primary,setting2_methylseq1000_72_473_48_1_2,methylseq,methylseq1000,small,2,1.5,without_ls,pressR,107245,464.0,True,4.543198
primary,setting2_methylseq1000_72_473_48_1_2,methylseq,methylseq1000,small,2,1.5,without_ls,pressW,110891,341.0,True,4.543198
primary,setting2_methylseq1000_72_473_48_1_2,methylseq,methylseq1000,small,2,1.5,without_ls,pressWR,120872,468.0,True,4.543198
primary,setting2_methylseq1000_72_473_48_1_2,methylseq,methylseq1000,small,2,1.5,without_ls,slack,63488,345.0,True,4.543198
primary,setting2_methylseq1000_72_473_48_1_2,methylseq,methylseq1000,small,2,1.5,without_ls,slackR,73399,463.0,True,4.543198
primary,setting2_methylseq1000_72_473_48_1_2,methylseq,methylseq1000,small,2,1.5,without_ls,slackW,37982,332.0,True,4.543198
primary,setting2_methylseq1000_72_473_48_1_2,methylseq,methylseq1000,small,2,1.5,without_ls,slackWR,39704,456.0,True,4.543198
primary,setting2_methylseq1000_72_630_63_1_2,methylseq,methylseq1000,small,2,2.0,baseline,baseline,571326,5.0,True,0.174987
primary,setting2_methylseq1000_72_630_63_1_2,methylseq,methylseq1000,small,2,2.0,with_ls,press-LS,69786,670.0,True,6.95584
primary,setting2_methylseq1000_72_630_63_1_2,methylseq,methylseq1000,small,2,2.0,with_ls,pressR-LS,84491,995.0,True,6.95584
primary,setting2_methylseq1000_72_630_63_1_2,methylseq,methylseq1000,small,2,2.0,with_ls,pressW-LS,76573,613.0,True,6.95584
primary,setting2_methylseq1000_72_630_63_1_2,methylseq,methylseq1000,small,2,2.0,with_ls,pressWR-LS,113024,859.0,True,6.95584
primary,setting2_methylseq1000_72_630_63_1_2,methylseq,methylseq1000,small,2,2.0,with_ls,slack-LS,38334,456.0,True,6.95584
primary,setting2_methylseq1000_72_630_63_1_2,methylseq,methylseq1000,small,2,2.0,with_ls,slackR-LS,38334,586.0,True,6.95584
primary,setting2_methylseq1000_72_630_63_1_2,methylseq,methylseq1000,small,2,2.0,with_ls,slackW-LS,29358,783.0,True,6.95584
primary,setting2_methylseq1000_72_630_63_1_2,methylseq,methylseq1000,small,2,2.0,with_ls,slackWR-LS,24311,670.0,True,6.95584
primary,setting2_methylseq1000_72_630_63_1_2,methylseq,methylseq1000,small,2,2.0,without_ls,press,72498,360.0,True,4.924296
primary,setting2_methylseq1000_72_630_63_1_2,methylseq,methylseq1000,small,2,2.0,without_ls,pressR,86167,531.0,True,4.924296
primary,setting2_methylseq1000_72_630_63_1_2,methylseq,methylseq1000,small,2,2.0,without_ls,pressW,78145,354.0,True,4.924296
primary,setting2_methylseq1000_72_630_63_1_2,methylseq,methylseq1000,small,2,2.0,without_ls,pressWR,114102,520.0,True,4.924296
primary,setting2_methylseq1000_72_630_63_1_2,methylseq,methylseq1000,small,2,2.0,without_ls,slack,38934,373.0,True,4.924296
primary,setting2_methylseq1000_72_630_63_1_2,methylseq,methylseq1000,small,2,2.0,without_ls,slackR,38334,566.0,True,4.924296
primary,setting2_methylseq1000_72_630_63_1_2,methylseq,methylseq1000,small,2,2.0,without_ls,slackW,30588,369.0,True,4.924296
primary,setting2_methylseq1000_72_630_63_1_2,methylseq,methylseq1000,small,2,2.0,without_ls,slackWR,24875,513.0,True,4.924296
primary,setting2_methylseq1000_72_945_95_1_2,methylseq,methylseq1000,small,2,3.0,baseline,baseline,638556,5.0,True,0.179068
primary,setting2_methylseq1000_72_945_95_1_2,methylseq,methylseq1000,small,2,3.0,with_ls,press-LS,83480,1617.0,True,11.188184
primary,setting2_methylseq1000_72_945_95_1_2,methylseq,methylseq1000,small,2,3.0,with_ls,pressR-LS,77818,1890.0,True,11.188184
primary,setting2_methylseq1000_72_945_95_1_2,methylseq,methylseq1000,small,2,3.0,with_ls,pressW-LS,68613,1629.0,True,11.188184
primary,setting2_methylseq1000_72_945_95_1_2,methylseq,methylseq1000,small,2,3.0,with_ls,pressWR-LS,95481,1818.0,True,11.188184
primary,setting2_methylseq1000_72_945_95_1_2,methylseq,methylseq1000,small,2,3.0,with_ls,slack-LS,37297,520.0,True,11.188184
primary,setting2_methylseq1000_72_945_95_1_2,methylseq,methylseq1000,small,2,3.0,with_ls,slackR-LS,37528,892.0,True,11.188184
primary,setting2_methylseq1000_72_945_95_1_2,methylseq,methylseq1000,small,2,3.0,with_ls,slackW-LS,2092,578.0,True,11.188184
primary,setting2_methylseq1000_72_945_95_1_2,methylseq,methylseq1000,small,2,3.0,with_ls,slackWR-LS,2717,938.0,True,11.188184
primary,setting2_methylseq1000_72_945_95_1_2,methylseq,methylseq1000,small,2,3.0,without_ls,press,87249,383.0,True,5.557774
primary,setting2_methylseq1000_72_945_95_1_2,methylseq,methylseq1000,small,2,3.0,without_ls,pressR,82184,695.0,True,5.557774
primary,setting2_methylseq1000_72_945_95_1_2,methylseq,methylseq1000,small,2,3.0,without_ls,pressW,73317,379.0,True,5.557774
primary,setting2_methylseq1000_72_945_95_1_2,methylseq,methylseq1000,small,2,3.0,without_ls,pressWR,102924,684.0,True,5.557774
primary,setting2_methylseq1000_72_945_95_1_2,methylseq,methylseq1000,small,2,3.0,without_ls,slack,37871,365.0,True,5.557774
primary,setting2_methylseq1000_72_945_95_1_2,methylseq,methylseq1000,small,2,3.0,without_ls,slackR,39363,668.0,True,5.557774
primary,setting2_methylseq1000_72_945_95_1_2,methylseq,methylseq1000,small,2,3.0,without_ls,slackW,3448,350.0,True,5.557774
primary,setting2_methylseq1000_72_945_95_1_2,methylseq,methylseq1000,small,2,3.0,without_ls,slackWR,4526,655.0,True,5.557774
primary,setting2_methylseq200_144_32_4_1_1,methylseq,methylseq200,large,1,1.0,baseline,baseline,0,2.0,True,0.045156
primary,setting2_methylseq200_144_32_4_1_1,methylseq,methylseq200,large,1,1.0,with_ls,press-LS,0,9.0,True,0.390668
primary,setting2_methylseq200_144_32_4_1_1,methylseq,methylseq200,large,1,1.0,with_ls,pressR-LS,0,11.0,True,0.390668
primary,setting2_methylseq200_144_32_4_1_1,methylseq,methylseq200,large,1,1.0,with_ls,pressW-LS,0,9.0,True,0.390668
primary,setting2_methylseq200_144_32_4_1_1,methylseq,methylseq200,large,1,1.0,with_ls,pressWR-LS,0,11.0,True,0.390668
primary,setting2_methylseq200_144_32_4_1_1,methylseq,methylseq200,large,1,1.0,with_ls,slack-LS,0,9.0,True,0.390668
primary,setting2_methylseq200_144_32_4_1_1,methylseq,methylseq200,large,1,1.0,with_ls,slackR-LS,0,11.0,True,0.390668
primary,setting2_methylseq200_144_32_4_1_1,methylseq,methylseq200,large,1,1.0,with_ls,slackW-LS,0,9.0,True,0.390668
primary,setting2_methylseq200_144_32_4_1_1,methylseq,methylseq200,large,1,1.0,with_ls,slackWR-LS,0,11.0,True,0.390668
primary,setting2_methylseq200_144_32_4_1_1,methylseq,methylseq200,large,1,1.0,without_ls,press,0,7.0,True,0.37479
primary,setting2_methylseq200_144_32_4_1_1,methylseq,methylseq200,large,1,1.0,without_ls,pressR,0,9.0,True,0.37479
primary,setting2_methylseq200_144_32_4_1_1,methylseq,methylseq200,large,1,1.0,without_ls,pressW,0,7.0,True,0.37479
primary,setting2_methylseq200_144_32_4_1_1,methylseq,methylseq200,large,1,1.0,without_ls,pressWR,0,9.0,True,0.37479
primary,setting2_methylseq200_144_32_4_1_1,methylseq,methylseq200,large,1,1.0,without_ls,slack,0,8.0,True,0.37479
primary,setting2_methylseq200_144_32_4_1_1,methylseq,methylseq200,large,1,1.0,without_ls,slackR,0,9.0,True,0.37479
primary,setting2_methylseq200_144_32_4_1_1,methylseq,methylseq200,large,1,1.0,without_ls,slackW,0,7.0,True,0.37479
primary,setting2_methylseq200_144_32_4_1_1,methylseq,methylseq200,large,1,1.0,without_ls,slackWR,0,9.0,True,0.37479
primary,setting2_methylseq200_144_32_4_1_2,methylseq,methylseq200,large,2,1.0,baseline,baseline,9212,3.0,True,0.044715
primary,setting2_methylseq200_144_32_4_1_2,methylseq,methylseq200,large,2,1.0,with_ls,press-LS,2000,9.0,True,0.391494
primary,setting2_methylseq200_144_32_4_1_2,methylseq,methylseq200,large,2,1.0,with_ls,pressR-LS,1900,11.0,True,0.391494
primary,setting2_methylseq200_144_32_4_1_2,methylseq,methylseq200,large,2,1.0,with_ls,pressW-LS,1800,9.0,True,0.391494
primary,setting2_methylseq200_144_32_4_1_2,methylseq,methylseq200,large,2,1.0,with_ls,pressWR-LS,1500,11.0,True,0.391494
primary,setting2_methylseq200_144_32_4_1_2,methylseq,methylseq200,large,2,1.0,with_ls,slack-LS,800,10.0,True,0.391494
primary,setting2_methylseq200_144_32_4_1_2,methylseq,methylseq200,large,2,1.0,with_ls,slackR-LS,1600,11.0,True,0.391494
primary,setting2_methylseq200_144_32_4_1_2,methylseq,methylseq200,large,2,1.0,with_ls,slackW-LS,1100,9.0,True,0.391494
primary,setting2_methylseq200_144_32_4_1_2,methylseq,methylseq200,large,2,1.0,with_ls,slackWR-LS,1900,11.0,True,0.391494
primary,setting2_methylseq200_144_32_4_1_2,methylseq,methylseq200,large,2,1.0,without_ls,press,2000,7.0,True,0.375494
primary,setting2_methylseq200_144_32_4_1_2,methylseq,methylseq200,large,2,1.0,without_ls,pressR,1900,9.0,True,0.375494
primary,setting2_methylseq200_144_32_4_1_2,methylseq,methylseq200,large,2,1.0,without_ls,pressW,1800,7.0,True,0.375494
primary,setting2_methylseq200_144_32_4_1_2,methylseq,methylseq200,large,2,1.0,without_ls,pressWR,1500,8.0,True,0.375494
primary,setting2_methylseq200_144_32_4_1_2,methylseq,methylseq200,large,2,1.0,without_ls,slack,1000,8.0,True,0.375494
primary,setting2_methylseq200_144_32_4_1_2,methylseq,methylseq200,large,2,1.0,without_ls,slackR,1600,9.0,True,0.375494
primary,setting2_methylseq200_144_32_4_1_2,methylseq,methylseq200,large,2,1.0,without_ls,slackW,1200,7.0,True,0.375494
primary,setting2_methylseq200_144_32_4_1_2,methylseq,methylseq200,large,2,1.0,without_ls,slackWR,2000,8.0,True,0.375494
primary,setting2_methylseq200_144_48_5_1_1,methylseq,methylseq200,large,1,1.5,baseline,baseline,0,3.0,True,0.044938
primary,setting2_methylseq200_144_48_5_1_1,methylseq,methylseq200,large,1,1.5,with_ls,press-LS,0,10.0,True,0.397457
primary,setting2_methylseq200_144_48_5_1_1,methylseq,methylseq200,large,1,1.5,with_ls,pressR-LS,0,12.0,True,0.397457
primary,setting2_methylseq200_144_48_5_1_1,methylseq,methylseq200,large,1,1.5,with_ls,pressW-LS,0,10.0,True,0.397457
primary,setting2_methylseq200_144_48_5_1_1,methylseq,methylseq200,large,1,1.5,with_ls,pressWR-LS,0,12.0,True,0.397457
primary,setting2_methylseq200_144_48_5_1_1,methylseq,methylseq200,large,1,1.5,with_ls,slack-LS,0,11.0,True,0.397457
primary,setting2_methylseq200_144_48_5_1_1,methylseq,methylseq200,large,1,1.5,with_ls,slackR-LS,0,12.0,True,0.397457
primary,setting2_methylseq200_144_48_5_1_1,methylseq,methylseq200,large,1,1.5,with_ls,slackW-LS,0,9.0,True,0.397457
primary,setting2_methylseq200_144_48_5_1_1,methylseq,methylseq200,large,1,1.5,with_ls,slackWR-LS,0,12.0,True,0.397457
primary,setting2_methylseq200_144_48_5_1_1,methylseq,methylseq200,large,1,1.5,without_ls,press,0,7.0,True,0.379434
primary,setting2_methylseq200_144_48_5_1_1,methylseq,methylseq200,large,1,1.5,without_ls,pressR,0,10.0,True,0.379434
primary,setting2_methylseq200_144_48_5_1_1,methylseq,methylseq200,large,1,1.5,without_ls,pressW,0,7.0,True,0.379434
primary,setting2_methylseq200_144_48_5_1_1,methylseq,methylseq200,large,1,1.5,without_ls,pressWR,0,9.0,True,0.379434
primary,setting2_methylseq200_144_48_5_1_1,methylseq,methylseq200,large,1,1.5,without_ls,slack,0,8.0,True,0.379434
primary,setting2_methylseq200_144_48_5_1_1,methylseq,methylseq200,large,1,1.5,without_ls,slackR,0,10.0,True,0.379434
primary,setting2_methylseq200_144_48_5_1_1,methylseq,methylseq200,large,1,1.5,without_ls,slackW,0,7.0,True,0.379434
primary,setting2_methylseq200_144_48_5_1_1,methylseq,methylseq200,large,1,1.5,without_ls,slackWR,0,10.0,True,0.379434
primary,setting2_methylseq200_144_48_5_1_2,methylseq,methylseq200,large,2,1.5,baseline,baseline,17380,3.0,True,0.045322
primary,setting2_methylseq200_144_48_5_1_2,methylseq,methylseq200,large,2,1.5,with_ls,press-LS,4670,11.0,True,0.404456
primary,setting2_methylseq200_144_48_5_1_2,methylseq,methylseq200,large,2,1.5,with_ls,pressR-LS,4300,13.0,True,0.404456
primary,setting2_methylseq200_144_48_5_1_2,methylseq,methylseq200,large,2,1.5,with_ls,pressW-LS,4104,10.0,True,0.404456
primary,setting2_methylseq200_144_48_5_1_2,methylseq,methylseq200,large,2,1.5,with_ls,pressWR-LS,4500,13.0,True,0.404456
primary,setting2_methylseq200_144_48_5_1_2,methylseq,methylseq200,large,2,1.5,with_ls,slack-LS,3920,11.0,True,0.404456
primary,setting2_methylseq200_144_48_5_1_2,methylseq,methylseq200,large,2,1.5,with_ls,slackR-LS,3172,13.0,True,0.404456
primary,setting2_methylseq200_144_48_5_1_2,methylseq,methylseq200,large,2,1.5,with_ls,slackW-LS,1702,10.0,True,0.404456
primary,setting2_methylseq200_144_48_5_1_2,methylseq,methylseq200,large,2,1.5,with_ls,slackWR-LS,2002,13.0,True,0.404456
primary,setting2_methylseq200_144_48_5_1_2,methylseq,methylseq200,large,2,1.5,without_ls,press,6070,7.0,True,0.381349
primary,setting2_methylseq200_144_48_5_1_2,methylseq,methylseq200,large,2,1.5,without_ls,pressR,4900,10.0,True,0.381349
primary,setting2_methylseq200_144_48_5_1_2,methylseq,methylseq200,large,2,1.5,without_ls,pressW,5104,7.0,True,0.381349
primary,setting2_methylseq200_144_48_5_1_2,methylseq,methylseq200,large,2,1.5,without_ls,pressWR,4900,9.0,True,0.381349
primary,setting2_methylseq200_144_48_5_1_2,methylseq,methylseq200,large,2,1.5,without_ls,slack,4780,8.0,True,0.381349
primary,setting2_methylseq200_144_48_5_1_2,methylseq,methylseq200,large,2,1.5,without_ls,slackR,3912,9.0,True,0.381349
primary,setting2_methylseq200_144_48_5_1_2,methylseq,methylseq200,large,2,1.5,without_ls,slackW,2002,7.0,True,0.381349
primary,setting2_methylseq200_144_48_5_1_2,methylseq,methylseq200,large,2,1.5,without_ls,slackWR,2404,9.0,True,0.381349
primary,setting2_methylseq200_144_64_7_1_1,methylseq,methylseq200,large,1,2.0,baseline,baseline,0,3.0,True,0.045581
primary,setting2_methylseq200_144_64_7_1_1,methylseq,methylseq200,large,1,2.0,with_ls,press-LS,0,11.0,True,0.402427
primary,setting2_methylseq200_144_64_7_1_1,methylseq,methylseq200,large,1,2.0,with_ls,pressR-LS,0,13.0,True,0.402427
primary,setting2_methylseq200_144_64_7_1_1,methylseq,methylseq200,large,1,2.0,with_ls,pressW-LS,0,10.0,True,0.402427
primary,setting2_methylseq200_144_64_7_1_1,methylseq,methylseq200,large,1,2.0,with_ls,pressWR-LS,0,13.0,True,0.402427
primary,setting2_methylseq200_144_64_7_1_1,methylseq,methylseq200,large,1,2.0,with_ls,slack-LS,0,10.0,True,0.402427
primary,setting2_methylseq200_144_64_7_1_1,methylseq,methylseq200,large,1,2.0,with_ls,slackR-LS,0,13.0,True,0.402427
primary,setting2_methylseq200_144_64_7_1_1,methylseq,methylseq200,large,1,2.0,with_ls,slackW-LS,0,10.0,True,0.402427
primary,setting2_methylseq200_144_64_7_1_1,methylseq,methylseq200,large,1,2.0,with_ls,slackWR-LS,0,13.0,True,0.402427
primary,setting2_methylseq200_144_64_7_1_1,methylseq,methylseq200,large,1,2.0,without_ls,press,0,7.0,True,0.388041
primary,setting2_methylseq200_144_64_7_1_1,methylseq,methylseq200,large,1,2.0,without_ls,pressR,0,11.0,True,0.388041
primary,setting2_methylseq200_144_64_7_1_1,methylseq,methylseq200,large,1,2.0,without_ls,pressW,0,7.0,True,0.388041
primary,setting2_methylseq200_144_64_7_1_1,methylseq,methylseq200,large,1,2.0,without_ls,pressWR,0,10.0,True,0.388041
primary,setting2_methylseq200_144_64_7_1_1,methylseq,methylseq200,large,1,2.0,without_ls,slack,0,7.0,True,0.388041
primary,setting2_methylseq200_144_64_7_1_1,methylseq,methylseq200,large,1,2.0,without_ls,slackR,0,10.0,True,0.388041
primary,setting2_methylseq200_144_64_7_1_1,methylseq,methylseq200,large,1,2.0,without_ls,slackW,0,8.0,True,0.388041
primary,setting2_methylseq200_144_64_7_1_1,methylseq,methylseq200,large,1,2.0,without_ls,slackWR,0,10.0,True,0.388041
primary,setting2_methylseq200_144_64_7_1_2,methylseq,methylseq200,large,2,2.0,baseline,baseline,22205,3.0,True,0.0448
primary,setting2_methylseq200_144_64_7_1_2,methylseq,methylseq200,large,2,2.0,with_ls,press-LS,2915,12.0,True,0.415255
primary,setting2_methylseq200_144_64_7_1_2,methylseq,methylseq200,large,2,2.0,with_ls,pressR-LS,6616,16.0,True,0.415255
primary,setting2_methylseq200_144_64_7_1_2,methylseq,methylseq200,large,2,2.0,with_ls,pressW-LS,2915,12.0,True,0.415255
primary,setting2_methylseq200_144_64_7_1_2,methylseq,methylseq200,large,2,2.0,with_ls,pressWR-LS,5117,15.0,True,0.415255
primary,setting2_methylseq200_144_64_7_1_2,methylseq,methylseq200,large,2,2.0,with_ls,slack-LS,2316,13.0,True,0.415255
primary,setting2_methylseq200_144_64_7_1_2,methylseq,methylseq200,large,2,2.0,with_ls,slackR-LS,4123,14.0,True,0.415255
primary,setting2_methylseq200_144_64_7_1_2,methylseq,methylseq200,large,2,2.0,with_ls,slackW-LS,2719,11.0,True,0.415255
primary,setting2_methylseq200_144_64_7_1_2,methylseq,methylseq200,large,2,2.0,with_ls,slackWR-LS,3417,14.0,True,0.415255
primary,setting2_methylseq200_144_64_7_1_2,methylseq,methylseq200,large,2,2.0,without_ls,press,3567,8.0,True,0.386115
primary,setting2_methylseq200_144_64_7_1_2,methylseq,methylseq200,large,2,2.0,without_ls,pressR,8029,10.0,True,0.386115
primary,setting2_methylseq200_144_64_7_1_2,methylseq,methylseq200,large,2,2.0,without_ls,pressW,3745,8.0,True,0.386115
primary,setting2_methylseq200_144_64_7_1_2,methylseq,methylseq200,large,2,2.0,without_ls,pressWR,6247,10.0,True,0.386115
primary,setting2_methylseq200_144_64_7_1_2,methylseq,methylseq200,large,2,2.0,without_ls,slack,2490,8.0,True,0.386115
primary,setting2_methylseq200_144_64_7_1_2,methylseq,methylseq200,large,2,2.0,without_ls,slackR,5127,10.0,True,0.386115
primary,setting2_methylseq200_144_64_7_1_2,methylseq,methylseq200,large,2,2.0,without_ls,slackW,3319,7.0,True,0.386115
primary,setting2_methylseq200_144_64_7_1_2,methylseq,methylseq200,large,2,2.0,without_ls,slackWR,3839,10.0,True,0.386115
primary,setting2_methylseq200_144_96_10_1_1,methylseq,methylseq200,large,1,3.0,baseline,baseline,0,2.0,True,0.045512
primary,setting2_methylseq200_144_96_10_1_1,methylseq,methylseq200,large,1,3.0,with_ls,press-LS,0,11.0,True,0.416823
primary,setting2_methylseq200_144_96_10_1_1,methylseq,methylseq200,large,1,3.0,with_ls,pressR-LS,0,16.0,True,0.416823
primary,setting2_methylseq200_144_96_10_1_1,methylseq,methylseq200,large,1,3.0,with_ls,pressW-LS,0,12.0,True,0.416823
primary,setting2_methylseq200_144_96_10_1_1,methylseq,methylseq200,large,1,3.0,with_ls,pressWR-LS,0,16.0,True,0.416823
primary,setting2_methylseq200_144_96_10_1_1,methylseq,methylseq200,large,1,3.0,with_ls,slack-LS,0,11.0,True,0.416823
primary,setting2_methylseq200_144_96_10_1_1,methylseq,methylseq200,large,1,3.0,with_ls,slackR-LS,0,16.0,True,0.416823
primary,setting2_methylseq200_144_96_10_1_1,methylseq,methylseq200,large,1,3.0,with_ls,slackW-LS,0,11.0,True,0.416823
primary,setting2_methylseq200_144_96_10_1_1,methylseq,methylseq200,large,1,3.0,with_ls,slackWR-LS,0,16.0,True,0.416823
primary,setting2_methylseq200_144_96_10_1_1,methylseq,methylseq200,large,1,3.0,without_ls,press,0,8.0,True,0.395286
primary,setting2_methylseq200_144_96_10_1_1,methylseq,methylseq200,large,1,3.0,without_ls,pressR,0,12.0,True,0.395286
primary,setting2_methylseq200_144_96_10_1_1,methylseq,methylseq200,large,1,3.0,without_ls,pressW,0,7.0,True,0.395286
primary,setting2_methylseq200_144_96_10_1_1,methylseq,methylseq200,large,1,3.0,without_ls,pressWR,0,12.0,True,0.395286
primary,setting2_methylseq200_144_96_10_1_1,methylseq,methylseq200,large,1,3.0,without_ls,slack,0,8.0,True,0.395286
primary,setting2_methylseq200_144_96_10_1_1,methylseq,methylseq200,large,1,3.0,without_ls,slackR,0,12.0,True,0.395286
primary,setting2_methylseq200_144_96_10_1_1,methylseq,methylseq200,large,1,3.0,without_ls,slackW,0,7.0,True,0.395286
primary,setting2_methylseq200_144_96_10_1_1,methylseq,methylseq200,large,1,3.0,without_ls,slackWR,0,12.0,True,0.395286
primary,setting2_methylseq200_144_96_10_1_2,methylseq,methylseq200,large,2,3.0,baseline,baseline,35539,3.0,True,0.045466
primary,setting2_methylseq200_144_96_10_1_2,methylseq,methylseq200,large,2,3.0,with_ls,press-LS,0,13.0,True,0.424376
primary,setting2_methylseq200_144_96_10_1_2,methylseq,methylseq200,large,2,3.0,with_ls,pressR-LS,0,17.0,True,0.424376
primary,setting2_methylseq200_144_96_10_1_2,methylseq,methylseq200,large,2,3.0,with_ls,pressW-LS,0,13.0,True,0.424376
primary,setting2_methylseq200_144_96_10_1_2,methylseq,methylseq200,large,2,3.0,with_ls,pressWR-LS,0,15.0,True,0.424376
primary,setting2_methylseq200_144_96_10_1_2,methylseq,methylseq200,large,2,3.0,with_ls,slack-LS,0,13.0,True,0.424376
primary,setting2_methylseq200_144_96_10_1_2,methylseq,methylseq200,large,2,3.0,with_ls,slackR-LS,300,16.0,True,0.424376
primary,setting2_methylseq200_144_96_10_1_2,methylseq,methylseq200,large,2,3.0,with_ls,slackW-LS,200,12.0,True,0.424376
primary,setting2_methylseq200_144_96_10_1_2,methylseq,methylseq200,large,2,3.0,with_ls,slackWR-LS,500,17.0,True,0.424376
primary,setting2_methylseq200_144_96_10_1_2,methylseq,methylseq200,large,2,3.0,without_ls,press,200,8.0,True,0.398418
primary,setting2_methylseq200_144_96_10_1_2,methylseq,methylseq200,large,2,3.0,without_ls,pressR,200,12.0,True,0.398418
primary,setting2_methylseq200_144_96_10_1_2,methylseq,methylseq200,large,2,3.0,without_ls,pressW,100,8.0,True,0.398418
primary,setting2_methylseq200_144_96_10_1_2,methylseq,methylseq200,large,2,3.0,without_ls,pressWR,0,12.0,True,0.398418
primary,setting2_methylseq200_144_96_10_1_2,methylseq,methylseq200,large,2,3.0,without_ls,slack,100,8.0,True,0.398418
primary,setting2_methylseq200_144_96_10_1_2,methylseq,methylseq200,large,2,3.0,without_ls,slackR,600,11.0,True,0.398418
primary,setting2_methylseq200_144_96_10_1_2,methylseq,methylseq200,large,2,3.0,without_ls,slackW,300,7.0,True,0.398418
primary,setting2_methylseq200_144_96_10_1_2,methylseq,methylseq200,large,2,3.0,without_ls,slackWR,700,11.0,True,0.398418
primary,setting2_methylseq200_72_117_12_1_2,methylseq,methylseq200,small,2,3.0,baseline,baseline,35283,1.0,True,0.038189
primary,setting2_methylseq200_72_117_12_1_2,methylseq,methylseq200,small,2,3.0,with_ls,press-LS,3057,12.0,True,0.398437
primary,setting2_methylseq200_72_117_12_1_2,methylseq,methylseq200,small,2,3.0,with_ls,pressR-LS,1680,17.0,True,0.398437
primary,setting2_methylseq200_72_117_12_1_2,methylseq,methylseq200,small,2,3.0,with_ls,pressW-LS,3509,14.0,True,0.398437
primary,setting2_methylseq200_72_117_12_1_2,methylseq,methylseq200,small,2,3.0,with_ls,pressWR-LS,2458,18.0,True,0.398437
primary,setting2_methylseq200_72_117_12_1_2,methylseq,methylseq200,small,2,3.0,with_ls,slack-LS,4710,14.0,True,0.398437
primary,setting2_methylseq200_72_117_12_1_2,methylseq,methylseq200,small,2,3.0,with_ls,slackR-LS,5604,17.0,True,0.398437
primary,setting2_methylseq200_72_117_12_1_2,methylseq,methylseq200,small,2,3.0,with_ls,slackW-LS,5424,13.0,True,0.398437
primary,setting2_methylseq200_72_117_12_1_2,methylseq,methylseq200,small,2,3.0,with_ls,slackWR-LS,5522,22.0,True,0.398437
primary,setting2_methylseq200_72_117_12_1_2,methylseq,methylseq200,small,2,3.0,without_ls,press,3905,8.0,True,0.358243
primary,setting2_methylseq200_72_117_12_1_2,methylseq,methylseq200,small,2,3.0,without_ls,pressR,1752,13.0,True,0.358243
primary,setting2_methylseq200_72_117_12_1_2,methylseq,methylseq200,small,2,3.0,without_ls,pressW,3735,9.0,True,0.358243
primary,setting2_methylseq200_72_117_12_1_2,methylseq,methylseq200,small,2,3.0,without_ls,pressWR,3378,12.0,True,0.358243
primary,setting2_methylseq200_72_117_12_1_2,methylseq,methylseq200,small,2,3.0,without_ls,slack,5190,9.0,True,0.358243
primary,setting2_methylseq200_72_117_12_1_2,methylseq,methylseq200,small,2,3.0,without_ls,slackR,6144,13.0,True,0.358243
primary,setting2_methylseq200_72_117_12_1_2,methylseq,methylseq200,small,2,3.0,without_ls,slackW,5784,8.0,True,0.358243
primary,setting2_methylseq200_72_117_12_1_2,methylseq,methylseq200,small,2,3.0,without_ls,slackWR,6004,11.0,True,0.358243
primary,setting2_methylseq200_72_39_4_1_2,methylseq,methylseq200,small,2,1.0,baseline,baseline,27080,1.0,True,0.038001
primary,setting2_methylseq200_72_39_4_1_2,methylseq,methylseq200,small,2,1.0,with_ls,press-LS,26625,9.0,True,0.350581
primary,setting2_methylseq200_72_39_4_1_2,methylseq,methylseq200,small,2,1.0,with_ls,pressR-LS,25685,11.0,True,0.350581
primary,setting2_methylseq200_72_39_4_1_2,methylseq,methylseq200,small,2,1.0,with_ls,pressW-LS,24137,8.0,True,0.350581
primary,setting2_methylseq200_72_39_4_1_2,methylseq,methylseq200,small,2,1.0,with_ls,pressWR-LS,24439,11.0,True,0.350581
primary,setting2_methylseq200_72_39_4_1_2,methylseq,methylseq200,small,2,1.0,with_ls,slack-LS,22763,10.0,True,0.350581
primary,setting2_methylseq200_72_39_4_1_2,methylseq,methylseq200,small,2,1.0,with_ls,slackR-LS,23530,11.0,True,0.350581
primary,setting2_methylseq200_72_39_4_1_2,methylseq,methylseq200,small,2,1.0,with_ls,slackW-LS,21978,8.0,True,0.350581
primary,setting2_methylseq200_72_39_4_1_2,methylseq,methylseq200,small,2,1.0,with_ls,slackWR-LS,23103,10.0,True,0.350581
primary,setting2_methylseq200_72_39_4_1_2,methylseq,methylseq200,small,2,1.0,without_ls,press,29954,7.0,True,0.332653
primary,setting2_methylseq200_72_39_4_1_2,methylseq,methylseq200,small,2,1.0,without_ls,pressR,29223,8.0,True,0.332653
primary,setting2_methylseq200_72_39_4_1_2,methylseq,methylseq200,small,2,1.0,without_ls,pressW,27961,7.0,True,0.332653
primary,setting2_methylseq200_72_39_4_1_2,methylseq,methylseq200,small,2,1.0,without_ls,pressWR,26628,9.0,True,0.332653
primary,setting2_methylseq200_72_39_4_1_2,methylseq,methylseq200,small,2,1.0,without_ls,slack,26375,7.0,True,0.332653
primary,setting2_methylseq200_72_39_4_1_2,methylseq,methylseq200,small,2,1.0,without_ls,slackR,25757,9.0,True,0.332653
primary,setting2_methylseq200_72_39_4_1_2,methylseq,methylseq200,small,2,1.0,without_ls,slackW,24273,6.0,True,0.332653
primary,setting2_methylseq200_72_39_4_1_2,methylseq,methylseq200,small,2,1.0,without_ls,slackWR,25673,7.0,True,0.332653
primary,setting2_methylseq200_72_59_6_1_2,methylseq,methylseq200,small,2,1.5,baseline,baseline,20311,1.0,True,0.038905
primary,setting2_methylseq200_72_59_6_1_2,methylseq,methylseq200,small,2,1.5,with_ls,press-LS,3735,10.0,True,0.360585
primary,setting2_methylseq200_72_59_6_1_2,methylseq,methylseq200,small,2,1.5,with_ls,pressR-LS,4858,13.0,True,0.360585
primary,setting2_methylseq200_72_59_6_1_2,methylseq,methylseq200,small,2,1.5,with_ls,pressW-LS,4620,10.0,True,0.360585
primary,setting2_methylseq200_72_59_6_1_2,methylseq,methylseq200,small,2,1.5,with_ls,pressWR-LS,6834,12.0,True,0.360585
primary,setting2_methylseq200_72_59_6_1_2,methylseq,methylseq200,small,2,1.5,with_ls,slack-LS,2040,10.0,True,0.360585
primary,setting2_methylseq200_72_59_6_1_2,methylseq,methylseq200,small,2,1.5,with_ls,slackR-LS,4838,12.0,True,0.360585
primary,setting2_methylseq200_72_59_6_1_2,methylseq,methylseq200,small,2,1.5,with_ls,slackW-LS,2708,11.0,True,0.360585
primary,setting2_methylseq200_72_59_6_1_2,methylseq,methylseq200,small,2,1.5,with_ls,slackWR-LS,5505,12.0,True,0.360585
primary,setting2_methylseq200_72_59_6_1_2,methylseq,methylseq200,small,2,1.5,without_ls,press,4921,8.0,True,0.339169
primary,setting2_methylseq200_72_59_6_1_2,methylseq,methylseq200,small,2,1.5,without_ls,pressR,5648,10.0,True,0.339169
primary,setting2_methylseq200_72_59_6_1_2,methylseq,methylseq200,small,2,1.5,without_ls,pressW,5017,8.0,True,0.339169
primary,setting2_methylseq200_72_59_6_1_2,methylseq,methylseq200,small,2,1.5,without_ls,pressWR,7164,10.0,True,0.339169
primary,setting2_methylseq200_72_59_6_1_2,methylseq,methylseq200,small,2,1.5,without_ls,slack,2720,8.0,True,0.339169
primary,setting2_methylseq200_72_59_6_1_2,methylseq,methylseq200,small,2,1.5,without_ls,slackR,5838,10.0,True,0.339169
primary,setting2_methylseq200_72_59_6_1_2,methylseq,methylseq200,small,2,1.5,without_ls,slackW,4304,7.0,True,0.339169
primary,setting2_methylseq200_72_59_6_1_2,methylseq,methylseq200,small,2,1.5,without_ls,slackWR,7121,8.0,True,0.339169
primary,setting2_methylseq200_72_78_8_1_2,methylseq,methylseq200,small,2,2.0,baseline,baseline,33111,1.0,True,0.038809
primary,setting2_methylseq200_72_78_8_1_2,methylseq,methylseq200,small,2,2.0,with_ls,press-LS,14168,11.0,True,0.389349
primary,setting2_methylseq200_72_78_8_1_2,methylseq,methylseq200,small,2,2.0,with_ls,pressR-LS,17685,18.0,True,0.389349
primary,setting2_methylseq200_72_78_8_1_2,methylseq,methylseq200,small,2,2.0,with_ls,pressW-LS,16859,9.0,True,0.389349
primary,setting2_methylseq200_72_78_8_1_2,methylseq,methylseq200,small,2,2.0,with_ls,pressWR-LS,18599,18.0,True,0.389349
primary,setting2_methylseq200_72_78_8_1_2,methylseq,methylseq200,small,2,2.0,with_ls,slack-LS,13871,16.0,True,0.389349
primary,setting2_methylseq200_72_78_8_1_2,methylseq,methylseq200,small,2,2.0,with_ls,slackR-LS,14935,18.0,True,0.389349
primary,setting2_methylseq200_72_78_8_1_2,methylseq,methylseq200,small,2,2.0,with_ls,slackW-LS,10976,10.0,True,0.389349
primary,setting2_methylseq200_72_78_8_1_2,methylseq,methylseq200,small,2,2.0,with_ls,slackWR-LS,15220,16.0,True,0.389349
primary,setting2_methylseq200_72_78_8_1_2,methylseq,methylseq200,small,2,2.0,without_ls,press,15081,7.0,True,0.346599
primary,setting2_methylseq200_72_78_8_1_2,methylseq,methylseq200,small,2,2.0,without_ls,pressR,19232,10.0,True,0.346599
primary,setting2_methylseq200_72_78_8_1_2,methylseq,methylseq200,small,2,2.0,without_ls,pressW,18003,7.0,True,0.346599
primary,setting2_methylseq200_72_78_8_1_2,methylseq,methylseq200,small,2,2.0,without_ls,pressWR,19019,11.0,True,0.346599
primary,setting2_methylseq200_72_78_8_1_2,methylseq,methylseq200,small,2,2.0,without_ls,slack,14950,8.0,True,0.346599
primary,setting2_methylseq200_72_78_8_1_2,methylseq,methylseq200,small,2,2.0,without_ls,slackR,17488,11.0,True,0.346599
primary,setting2_methylseq200_72_78_8_1_2,methylseq,methylseq200,small,2,2.0,without_ls,slackW,12551,6.0,True,0.346599
primary,setting2_methylseq200_72_78_8_1_2,methylseq,methylseq200,small,2,2.0,without_ls,slackWR,17134,9.0,True,0.346599
primary,setting3_atacseq1000_144_117_12_1_3,atacseq,atacseq1000,large,3,1.5,baseline,baseline,231995,7.0,True,0.180938
primary,setting3_atacseq1000_144_117_12_1_3,atacseq,atacseq1000,large,3,1.5,with_ls,press-LS,117632,295.0,True,3.760269
primary,setting3_atacseq1000_144_117_12_1_3,atacseq,atacseq1000,large,3,1.5,with_ls,pressR-LS,105656,320.0,True,3.760269
primary,setting3_atacseq1000_144_117_12_1_3,atacseq,atacseq1000,large,3,1.5,with_ls,pressW-LS,122221,283.0,True,3.760269
primary,setting3_atacseq1000_144_117_12_1_3,atacseq,atacseq1000,large,3,1.5,with_ls,pressWR-LS,108581,314.0,True,3.760269
primary,setting3_atacseq1000_144_117_12_1_3,atacseq,atacseq1000,large,3,1.5,with_ls,slack-LS,131148,294.0,True,3.760269
primary,setting3_atacseq1000_144_117_12_1_3,atacseq,atacseq1000,large,3,1.5,with_ls,slackR-LS,110178,318.0,True,3.760269
primary,setting3_atacseq1000_144_117_12_1_3,atacseq,atacseq1000,large,3,1.5,with_ls,slackW-LS,132286,282.0,True,3.760269
primary,setting3_atacseq1000_144_117_12_1_3,atacseq,atacseq1000,large,3,1.5,with_ls,slackWR-LS,114308,304.0,True,3.760269
primary,setting3_atacseq1000_144_117_12_1_3,atacseq,atacseq1000,large,3,1.5,without_ls,press,122153,261.0,True,3.534016
primary,setting3_atacseq1000_144_117_12_1_3,atacseq,atacseq1000,large,3,1.5,without_ls,pressR,108238,289.0,True,3.534016
primary,setting3_atacseq1000_144_117_12_1_3,atacseq,atacseq1000,large,3,1.5,without_ls,pressW,126613,248.0,True,3.534016
primary,setting3_atacseq1000_144_117_12_1_3,atacseq,atacseq1000,large,3,1.5,without_ls,pressWR,112557,278.0,True,3.534016
primary,setting3_atacseq1000_144_117_12_1_3,atacseq,atacseq1000,large,3,1.5,without_ls,slack,135058,283.0,True,3.534016
primary,setting3_atacseq1000_144_117_12_1_3,atacseq,atacseq1000,large,3,1.5,without_ls,slackR,113183,287.0,True,3.534016
primary,setting3_atacseq1000_144_117_12_1_3,atacseq,atacseq1000,large,3,1.5,without_ls,slackW,136590,247.0,True,3.534016
primary,setting3_atacseq1000_144_117_12_1_3,atacseq,atacseq1000,large,3,1.5,without_ls,slackWR,116784,275.0,True,3.534016
primary,setting3_atacseq1000_144_156_16_1_3,atacseq,atacseq1000,large,3,2.0,baseline,baseline,203508,7.0,True,0.182723
primary,setting3_atacseq1000_144_156_16_1_3,atacseq,atacseq1000,large,3,2.0,with_ls,press-LS,185909,313.0,True,3.935307
primary,setting3_atacseq1000_144_156_16_1_3,atacseq,atacseq1000,large,3,2.0,with_ls,pressR-LS,188449,337.0,True,3.935307
primary,setting3_atacseq1000_144_156_16_1_3,atacseq,atacseq1000,large,3,2.0,with_ls,pressW-LS,186375,308.0,True,3.935307
primary,setting3_atacseq1000_144_156_16_1_3,atacseq,atacseq1000,large,3,2.0,with_ls,pressWR-LS,186521,325.0,True,3.935307
primary,setting3_atacseq1000_144_156_16_1_3,atacseq,atacseq1000,large,3,2.0,with_ls,slack-LS,186561,320.0,True,3.935307
primary,setting3_atacseq1000_144_156_16_1_3,atacseq,atacseq1000,large,3,2.0,with_ls,slackR-LS,185879,343.0,True,3.935307
primary,setting3_atacseq1000_144_156_16_1_3,atacseq,atacseq1000,large,3,2.0,with_ls,slackW-LS,189882,320.0,True,3.935307
primary,setting3_atacseq1000_144_156_16_1_3,atacseq,atacseq1000,large,3,2.0,with_ls,slackWR-LS,186523,322.0,True,3.935307
primary,setting3_atacseq1000_144_156_16_1_3,atacseq,atacseq1000,large,3,2.0,without_ls,press,189007,274.0,True,3.611621
primary,setting3_atacseq1000_144_156_16_1_3,atacseq,atacseq1000,large,3,2.0,without_ls,pressR,193170,301.0,True,3.611621
primary,setting3_atacseq1000_144_156_16_1_3,atacseq,atacseq1000,large,3,2.0,without_ls,pressW,189727,260.0,True,3.611621
primary,setting3_atacseq1000_144_156_16_1_3,atacseq,atacseq1000,large,3,2.0,without_ls,pressWR,189634,286.0,True,3.611621
primary,setting3_atacseq1000_144_156_16_1_3,atacseq,atacseq1000,large,3,2.0,without_ls,slack,190333,270.0,True,3.611621
primary,setting3_atacseq1000_144_156_16_1_3,atacseq,atacseq1000,large,3,2.0,without_ls,slackR,188602,295.0,True,3.611621
primary,setting3_atacseq1000_144_156_16_1_3,atacseq,atacseq1000,large,3,2.0,without_ls,slackW,192448,259.0,True,3.611621
primary,setting3_atacseq1000_144_156_16_1_3,atacseq,atacseq1000,large,3,2.0,without_ls,slackWR,188909,285.0,True,3.611621
primary,setting3_atacseq1000_144_234_24_1_3,atacseq,atacseq1000,large,3,3.0,baseline,baseline,164009,7.0,True,0.18178
primary,setting3_atacseq1000_144_234_24_1_3,atacseq,atacseq1000,large,3,3.0,with_ls,press-LS,105028,363.0,True,4.481096
primary,setting3_atacseq1000_144_234_24_1_3,atacseq,atacseq1000,large,3,3.0,with_ls,pressR-LS,109744,390.0,True,4.481096
primary,setting3_atacseq1000_144_234_24_1_3,atacseq,atacseq1000,large,3,3.0,with_ls,pressW-LS,105265,353.0,True,4.481096
primary,setting3_atacseq1000_144_234_24_1_3,atacseq,atacseq1000,large,3,3.0,with_ls,pressWR-LS,106024,544.0,True,4.481096
primary,setting3_atacseq1000_144_234_24_1_3,atacseq,atacseq1000,large,3,3.0,with_ls,slack-LS,113538,360.0,True,4.481096
primary,setting3_atacseq1000_144_234_24_1_3,atacseq,atacseq1000,large,3,3.0,with_ls,slackR-LS,109613,384.0,True,4.481096
primary,setting3_atacseq1000_144_234_24_1_3,atacseq,atacseq1000,large,3,3.0,with_ls,slackW-LS,109833,350.0,True,4.481096
primary,setting3_atacseq1000_144_234_24_1_3,atacseq,atacseq1000,large,3,3.0,with_ls,slackWR-LS,108547,384.0,True,4.481096
primary,setting3_atacseq1000_144_234_24_1_3,atacseq,atacseq1000,large,3,3.0,without_ls,press,107008,289.0,True,3.908766
primary,setting3_atacseq1000_144_234_24_1_3,atacseq,atacseq1000,large,3,3.0,without_ls,pressR,112843,341.0,True,3.908766
primary,setting3_atacseq1000_144_234_24_1_3,atacseq,atacseq1000,large,3,3.0,without_ls,pressW,108542,278.0,True,3.908766
primary,setting3_atacseq1000_144_234_24_1_3,atacseq,atacseq1000,large,3,3.0,without_ls,pressWR,109603,328.0,True,3.908766
primary,setting3_atacseq1000_144_234_24_1_3,atacseq,atacseq1000,large,3,3.0,without_ls,slack,116381,284.0,True,3.908766
primary,setting3_atacseq1000_144_234_24_1_3,atacseq,atacseq1000,large,3,3.0,without_ls,slackR,112724,340.0,True,3.908766
primary,setting3_atacseq1000_144_234_24_1_3,atacseq,atacseq1000,large,3,3.0,without_ls,slackW,115162,274.0,True,3.908766
primary,setting3_atacseq1000_144_234_24_1_3,atacseq,atacseq1000,large,3,3.0,without_ls,slackWR,112050,327.0,True,3.908766
primary,setting3_atacseq1000_144_78_8_1_3,atacseq,atacseq1000,large,3,1.0,baseline,baseline,229762,7.0,True,0.180624
primary,setting3_atacseq1000_144_78_8_1_3,atacseq,atacseq1000,large,3,1.0,with_ls,press-LS,225228,289.0,True,3.674879
primary,setting3_atacseq1000_144_78_8_1_3,atacseq,atacseq1000,large,3,1.0,with_ls,pressR-LS,224464,304.0,True,3.674879
primary,setting3_atacseq1000_144_78_8_1_3,atacseq,atacseq1000,large,3,1.0,with_ls,pressW-LS,224594,279.0,True,3.674879
primary,setting3_atacseq1000_144_78_8_1_3,atacseq,atacseq1000,large,3,1.0,with_ls,pressWR-LS,223890,293.0,True,3.674879
primary,setting3_atacseq1000_144_78_8_1_3,atacseq,atacseq1000,large,3,1.0,with_ls,slack-LS,223592,291.0,True,3.674879
primary,setting3_atacseq1000_144_78_8_1_3,atacseq,atacseq1000,large,3,1.0,with_ls,slackR-LS,223287,306.0,True,3.674879
primary,setting3_atacseq1000_144_78_8_1_3,atacseq,atacseq1000,large,3,1.0,with_ls,slackW-LS,224632,281.0,True,3.674879
primary,setting3_atacseq1000_144_78_8_1_3,atacseq,atacseq1000,large,3,1.0,with_ls,slackWR-LS,223780,296.0,True,3.674879
primary,setting3_atacseq1000_144_78_8_1_3,atacseq,atacseq1000,large,3,1.0,without_ls,press,237142,258.0,True,3.443891
primary,setting3_atacseq1000_144_78_8_1_3,atacseq,atacseq1000,large,3,1.0,without_ls,pressR,234365,271.0,True,3.443891
primary,setting3_atacseq1000_144_78_8_1_3,atacseq,atacseq1000,large,3,1.0,without_ls,pressW,235770,246.0,True,3.443891
primary,setting3_atacseq1000_144_78_8_1_3,atacseq,atacseq1000,large,3,1.0,without_ls,pressWR,234468,261.0,True,3.443891
primary,setting3_atacseq1000_144_78_8_1_3,atacseq,atacseq1000,large,3,1.0,without_ls,slack,232765,258.0,True,3.443891
primary,setting3_atacseq1000_144_78_8_1_3,atacseq,atacseq1000,large,3,1.0,without_ls,slackR,232635,275.0,True,3.443891
primary,setting3_atacseq1000_144_78_8_1_3,atacseq,atacseq1000,large,3,1.0,without_ls,slackW,236035,251.0,True,3.443891
primary,setting3_atacseq1000_144_78_8_1_3,atacseq,atacseq1000,large,3,1.0,without_ls,slackWR,234167,265.0,True,3.443891
primary,setting3_atacseq1000_72_143_15_1_3,atacseq,atacseq1000,small,3,1.0,baseline,baseline,243757,5.0,True,0.173666
primary,setting3_atacseq1000_72_143_15_1_3,atacseq,atacseq1000,small,3,1.0,with_ls,press-LS,237148,331.0,True,4.030604
primary,setting3_atacseq1000_72_143_15_1_3,atacseq,atacseq1000,small,3,1.0,with_ls,pressR-LS,238065,363.0,True,4.030604
primary,setting3_atacseq1000_72_143_15_1_3,atacseq,atacseq1000,small,3,1.0,with_ls,pressW-LS,237113,322.0,True,4.030604
primary,setting3_atacseq1000_72_143_15_1_3,atacseq,atacseq1000,small,3,1.0,with_ls,pressWR-LS,237465,350.0,True,4.030604
primary,setting3_atacseq1000_72_143_15_1_3,atacseq,atacseq1000,small,3,1.0,with_ls,slack-LS,237595,331.0,True,4.030604
primary,setting3_atacseq1000_72_143_15_1_3,atacseq,atacseq1000,small,3,1.0,with_ls,slackR-LS,237957,361.0,True,4.030604
primary,setting3_atacseq1000_72_143_15_1_3,atacseq,atacseq1000,small,3,1.0,with_ls,slackW-LS,237229,319.0,True,4.030604
primary,setting3_atacseq1000_72_143_15_1_3,atacseq,atacseq1000,small,3,1.0,with_ls,slackWR-LS,237573,352.0,True,4.030604
primary,setting3_atacseq1000_72_143_15_1_3,atacseq,atacseq1000,small,3,1.0,without_ls,press,242678,295.0,True,3.739208
primary,setting3_atacseq1000_72_143_15_1_3,atacseq,atacseq1000,small,3,1.0,without_ls,pressR,245102,319.0,True,3.739208
primary,setting3_atacseq1000_72_143_15_1_3,atacseq,atacseq1000,small,3,1.0,without_ls,pressW,243502,281.0,True,3.739208
primary,setting3_atacseq1000_72_143_15_1_3,atacseq,atacseq1000,small,3,1.0,without_ls,pressWR,244975,309.0,True,3.739208
primary,setting3_atacseq1000_72_143_15_1_3,atacseq,atacseq1000,small,3,1.0,without_ls,slack,242535,290.0,True,3.739208
primary,setting3_atacseq1000_72_143_15_1_3,atacseq,atacseq1000,small,3,1.0,without_ls,slackR,244590,319.0,True,3.739208
primary,setting3_atacseq1000_72_143_15_1_3,atacseq,atacseq1000,small,3,1.0,without_ls,slackW,243478,279.0,True,3.739208
primary,setting3_atacseq1000_72_143_15_1_3,atacseq,atacseq1000,small,3,1.0,without_ls,slackWR,244199,309.0,True,3.739208
primary,setting3_atacseq1000_72_215_22_1_3,atacseq,atacseq1000,small,3,1.5,baseline,baseline,194210,5.0,True,0.174088
primary,setting3_atacseq1000_72_215_22_1_3,atacseq,atacseq1000,small,3,1.5,with_ls,press-LS,83906,383.0,True,4.393887
primary,setting3_atacseq1000_72_215_22_1_3,atacseq,atacseq1000,small,3,1.5,with_ls,pressR-LS,72711,393.0,True,4.393887
primary,setting3_atacseq1000_72_215_22_1_3,atacseq,atacseq1000,small,3,1.5,with_ls,pressW-LS,78173,354.0,True,4.393887
primary,setting3_atacseq1000_72_215_22_1_3,atacseq,atacseq1000,small,3,1.5,with_ls,pressWR-LS,73897,391.0,True,4.393887
primary,setting3_atacseq1000_72_215_22_1_3,atacseq,atacseq1000,small,3,1.5,with_ls,slack-LS,97989,348.0,True,4.393887
primary,setting3_atacseq1000_72_215_22_1_3,atacseq,atacseq1000,small,3,1.5,with_ls,slackR-LS,85114,386.0,True,4.393887
primary,setting3_atacseq1000_72_215_22_1_3,atacseq,atacseq1000,small,3,1.5,with_ls,slackW-LS,101066,403.0,True,4.393887
primary,setting3_atacseq1000_72_215_22_1_3,atacseq,atacseq1000,small,3,1.5,with_ls,slackWR-LS,89939,416.0,True,4.393887
primary,setting3_atacseq1000_72_215_22_1_3,atacseq,atacseq1000,small,3,1.5,without_ls,press,86001,303.0,True,3.899621
primary,setting3_atacseq1000_72_215_22_1_3,atacseq,atacseq1000,small,3,1.5,without_ls,pressR,75402,356.0,True,3.899621
primary,setting3_atacseq1000_72_215_22_1_3,atacseq,atacseq1000,small,3,1.5,without_ls,pressW,81512,290.0,True,3.899621
primary,setting3_atacseq1000_72_215_22_1_3,atacseq,atacseq1000,small,3,1.5,without_ls,pressWR,75749,348.0,True,3.899621
primary,setting3_atacseq1000_72_215_22_1_3,atacseq,atacseq1000,small,3,1.5,without_ls,slack,100108,299.0,True,3.899621
primary,setting3_atacseq1000_72_215_22_1_3,atacseq,atacseq1000,small,3,1.5,without_ls,slackR,87322,352.0,True,3.899621
primary,setting3_atacseq1000_72_215_22_1_3,atacseq,atacseq1000,small,3,1.5,without_ls,slackW,104005,288.0,True,3.899621
primary,setting3_atacseq1000_72_215_22_1_3,atacseq,atacseq1000,small,3,1.5,without_ls,slackWR,91921,340.0,True,3.899621
primary,setting3_atacseq1000_72_286_29_1_3,atacseq,atacseq1000,small,3,2.0,baseline,baseline,226236,5.0,True,0.175859
primary,setting3_atacseq1000_72_286_29_1_3,atacseq,atacseq1000,small,3,2.0,with_ls,press-LS,206259,431.0,True,4.781727
primary,setting3_atacseq1000_72_286_29_1_3,atacseq,atacseq1000,small,3,2.0,with_ls,pressR-LS,210721,472.0,True,4.781727
primary,setting3_atacseq1000_72_286_29_1_3,atacseq,atacseq1000,small,3,2.0,with_ls,pressW-LS,213005,416.0,True,4.781727
primary,setting3_atacseq1000_72_286_29_1_3,atacseq,atacseq1000,small,3,2.0,with_ls,pressWR-LS,208883,438.0,True,4.781727
primary,setting3_atacseq1000_72_286_29_1_3,atacseq,atacseq1000,small,3,2.0,with_ls,slack-LS,212439,425.0,True,4.781727
primary,setting3_atacseq1000_72_286_29_1_3,atacseq,atacseq1000,small,3,2.0,with_ls,slackR-LS,209993,446.0,True,4.781727
primary,setting3_atacseq1000_72_286_29_1_3,atacseq,atacseq1000,small,3,2.0,with_ls,slackW-LS,212884,407.0,True,4.781727
primary,setting3_atacseq1000_72_286_29_1_3,atacseq,atacseq1000,small,3,2.0,with_ls,slackWR-LS,211110,449.0,True,4.781727
primary,setting3_atacseq1000_72_286_29_1_3,atacseq,atacseq1000,small,3,2.0,without_ls,press,209580,341.0,True,4.218448
primary,setting3_atacseq1000_72_286_29_1_3,atacseq,atacseq1000,small,3,2.0,without_ls,pressR,212347,403.0,True,4.218448
primary,setting3_atacseq1000_72_286_29_1_3,atacseq,atacseq1000,small,3,2.0,without_ls,pressW,215746,328.0,True,4.218448
primary,setting3_atacseq1000_72_286_29_1_3,atacseq,atacseq1000,small,3,2.0,without_ls,pressWR,210460,386.0,True,4.218448
primary,setting3_atacseq1000_72_286_29_1_3,atacseq,atacseq1000,small,3,2.0,without_ls,slack,215010,333.0,True,4.218448
primary,setting3_atacseq1000_72_286_29_1_3,atacseq,atacseq1000,small,3,2.0,without_ls,slackR,211644,395.0,True,4.218448
primary,setting3_atacseq1000_72_286_29_1_3,atacseq,atacseq1000,small,3,2.0,without_ls,slackW,217123,327.0,True,4.218448
primary,setting3_atacseq1000_72_286_29_1_3,atacseq,atacseq1000,small,3,2.0,without_ls,slackWR,213803,386.0,True,4.218448
primary,setting3_atacseq1000_72_429_43_1_3,atacseq,atacseq1000,small,3,3.0,baseline,baseline,195300,5.0,True,0.174933
primary,setting3_atacseq1000_72_429_43_1_3,atacseq,atacseq1000,small,3,3.0,with_ls,press-LS,111414,437.0,True,5.34254
primary,setting3_atacseq1000_72_429_43_1_3,atacseq,atacseq1000,small,3,3.0,with_ls,pressR-LS,96628,582.0,True,5.34254
primary,setting3_atacseq1000_72_429_43_1_3,atacseq,atacseq1000,small,3,3.0,with_ls,pressW-LS,106332,476.0,True,5.34254
primary,setting3_atacseq1000_72_429_43_1_3,atacseq,atacseq1000,small,3,3.0,with_ls,pressWR-LS,98897,562.0,True,5.34254
primary,setting3_atacseq1000_72_429_43_1_3,atacseq,atacseq1000,small,3,3.0,with_ls,slack-LS,115339,445.0,True,5.34254
primary,setting3_atacseq1000_72_429_43_1_3,atacseq,atacseq1000,small,3,3.0,with_ls,slackR-LS,105915,546.0,True,5.34254
primary,setting3_atacseq1000_72_429_43_1_3,atacseq,atacseq1000,small,3,3.0,with_ls,slackW-LS,115040,457.0,True,5.34254
primary,setting3_atacseq1000_72_429_43_1_3,atacseq,atacseq1000,small,3,3.0,with_ls,slackWR-LS,100887,514.0,True,5.34254
primary,setting3_atacseq1000_72_429_43_1_3,atacseq,atacseq1000,small,3,3.0,without_ls,press,114124,341.0,True,4.527636
primary,setting3_atacseq1000_72_429_43_1_3,atacseq,atacseq1000,small,3,3.0,without_ls,pressR,98421,464.0,True,4.527636
primary,setting3_atacseq1000_72_429_43_1_3,atacseq,atacseq1000,small,3,3.0,without_ls,pressW,108801,329.0,True,4.527636
primary,setting3_atacseq1000_72_429_43_1_3,atacseq,atacseq1000,small,3,3.0,without_ls,pressWR,102857,456.0,True,4.527636
primary,setting3_atacseq1000_72_429_43_1_3,atacseq,atacseq1000,small,3,3.0,without_ls,slack,116372,334.0,True,4.527636
primary,setting3_atacseq1000_72_429_43_1_3,atacseq,atacseq1000,small,3,3.0,without_ls,slackR,107456,465.0,True,4.527636
primary,setting3_atacseq1000_72_429_43_1_3,atacseq,atacseq1000,small,3,3.0,without_ls,slackW,116922,327.0,True,4.527636
primary,setting3_atacseq1000_72_429_43_1_3,atacseq,atacseq1000,small,3,3.0,without_ls,slackWR,102882,469.0,True,4.527636
primary,setting3_atacseq200_144_108_11_1_3,atacseq,atacseq200,large,3,2.0,baseline,baseline,48679,2.0,True,0.046508
primary,setting3_atacseq200_144_108_11_1_3,atacseq,atacseq200,large,3,2.0,with_ls,press-LS,19106,16.0,True,0.455279
primary,setting3_atacseq200_144_108_11_1_3,atacseq,atacseq200,large,3,2.0,with_ls,pressR-LS,13707,18.0,True,0.455279
primary,setting3_atacseq200_144_108_11_1_3,atacseq,atacseq200,large,3,2.0,with_ls,pressW-LS,17277,16.0,True,0.455279
primary,setting3_atacseq200_144_108_11_1_3,atacseq,atacseq200,large,3,2.0,with_ls,pressWR-LS,14525,19.0,True,0.455279
primary,setting3_atacseq200_144_108_11_1_3,atacseq,atacseq200,large,3,2.0,with_ls,slack-LS,18898,17.0,True,0.455279
primary,setting3_atacseq200_144_108_11_1_3,atacseq,atacseq200,large,3,2.0,with_ls,slackR-LS,11171,19.0,True,0.455279
primary,setting3_atacseq200_144_108_11_1_3,atacseq,atacseq200,large,3,2.0,with_ls,slackW-LS,21213,16.0,True,0.455279
primary,setting3_atacseq200_144_108_11_1_3,atacseq,atacseq200,large,3,2.0,with_ls,slackWR-LS,12517,19.0,True,0.455279
primary,setting3_atacseq200_144_108_11_1_3,atacseq,atacseq200,large,3,2.0,without_ls,press,20006,8.0,True,0.431142
primary,setting3_atacseq200_144_108_11_1_3,atacseq,atacseq200,large,3,2.0,without_ls,pressR,13707,14.0,True,0.431142
primary,setting3_atacseq200_144_108_11_1_3,atacseq,atacseq200,large,3,2.0,without_ls,pressW,18582,8.0,True,0.431142
primary,setting3_atacseq200_144_108_11_1_3,atacseq,atacseq200,large,3,2.0,without_ls,pressWR,14527,14.0,True,0.431142
primary,setting3_atacseq200_144_108_11_1_3,atacseq,atacseq200,large,3,2.0,without_ls,slack,20808,9.0,True,0.431142
primary,setting3_atacseq200_144_108_11_1_3,atacseq,atacseq200,large,3,2.0,without_ls,slackR,11675,15.0,True,0.431142
primary,setting3_atacseq200_144_108_11_1_3,atacseq,atacseq200,large,3,2.0,without_ls,slackW,23829,8.0,True,0.431142
primary,setting3_atacseq200_144_108_11_1_3,atacseq,atacseq200,large,3,2.0,without_ls,slackWR,12519,14.0,True,0.431142
primary,setting3_atacseq200_144_162_17_1_3,atacseq,atacseq200,large,3,3.0,baseline,baseline,48648,2.0,True,0.047261
primary,setting3_atacseq200_144_162_17_1_3,atacseq,atacseq200,large,3,3.0,with_ls,press-LS,40488,19.0,True,0.496321
primary,setting3_atacseq200_144_162_17_1_3,atacseq,atacseq200,large,3,3.0,with_ls,pressR-LS,40767,25.0,True,0.496321
primary,setting3_atacseq200_144_162_17_1_3,atacseq,atacseq200,large,3,3.0,with_ls,pressW-LS,41857,19.0,True,0.496321
primary,setting3_atacseq200_144_162_17_1_3,atacseq,atacseq200,large,3,3.0,with_ls,pressWR-LS,40589,25.0,True,0.496321
primary,setting3_atacseq200_144_162_17_1_3,atacseq,atacseq200,large,3,3.0,with_ls,slack-LS,41021,17.0,True,0.496321
primary,setting3_atacseq200_144_162_17_1_3,atacseq,atacseq200,large,3,3.0,with_ls,slackR-LS,40858,23.0,True,0.496321
primary,setting3_atacseq200_144_162_17_1_3,atacseq,atacseq200,large,3,3.0,with_ls,slackW-LS,41639,21.0,True,0.496321
primary,setting3_atacseq200_144_162_17_1_3,atacseq,atacseq200,large,3,3.0,with_ls,slackWR-LS,40646,25.0,True,0.496321
primary,setting3_atacseq200_144_162_17_1_3,atacseq,atacseq200,large,3,3.0,without_ls,press,41861,10.0,True,0.442411
primary,setting3_atacseq200_144_162_17_1_3,atacseq,atacseq200,large,3,3.0,without_ls,pressR,40794,17.0,True,0.442411
primary,setting3_atacseq200_144_162_17_1_3,atacseq,atacseq200,large,3,3.0,without_ls,pressW,42436,10.0,True,0.442411
primary,setting3_atacseq200_144_162_17_1_3,atacseq,atacseq200,large,3,3.0,without_ls,pressWR,40712,16.0,True,0.442411
primary,setting3_atacseq200_144_162_17_1_3,atacseq,atacseq200,large,3,3.0,without_ls,slack,41635,11.0,True,0.442411
primary,setting3_atacseq200_144_162_17_1_3,atacseq,atacseq200,large,3,3.0,without_ls,slackR,41269,17.0,True,0.442411
primary,setting3_atacseq200_144_162_17_1_3,atacseq,atacseq200,large,3,3.0,without_ls,slackW,42914,10.0,True,0.442411
primary,setting3_atacseq200_144_162_17_1_3,atacseq,atacseq200,large,3,3.0,without_ls,slackWR,40762,16.0,True,0.442411
primary,setting3_atacseq200_144_54_6_1_3,atacseq,atacseq200,large,3,1.0,baseline,baseline,35844,3.0,True,0.045775
primary,setting3_atacseq200_144_54_6_1_3,atacseq,atacseq200,large,3,1.0,with_ls,press-LS,30891,11.0,True,0.421497
primary,setting3_atacseq200_144_54_6_1_3,atacseq,atacseq200,large,3,1.0,with_ls,pressR-LS,28428,15.0,True,0.421497
primary,setting3_atacseq200_144_54_6_1_3,atacseq,atacseq200,large,3,1.0,with_ls,pressW-LS,30459,11.0,True,0.421497
primary,setting3_atacseq200_144_54_6_1_3,atacseq,atacseq200,large,3,1.0,with_ls,pressWR-LS,27549,15.0,True,0.421497
primary,setting3_atacseq200_144_54_6_1_3,atacseq,atacseq200,large,3,1.0,with_ls,slack-LS,33839,13.0,True,0.421497
primary,setting3_atacseq200_144_54_6_1_3,atacseq,atacseq200,large,3,1.0,with_ls,slackR-LS,26847,15.0,True,0.421497
primary,setting3_atacseq200_144_54_6_1_3,atacseq,atacseq200,large,3,1.0,with_ls,slackW-LS,33224,12.0,True,0.421497
primary,setting3_atacseq200_144_54_6_1_3,atacseq,atacseq200,large,3,1.0,with_ls,slackWR-LS,27279,15.0,True,0.421497
primary,setting3_atacseq200_144_54_6_1_3,atacseq,atacseq200,large,3,1.0,without_ls,press,32833,8.0,True,0.394793
primary,setting3_atacseq200_144_54_6_1_3,atacseq,atacseq200,large,3,1.0,without_ls,pressR,30161,11.0,True,0.394793
primary,setting3_atacseq200_144_54_6_1_3,atacseq,atacseq200,large,3,1.0,without_ls,pressW,31563,7.0,True,0.394793
primary,setting3_atacseq200_144_54_6_1_3,atacseq,atacseq200,large,3,1.0,without_ls,pressWR,29677,10.0,True,0.394793
primary,setting3_atacseq200_144_54_6_1_3,atacseq,atacseq200,large,3,1.0,without_ls,slack,35610,9.0,True,0.394793
primary,setting3_atacseq200_144_54_6_1_3,atacseq,atacseq200,large,3,1.0,without_ls,slackR,28890,11.0,True,0.394793
primary,setting3_atacseq200_144_54_6_1_3,atacseq,atacseq200,large,3,1.0,without_ls,slackW,34085,8.0,True,0.394793
primary,setting3_atacseq200_144_54_6_1_3,atacseq,atacseq200,large,3,1.0,without_ls,slackWR,28214,10.0,True,0.394793
primary,setting3_atacseq200_144_81_9_1_3,atacseq,atacseq200,large,3,1.5,baseline,baseline,53308,3.0,True,0.046724
primary,setting3_atacseq200_144_81_9_1_3,atacseq,atacseq200,large,3,1.5,with_ls,press-LS,47462,15.0,True,0.453201
primary,setting3_atacseq200_144_81_9_1_3,atacseq,atacseq200,large,3,1.5,with_ls,pressR-LS,46515,20.0,True,0.453201
primary,setting3_atacseq200_144_81_9_1_3,atacseq,atacseq200,large,3,1.5,with_ls,pressW-LS,46789,14.0,True,0.453201
primary,setting3_atacseq200_144_81_9_1_3,atacseq,atacseq200,large,3,1.5,with_ls,pressWR-LS,46418,18.0,True,0.453201
primary,setting3_atacseq200_144_81_9_1_3,atacseq,atacseq200,large,3,1.5,with_ls,slack-LS,46912,15.0,True,0.453201
primary,setting3_atacseq200_144_81_9_1_3,atacseq,atacseq200,large,3,1.5,with_ls,slackR-LS,46968,19.0,True,0.453201
primary,setting3_atacseq200_144_81_9_1_3,atacseq,atacseq200,large,3,1.5,with_ls,slackW-LS,47437,13.0,True,0.453201
primary,setting3_atacseq200_144_81_9_1_3,atacseq,atacseq200,large,3,1.5,with_ls,slackWR-LS,46540,19.0,True,0.453201
primary,setting3_atacseq200_144_81_9_1_3,atacseq,atacseq200,large,3,1.5,without_ls,press,48691,9.0,True,0.413561
primary,setting3_atacseq200_144_81_9_1_3,atacseq,atacseq200,large,3,1.5,without_ls,pressR,48385,12.0,True,0.413561
primary,setting3_atacseq200_144_81_9_1_3,atacseq,atacseq200,large,3,1.5,without_ls,pressW,48307,8.0,True,0.413561
primary,setting3_atacseq200_144_81_9_1_3,atacseq,atacseq200,large,3,1.5,without_ls,pressWR,47921,12.0,True,0.413561
primary,setting3_atacseq200_144_81_9_1_3,atacseq,atacseq200,large,3,1.5,without_ls,slack,48027,9.0,True,0.413561
primary,setting3_atacseq200_144_81_9_1_3,atacseq,atacseq200,large,3,1.5,without_ls,slackR,49247,12.0,True,0.413561
primary,setting3_atacseq200_144_81_9_1_3,atacseq,atacseq200,large,3,1.5,without_ls,slackW,48677,8.0,True,0.413561
primary,setting3_atacseq200_144_81_9_1_3,atacseq,atacseq200,large,3,1.5,without_ls,slackWR,48924,12.0,True,0.413561
primary,setting3_atacseq200_72_110_11_1_3,atacseq,atacseq200,small,3,2.0,baseline,baseline,43989,1.0,True,0.03989
primary,setting3_atacseq200_72_110_11_1_3,atacseq,atacseq200,small,3,2.0,with_ls,press-LS,23445,10.0,True,0.394471
primary,setting3_atacseq200_72_110_11_1_3,atacseq,atacseq200,small,3,2.0,with_ls,pressR-LS,17426,15.0,True,0.394471
primary,setting3_atacseq200_72_110_11_1_3,atacseq,atacseq200,small,3,2.0,with_ls,pressW-LS,23105,11.0,True,0.394471
primary,setting3_atacseq200_72_110_11_1_3,atacseq,atacseq200,small,3,2.0,with_ls,pressWR-LS,17113,15.0,True,0.394471
primary,setting3_atacseq200_72_110_11_1_3,atacseq,atacseq200,small,3,2.0,with_ls,slack-LS,26543,12.0,True,0.394471
primary,setting3_atacseq200_72_110_11_1_3,atacseq,atacseq200,small,3,2.0,with_ls,slackR-LS,15274,16.0,True,0.394471
primary,setting3_atacseq200_72_110_11_1_3,atacseq,atacseq200,small,3,2.0,with_ls,slackW-LS,31845,13.0,True,0.394471
primary,setting3_atacseq200_72_110_11_1_3,atacseq,atacseq200,small,3,2.0,with_ls,slackWR-LS,25924,15.0,True,0.394471
primary,setting3_atacseq200_72_110_11_1_3,atacseq,atacseq200,small,3,2.0,without_ls,press,23472,7.0,True,0.363242
primary,setting3_atacseq200_72_110_11_1_3,atacseq,atacseq200,small,3,2.0,without_ls,pressR,17817,12.0,True,0.363242
primary,setting3_atacseq200_72_110_11_1_3,atacseq,atacseq200,small,3,2.0,without_ls,pressW,23867,6.0,True,0.363242
primary,setting3_atacseq200_72_110_11_1_3,atacseq,atacseq200,small,3,2.0,without_ls,pressWR,17414,11.0,True,0.363242
primary,setting3_atacseq200_72_110_11_1_3,atacseq,atacseq200,small,3,2.0,without_ls,slack,26955,7.0,True,0.363242
primary,setting3_atacseq200_72_110_11_1_3,atacseq,atacseq200,small,3,2.0,without_ls,slackR,15783,12.0,True,0.363242
primary,setting3_atacseq200_72_110_11_1_3,atacseq,atacseq200,small,3,2.0,without_ls,slackW,33169,7.0,True,0.363242
primary,setting3_atacseq200_72_110_11_1_3,atacseq,atacseq200,small,3,2.0,without_ls,slackWR,26359,11.0,True,0.363242
primary,setting3_atacseq200_72_165_17_1_3,atacseq,atacseq200,small,3,3.0,baseline,baseline,44013,1.0,True,0.039295
primary,setting3_atacseq200_72_165_17_1_3,atacseq,atacseq200,small,3,3.0,with_ls,press-LS,32007,14.0,True,0.44107
primary,setting3_atacseq200_72_165_17_1_3,atacseq,atacseq200,small,3,3.0,with_ls,pressR-LS,31674,21.0,True,0.44107
primary,setting3_atacseq200_72_165_17_1_3,atacseq,atacseq200,small,3,3.0,with_ls,pressW-LS,32091,19.0,True,0.44107
primary,setting3_atacseq200_72_165_17_1_3,atacseq,atacseq200,small,3,3.0,with_ls,pressWR-LS,31087,20.0,True,0.44107
primary,setting3_atacseq200_72_165_17_1_3,atacseq,atacseq200,small,3,3.0,with_ls,slack-LS,33745,19.0,True,0.44107
primary,setting3_atacseq200_72_165_17_1_3,atacseq,atacseq200,small,3,3.0,with_ls,slackR-LS,31632,21.0,True,0.44107
primary,setting3_atacseq200_72_165_17_1_3,atacseq,atacseq200,small,3,3.0,with_ls,slackW-LS,32281,18.0,True,0.44107
primary,setting3_atacseq200_72_165_17_1_3,atacseq,atacseq200,small,3,3.0,with_ls,slackWR-LS,31130,21.0,True,0.44107
primary,setting3_atacseq200_72_165_17_1_3,atacseq,atacseq200,small,3,3.0,without_ls,press,33067,7.0,True,0.377926
primary,setting3_atacseq200_72_165_17_1_3,atacseq,atacseq200,small,3,3.0,without_ls,pressR,31701,15.0,True,0.377926
primary,setting3_atacseq200_72_165_17_1_3,atacseq,atacseq200,small,3,3.0,without_ls,pressW,33450,7.0,True,0.377926
primary,setting3_atacseq200_72_165_17_1_3,atacseq,atacseq200,small,3,3.0,without_ls,pressWR,31104,14.0,True,0.377926
primary,setting3_atacseq200_72_165_17_1_3,atacseq,atacseq200,small,3,3.0,without_ls,slack,34937,9.0,True,0.377926
primary,setting3_atacseq200_72_165_17_1_3,atacseq,atacseq200,small,3,3.0,without_ls,slackR,32556,15.0,True,0.377926
primary,setting3_atacseq200_72_165_17_1_3,atacseq,atacseq200,small,3,3.0,without_ls,slackW,33360,7.0,True,0.377926
primary,setting3_atacseq200_72_165_17_1_3,atacseq,atacseq200,small,3,3.0,without_ls,slackWR,31233,14.0,True,0.377926
primary,setting3_atacseq200_72_55_6_1_3,atacseq,atacseq200,small,3,1.0,baseline,baseline,33493,1.0,True,0.039681
primary,setting3_atacseq200_72_55_6_1_3,atacseq,atacseq200,small,3,1.0,with_ls,press-LS,30056,8.0,True,0.367649
primary,setting3_atacseq200_72_55_6_1_3,atacseq,atacseq200,small,3,1.0,with_ls,pressR-LS,26434,11.0,True,0.367649
primary,setting3_atacseq200_72_55_6_1_3,atacseq,atacseq200,small,3,1.0,with_ls,pressW-LS,29607,9.0,True,0.367649
primary,setting3_atacseq200_72_55_6_1_3,atacseq,atacseq200,small,3,1.0,with_ls,pressWR-LS,27096,12.0,True,0.367649
primary,setting3_atacseq200_72_55_6_1_3,atacseq,atacseq200,small,3,1.0,with_ls,slack-LS,30459,9.0,True,0.367649
primary,setting3_atacseq200_72_55_6_1_3,atacseq,atacseq200,small,3,1.0,with_ls,slackR-LS,26928,13.0,True,0.367649
primary,setting3_atacseq200_72_55_6_1_3,atacseq,atacseq200,small,3,1.0,with_ls,slackW-LS,30024,9.0,True,0.367649
primary,setting3_atacseq200_72_55_6_1_3,atacseq,atacseq200,small,3,1.0,with_ls,slackWR-LS,26943,10.0,True,0.367649
primary,setting3_atacseq200_72_55_6_1_3,atacseq,atacseq200,small,3,1.0,without_ls,press,33106,6.0,True,0.345452
primary,setting3_atacseq200_72_55_6_1_3,atacseq,atacseq200,small,3,1.0,without_ls,pressR,29275,9.0,True,0.345452
primary,setting3_atacseq200_72_55_6_1_3,atacseq,atacseq200,small,3,1.0,without_ls,pressW,32906,6.0,True,0.345452
primary,setting3_atacseq200_72_55_6_1_3,atacseq,atacseq200,small,3,1.0,without_ls,pressWR,28178,8.0,True,0.345452
primary,setting3_atacseq200_72_55_6_1_3,atacseq,atacseq200,small,3,1.0,without_ls,slack,32619,7.0,True,0.345452
primary,setting3_atacseq200_72_55_6_1_3,atacseq,atacseq200,small,3,1.0,without_ls,slackR,27914,10.0,True,0.345452
primary,setting3_atacseq200_72_55_6_1_3,atacseq,atacseq200,small,3,1.0,without_ls,slackW,33021,6.0,True,0.345452
primary,setting3_atacseq200_72_55_6_1_3,atacseq,atacseq200,small,3,1.0,without_ls,slackWR,27587,9.0,True,0.345452
primary,setting3_atacseq200_72_83_9_1_3,atacseq,atacseq200,small,3,1.5,baseline,baseline,50420,1.0,True,0.039768
primary,setting3_atacseq200_72_83_9_1_3,atacseq,atacseq200,small,3,1.5,with_ls,press-LS,42925,12.0,True,0.387916
primary,setting3_atacseq200_72_83_9_1_3,atacseq,atacseq200,small,3,1.5,with_ls,pressR-LS,42537,14.0,True,0.387916
primary,setting3_atacseq200_72_83_9_1_3,atacseq,atacseq200,small,3,1.5,with_ls,pressW-LS,43633,11.0,True,0.387916
primary,setting3_atacseq200_72_83_9_1_3,atacseq,atacseq200,small,3,1.5,with_ls,pressWR-LS,42647,15.0,True,0.387916
primary,setting3_atacseq200_72_83_9_1_3,atacseq,atacseq200,small,3,1.5,with_ls,slack-LS,45310,12.0,True,0.387916
primary,setting3_atacseq200_72_83_9_1_3,atacseq,atacseq200,small,3,1.5,with_ls,slackR-LS,43191,16.0,True,0.387916
primary,setting3_atacseq200_72_83_9_1_3,atacseq,atacseq200,small,3,1.5,with_ls,slackW-LS,43753,10.0,True,0.387916
primary,setting3_atacseq200_72_83_9_1_3,atacseq,atacseq200,small,3,1.5,with_ls,slackWR-LS,43821,14.0,True,0.387916
primary,setting3_atacseq200_72_83_9_1_3,atacseq,atacseq200,small,3,1.5,without_ls,press,45659,7.0,True,0.354219
primary,setting3_atacseq200_72_83_9_1_3,atacseq,atacseq200,small,3,1.5,without_ls,pressR,44590,10.0,True,0.354219
primary,setting3_atacseq200_72_83_9_1_3,atacseq,atacseq200,small,3,1.5,without_ls,pressW,46417,8.0,True,0.354219
primary,setting3_atacseq200_72_83_9_1_3,atacseq,atacseq200,small,3,1.5,without_ls,pressWR,45022,10.0,True,0.354219
primary,setting3_atacseq200_72_83_9_1_3,atacseq,atacseq200,small,3,1.5,without_ls,slack,49128,8.0,True,0.354219
primary,setting3_atacseq200_72_83_9_1_3,atacseq,atacseq200,small,3,1.5,without_ls,slackR,44422,11.0,True,0.354219
primary,setting3_atacseq200_72_83_9_1_3,atacseq,atacseq200,small,3,1.5,without_ls,slackW,47529,6.0,True,0.354219
primary,setting3_atacseq200_72_83_9_1_3,atacseq,atacseq200,small,3,1.5,without_ls,slackWR,44707,10.0,True,0.354219
primary,setting3_bacass_144_21_3_1_3,bacass,bacass,large,3,1.0,baseline,baseline,1210,2.0,True,0.014349
primary,setting3_bacass_144_21_3_1_3,bacass,bacass,large,3,1.0,with_ls,press-LS,1210,3.0,True,0.092601
primary,setting3_bacass_144_21_3_1_3,bacass,bacass,large,3,1.0,with_ls,pressR-LS,1216,4.0,True,0.092601
primary,setting3_bacass_144_21_3_1_3,bacass,bacass,large,3,1.0,with_ls,pressW-LS,1210,3.0,True,0.092601
primary,setting3_bacass_144_21_3_1_3,bacass,bacass,large,3,1.0,with_ls,pressWR-LS,1212,4.0,True,0.092601
primary,setting3_bacass_144_21_3_1_3,bacass,bacass,large,3,1.0,with_ls,slack-LS,1210,3.0,True,0.092601
primary,setting3_bacass_144_21_3_1_3,bacass,bacass,large,3,1.0,with_ls,slackR-LS,1210,3.0,True,0.092601
primary,setting3_bacass_144_21_3_1_3,bacass,bacass,large,3,1.0,with_ls,slackW-LS,1210,3.0,True,0.092601
primary,setting3_bacass_144_21_3_1_3,bacass,bacass,large,3,1.0,with_ls,slackWR-LS,1210,3.0,True,0.092601
primary,setting3_bacass_144_21_3_1_3,bacass,bacass,large,3,1.0,without_ls,press,1517,1.0,True,0.083478
primary,setting3_bacass_144_21_3_1_3,bacass,bacass,large,3,1.0,without_ls,pressR,1216,1.0,True,0.083478
primary,setting3_bacass_144_21_3_1_3,bacass,bacass,large,3,1.0,without_ls,pressW,1413,1.0,True,0.083478
primary,setting3_bacass_144_21_3_1_3,bacass,bacass,large,3,1.0,without_ls,pressWR,1216,1.0,True,0.083478
primary,setting3_bacass_144_21_3_1_3,bacass,bacass,large,3,1.0,without_ls,slack,1213,2.0,True,0.083478
primary,setting3_bacass_144_21_3_1_3,bacass,bacass,large,3,1.0,without_ls,slackR,1212,2.0,True,0.083478
primary,setting3_bacass_144_21_3_1_3,bacass,bacass,large,3,1.0,without_ls,slackW,1818,2.0,True,0.083478
primary,setting3_bacass_144_21_3_1_3,bacass,bacass,large,3,1.0,without_ls,slackWR,1414,1.0,True,0.083478
primary,setting3_bacass_144_32_4_1_3,bacass,bacass,large,3,1.5,baseline,baseline,1210,2.0,True,0.014188
primary,setting3_bacass_144_32_4_1_3,bacass,bacass,large,3,1.5,with_ls,press-LS,710,3.0,True,0.09382
primary,setting3_bacass_144_32_4_1_3,bacass,bacass,large,3,1.5,with_ls,pressR-LS,1010,3.0,True,0.09382
primary,setting3_bacass_144_32_4_1_3,bacass,bacass,large,3,1.5,with_ls,pressW-LS,710,2.0,True,0.09382
primary,setting3_bacass_144_32_4_1_3,bacass,bacass,large,3,1.5,with_ls,pressWR-LS,610,3.0,True,0.09382
primary,setting3_bacass_144_32_4_1_3,bacass,bacass,large,3,1.5,with_ls,slack-LS,506,3.0,True,0.09382
primary,setting3_bacass_144_32_4_1_3,bacass,bacass,large,3,1.5,with_ls,slackR-LS,506,4.0,True,0.09382
primary,setting3_bacass_144_32_4_1_3,bacass,bacass,large,3,1.5,with_ls,slackW-LS,1010,2.0,True,0.09382
primary,setting3_bacass_144_32_4_1_3,bacass,bacass,large,3,1.5,with_ls,slackWR-LS,1010,4.0,True,0.09382
primary,setting3_bacass_144_32_4_1_3,bacass,bacass,large,3,1.5,without_ls,press,1124,2.0,True,0.08339
primary,setting3_bacass_144_32_4_1_3,bacass,bacass,large,3,1.5,without_ls,pressR,1012,1.0,True,0.08339
primary,setting3_bacass_144_32_4_1_3,bacass,bacass,large,3,1.5,without_ls,pressW,1120,2.0,True,0.08339
primary,setting3_bacass_144_32_4_1_3,bacass,bacass,large,3,1.5,without_ls,pressWR,610,2.0,True,0.08339
primary,setting3_bacass_144_32_4_1_3,bacass,bacass,large,3,1.5,without_ls,slack,1114,2.0,True,0.08339
primary,setting3_bacass_144_32_4_1_3,bacass,bacass,large,3,1.5,without_ls,slackR,806,2.0,True,0.08339
primary,setting3_bacass_144_32_4_1_3,bacass,bacass,large,3,1.5,without_ls,slackW,1216,1.0,True,0.08339
primary,setting3_bacass_144_32_4_1_3,bacass,bacass,large,3,1.5,without_ls,slackWR,1214,2.0,True,0.08339
primary,setting3_bacass_144_42_5_1_3,bacass,bacass,large,3,2.0,baseline,baseline,1208,2.0,True,0.014416
primary,setting3_bacass_144_42_5_1_3,bacass,bacass,large,3,2.0,with_ls,press-LS,1118,3.0,True,0.095039
primary,setting3_bacass_144_42_5_1_3,bacass,bacass,large,3,2.0,with_ls,pressR-LS,808,4.0,True,0.095039
primary,setting3_bacass_144_42_5_1_3,bacass,bacass,large,3,2.0,with_ls,pressW-LS,1118,3.0,True,0.095039
primary,setting3_bacass_144_42_5_1_3,bacass,bacass,large,3,2.0,with_ls,pressWR-LS,808,4.0,True,0.095039
primary,setting3_bacass_144_42_5_1_3,bacass,bacass,large,3,2.0,with_ls,slack-LS,814,4.0,True,0.095039
primary,setting3_bacass_144_42_5_1_3,bacass,bacass,large,3,2.0,with_ls,slackR-LS,808,4.0,True,0.095039
primary,setting3_bacass_144_42_5_1_3,bacass,bacass,large,3,2.0,with_ls,slackW-LS,812,3.0,True,0.095039
primary,setting3_bacass_144_42_5_1_3,bacass,bacass,large,3,2.0,with_ls,slackWR-LS,808,4.0,True,0.095039
primary,setting3_bacass_144_42_5_1_3,bacass,bacass,large,3,2.0,without_ls,press,1320,2.0,True,0.083804
primary,setting3_bacass_144_42_5_1_3,bacass,bacass,large,3,2.0,without_ls,pressR,1016,2.0,True,0.083804
primary,setting3_bacass_144_42_5_1_3,bacass,bacass,large,3,2.0,without_ls,pressW,1318,2.0,True,0.083804
primary,setting3_bacass_144_42_5_1_3,bacass,bacass,large,3,2.0,without_ls,pressWR,1014,2.0,True,0.083804
primary,setting3_bacass_144_42_5_1_3,bacass,bacass,large,3,2.0,without_ls,slack,918,2.0,True,0.083804
primary,setting3_bacass_144_42_5_1_3,bacass,bacass,large,3,2.0,without_ls,slackR,1016,2.0,True,0.083804
primary,setting3_bacass_144_42_5_1_3,bacass,bacass,large,3,2.0,without_ls,slackW,812,2.0,True,0.083804
primary,setting3_bacass_144_42_5_1_3,bacass,bacass,large,3,2.0,without_ls,slackWR,1014,2.0,True,0.083804
primary,setting3_bacass_144_63_7_1_3,bacass,bacass,large,3,3.0,baseline,baseline,1208,2.0,True,0.014413
primary,setting3_bacass_144_63_7_1_3,bacass,bacass,large,3,3.0,with_ls,press-LS,0,4.0,True,0.095899
primary,setting3_bacass_144_63_7_1_3,bacass,bacass,large,3,3.0,with_ls,pressR-LS,408,4.0,True,0.095899
primary,setting3_bacass_144_63_7_1_3,bacass,bacass,large,3,3.0,with_ls,pressW-LS,316,3.0,True,0.095899
primary,setting3_bacass_144_63_7_1_3,bacass,bacass,large,3,3.0,with_ls,pressWR-LS,408,3.0,True,0.095899
primary,setting3_bacass_144_63_7_1_3,bacass,bacass,large,3,3.0,with_ls,slack-LS,310,4.0,True,0.095899
primary,setting3_bacass_144_63_7_1_3,bacass,bacass,large,3,3.0,with_ls,slackR-LS,404,4.0,True,0.095899
primary,setting3_bacass_144_63_7_1_3,bacass,bacass,large,3,3.0,with_ls,slackW-LS,812,3.0,True,0.095899
primary,setting3_bacass_144_63_7_1_3,bacass,bacass,large,3,3.0,with_ls,slackWR-LS,808,4.0,True,0.095899
primary,setting3_bacass_144_63_7_1_3,bacass,bacass,large,3,3.0,without_ls,press,2,2.0,True,0.086015
primary,setting3_bacass_144_63_7_1_3,bacass,bacass,large,3,3.0,without_ls,pressR,614,1.0,True,0.086015
primary,setting3_bacass_144_63_7_1_3,bacass,bacass,large,3,3.0,without_ls,pressW,318,1.0,True,0.086015
primary,setting3_bacass_144_63_7_1_3,bacass,bacass,large,3,3.0,without_ls,pressWR,612,1.0,True,0.086015
primary,setting3_bacass_144_63_7_1_3,bacass,bacass,large,3,3.0,without_ls,slack,714,2.0,True,0.086015
primary,setting3_bacass_144_63_7_1_3,bacass,bacass,large,3,3.0,without_ls,slackR,1004,2.0,True,0.086015
primary,setting3_bacass_144_63_7_1_3,bacass,bacass,large,3,3.0,without_ls,slackW,812,1.0,True,0.086015
primary,setting3_bacass_144_63_7_1_3,bacass,bacass,large,3,3.0,without_ls,slackWR,1014,2.0,True,0.086015
primary,setting3_bacass_72_21_3_1_3,bacass,bacass,small,3,1.0,baseline,baseline,1210,0.0,True,0.008046
primary,setting3_bacass_72_21_3_1_3,bacass,bacass,small,3,1.0,with_ls,press-LS,1210,0.0,True,0.037238
primary,setting3_bacass_72_21_3_1_3,bacass,bacass,small,3,1.0,with_ls,pressR-LS,1212,0.0,True,0.037238
primary,setting3_bacass_72_21_3_1_3,bacass,bacass,small,3,1.0,with_ls,pressW-LS,1210,0.0,True,0.037238
primary,setting3_bacass_72_21_3_1_3,bacass,bacass,small,3,1.0,with_ls,pressWR-LS,1212,0.0,True,0.037238
primary,setting3_bacass_72_21_3_1_3,bacass,bacass,small,3,1.0,with_ls,slack-LS,1210,0.0,True,0.037238
primary,setting3_bacass_72_21_3_1_3,bacass,bacass,small,3,1.0,with_ls,slackR-LS,1210,0.0,True,0.037238
primary,setting3_bacass_72_21_3_1_3,bacass,bacass,small,3,1.0,with_ls,slackW-LS,1210,0.0,True,0.037238
primary,setting3_bacass_72_21_3_1_3,bacass,bacass,small,3,1.0,with_ls,slackWR-LS,1210,0.0,True,0.037238
primary,setting3_bacass_72_21_3_1_3,bacass,bacass,small,3,1.0,without_ls,press,1520,0.0,True,0.033782
primary,setting3_bacass_72_21_3_1_3,bacass,bacass,small,3,1.0,without_ls,pressR,1214,0.0,True,0.033782
primary,setting3_bacass_72_21_3_1_3,bacass,bacass,small,3,1.0,without_ls,pressW,1416,0.0,True,0.033782
primary,setting3_bacass_72_21_3_1_3,bacass,bacass,small,3,1.0,without_ls,pressWR,1218,0.0,True,0.033782
primary,setting3_bacass_72_21_3_1_3,bacass,bacass,small,3,1.0,without_ls,slack,1214,0.0,True,0.033782
primary,setting3_bacass_72_21_3_1_3,bacass,bacass,small,3,1.0,without_ls,slackR,1212,0.0,True,0.033782
primary,setting3_bacass_72_21_3_1_3,bacass,bacass,small,3,1.0,without_ls,slackW,1818,0.0,True,0.033782
primary,setting3_bacass_72_21_3_1_3,bacass,bacass,small,3,1.0,without_ls,slackWR,1414,0.0,True,0.033782
primary,setting3_bacass_72_32_4_1_3,bacass,bacass,small,3,1.5,baseline,baseline,1210,0.0,True,0.008122
primary,setting3_bacass_72_32_4_1_3,bacass,bacass,small,3,1.5,with_ls,press-LS,710,0.0,True,0.036526
primary,setting3_bacass_72_32_4_1_3,bacass,bacass,small,3,1.5,with_ls,pressR-LS,1010,0.0,True,0.036526
primary,setting3_bacass_72_32_4_1_3,bacass,bacass,small,3,1.5,with_ls,pressW-LS,710,0.0,True,0.036526
primary,setting3_bacass_72_32_4_1_3,bacass,bacass,small,3,1.5,with_ls,pressWR-LS,610,0.0,True,0.036526
primary,setting3_bacass_72_32_4_1_3,bacass,bacass,small,3,1.5,with_ls,slack-LS,506,0.0,True,0.036526
primary,setting3_bacass_72_32_4_1_3,bacass,bacass,small,3,1.5,with_ls,slackR-LS,506,0.0,True,0.036526
primary,setting3_bacass_72_32_4_1_3,bacass,bacass,small,3,1.5,with_ls,slackW-LS,1010,0.0,True,0.036526
primary,setting3_bacass_72_32_4_1_3,bacass,bacass,small,3,1.5,with_ls,slackWR-LS,1010,0.0,True,0.036526
primary,setting3_bacass_72_32_4_1_3,bacass,bacass,small,3,1.5,without_ls,press,1125,0.0,True,0.034465
primary,setting3_bacass_72_32_4_1_3,bacass,bacass,small,3,1.5,without_ls,pressR,1012,0.0,True,0.034465
primary,setting3_bacass_72_32_4_1_3,bacass,bacass,small,3,1.5,without_ls,pressW,1117,0.0,True,0.034465
primary,setting3_bacass_72_32_4_1_3,bacass,bacass,small,3,1.5,without_ls,pressWR,612,0.0,True,0.034465
primary,setting3_bacass_72_32_4_1_3,bacass,bacass,small,3,1.5,without_ls,slack,711,0.0,True,0.034465
primary,setting3_bacass_72_32_4_1_3,bacass,bacass,small,3,1.5,without_ls,slackR,508,0.0,True,0.034465
primary,setting3_bacass_72_32_4_1_3,bacass,bacass,small,3,1.5,without_ls,slackW,1217,0.0,True,0.034465
primary,setting3_bacass_72_32_4_1_3,bacass,bacass,small,3,1.5,without_ls,slackWR,1216,0.0,True,0.034465
primary,setting3_bacass_72_42_5_1_3,bacass,bacass,small,3,2.0,baseline,baseline,1208,0.0,True,0.007926
primary,setting3_bacass_72_42_5_1_3,bacass,bacass,small,3,2.0,with_ls,press-LS,1118,0.0,True,0.037601
primary,setting3_bacass_72_42_5_1_3,bacass,bacass,small,3,2.0,with_ls,pressR-LS,808,0.0,True,0.037601
primary,setting3_bacass_72_42_5_1_3,bacass,bacass,small,3,2.0,with_ls,pressW-LS,1118,0.0,True,0.037601
primary,setting3_bacass_72_42_5_1_3,bacass,bacass,small,3,2.0,with_ls,pressWR-LS,808,0.0,True,0.037601
primary,setting3_bacass_72_42_5_1_3,bacass,bacass,small,3,2.0,with_ls,slack-LS,814,0.0,True,0.037601
primary,setting3_bacass_72_42_5_1_3,bacass,bacass,small,3,2.0,with_ls,slackR-LS,808,0.0,True,0.037601
primary,setting3_bacass_72_42_5_1_3,bacass,bacass,small,3,2.0,with_ls,slackW-LS,812,0.0,True,0.037601
primary,setting3_bacass_72_42_5_1_3,bacass,bacass,small,3,2.0,with_ls,slackWR-LS,808,0.0,True,0.037601
primary,setting3_bacass_72_42_5_1_3,bacass,bacass,small,3,2.0,without_ls,press,1320,0.0,True,0.034855
primary,setting3_bacass_72_42_5_1_3,bacass,bacass,small,3,2.0,without_ls,pressR,1016,0.0,True,0.034855
primary,setting3_bacass_72_42_5_1_3,bacass,bacass,small,3,2.0,without_ls,pressW,1318,0.0,True,0.034855
primary,setting3_bacass_72_42_5_1_3,bacass,bacass,small,3,2.0,without_ls,pressWR,1014,0.0,True,0.034855
primary,setting3_bacass_72_42_5_1_3,bacass,bacass,small,3,2.0,without_ls,slack,918,0.0,True,0.034855
primary,setting3_bacass_72_42_5_1_3,bacass,bacass,small,3,2.0,without_ls,slackR,1016,0.0,True,0.034855
primary,setting3_bacass_72_42_5_1_3,bacass,bacass,small,3,2.0,without_ls,slackW,812,0.0,True,0.034855
primary,setting3_bacass_72_42_5_1_3,bacass,bacass,small,3,2.0,without_ls,slackWR,1014,0.0,True,0.034855
primary,setting3_bacass_72_63_7_1_3,bacass,bacass,small,3,3.0,baseline,baseline,1208,0.0,True,0.007897
primary,setting3_bacass_72_63_7_1_3,bacass,bacass,small,3,3.0,with_ls,press-LS,0,0.0,True,0.036246
primary,setting3_bacass_72_63_7_1_3,bacass,bacass,small,3,3.0,with_ls,pressR-LS,408,0.0,True,0.036246
primary,setting3_bacass_72_63_7_1_3,bacass,bacass,small,3,3.0,with_ls,pressW-LS,316,0.0,True,0.036246
primary,setting3_bacass_72_63_7_1_3,bacass,bacass,small,3,3.0,with_ls,pressWR-LS,408,0.0,True,0.036246
primary,setting3_bacass_72_63_7_1_3,bacass,bacass,small,3,3.0,with_ls,slack-LS,307,0.0,True,0.036246
primary,setting3_bacass_72_63_7_1_3,bacass,bacass,small,3,3.0,with_ls,slackR-LS,404,0.0,True,0.036246
primary,setting3_bacass_72_63_7_1_3,bacass,bacass,small,3,3.0,with_ls,slackW-LS,812,0.0,True,0.036246
primary,setting3_bacass_72_63_7_1_3,bacass,bacass,small,3,3.0,with_ls,slackWR-LS,808,0.0,True,0.036246
primary,setting3_bacass_72_63_7_1_3,bacass,bacass,small,3,3.0,without_ls,press,2,0.0,True,0.034349
primary,setting3_bacass_72_63_7_1_3,bacass,bacass,small,3,3.0,without_ls,pressR,613,0.0,True,0.034349
primary,setting3_bacass_72_63_7_1_3,bacass,bacass,small,3,3.0,without_ls,pressW,318,0.0,True,0.034349
primary,setting3_bacass_72_63_7_1_3,bacass,bacass,small,3,3.0,without_ls,pressWR,612,0.0,True,0.034349
primary,setting3_bacass_72_63_7_1_3,bacass,bacass,small,3,3.0,without_ls,slack,411,0.0,True,0.034349
primary,setting3_bacass_72_63_7_1_3,bacass,bacass,small,3,3.0,without_ls,slackR,1004,0.0,True,0.034349
primary,setting3_bacass_72_63_7_1_3,bacass,bacass,small,3,3.0,without_ls,slackW,812,0.0,True,0.034349
primary,setting3_bacass_72_63_7_1_3,bacass,bacass,small,3,3.0,without_ls,slackWR,1014,0.0,True,0.034349
primary,setting3_eager1000_144_132_14_1_3,eager,eager1000,large,3,1.5,baseline,baseline,203192,12.0,True,0.275742
primary,setting3_eager1000_144_132_14_1_3,eager,eager1000,large,3,1.5,with_ls,press-LS,179278,752.0,True,8.163781
primary,setting3_eager1000_144_132_14_1_3,eager,eager1000,large,3,1.5,with_ls,pressR-LS,172954,806.0,True,8.163781
primary,setting3_eager1000_144_132_14_1_3,eager,eager1000,large,3,1.5,with_ls,pressW-LS,182380,733.0,True,8.163781
primary,setting3_eager1000_144_132_14_1_3,eager,eager1000,large,3,1.5,with_ls,pressWR-LS,172835,783.0,True,8.163781
primary,setting3_eager1000_144_132_14_1_3,eager,eager1000,large,3,1.5,with_ls,slack-LS,191984,747.0,True,8.163781
primary,setting3_eager1000_144_132_14_1_3,eager,eager1000,large,3,1.5,with_ls,slackR-LS,182841,794.0,True,8.163781
primary,setting3_eager1000_144_132_14_1_3,eager,eager1000,large,3,1.5,with_ls,slackW-LS,194080,699.0,True,8.163781
primary,setting3_eager1000_144_132_14_1_3,eager,eager1000,large,3,1.5,with_ls,slackWR-LS,180993,773.0,True,8.163781
primary,setting3_eager1000_144_132_14_1_3,eager,eager1000,large,3,1.5,without_ls,press,182788,704.0,True,7.703786
primary,setting3_eager1000_144_132_14_1_3,eager,eager1000,large,3,1.5,without_ls,pressR,178360,758.0,True,7.703786
primary,setting3_eager1000_144_132_14_1_3,eager,eager1000,large,3,1.5,without_ls,pressW,187612,662.0,True,7.703786
primary,setting3_eager1000_144_132_14_1_3,eager,eager1000,large,3,1.5,without_ls,pressWR,179178,719.0,True,7.703786
primary,setting3_eager1000_144_132_14_1_3,eager,eager1000,large,3,1.5,without_ls,slack,200763,688.0,True,7.703786
primary,setting3_eager1000_144_132_14_1_3,eager,eager1000,large,3,1.5,without_ls,slackR,188344,740.0,True,7.703786
primary,setting3_eager1000_144_132_14_1_3,eager,eager1000,large,3,1.5,without_ls,slackW,199731,644.0,True,7.703786
primary,setting3_eager1000_144_132_14_1_3,eager,eager1000,large,3,1.5,without_ls,slackWR,185590,693.0,True,7.703786
primary,setting3_eager1000_144_176_18_1_3,eager,eager1000,large,3,2.0,baseline,baseline,202980,11.0,True,0.280236
primary,setting3_eager1000_144_176_18_1_3,eager,eager1000,large,3,2.0,with_ls,press-LS,146466,811.0,True,8.603102
primary,setting3_eager1000_144_176_18_1_3,eager,eager1000,large,3,2.0,with_ls,pressR-LS,132778,873.0,True,8.603102
primary,setting3_eager1000_144_176_18_1_3,eager,eager1000,large,3,2.0,with_ls,pressW-LS,155049,767.0,True,8.603102
primary,setting3_eager1000_144_176_18_1_3,eager,eager1000,large,3,2.0,with_ls,pressWR-LS,136678,822.0,True,8.603102
primary,setting3_eager1000_144_176_18_1_3,eager,eager1000,large,3,2.0,with_ls,slack-LS,171639,811.0,True,8.603102
primary,setting3_eager1000_144_176_18_1_3,eager,eager1000,large,3,2.0,with_ls,slackR-LS,153916,859.0,True,8.603102
primary,setting3_eager1000_144_176_18_1_3,eager,eager1000,large,3,2.0,with_ls,slackW-LS,165965,788.0,True,8.603102
primary,setting3_eager1000_144_176_18_1_3,eager,eager1000,large,3,2.0,with_ls,slackWR-LS,151301,799.0,True,8.603102
primary,setting3_eager1000_144_176_18_1_3,eager,eager1000,large,3,2.0,without_ls,press,149576,717.0,True,7.855001
primary,setting3_eager1000_144_176_18_1_3,eager,eager1000,large,3,2.0,without_ls,pressR,136872,778.0,True,7.855001
primary,setting3_eager1000_144_176_18_1_3,eager,eager1000,large,3,2.0,without_ls,pressW,161051,669.0,True,7.855001
primary,setting3_eager1000_144_176_18_1_3,eager,eager1000,large,3,2.0,without_ls,pressWR,140022,749.0,True,7.855001
primary,setting3_eager1000_144_176_18_1_3,eager,eager1000,large,3,2.0,without_ls,slack,177238,692.0,True,7.855001
primary,setting3_eager1000_144_176_18_1_3,eager,eager1000,large,3,2.0,without_ls,slackR,158901,758.0,True,7.855001
primary,setting3_eager1000_144_176_18_1_3,eager,eager1000,large,3,2.0,without_ls,slackW,175757,653.0,True,7.855001
primary,setting3_eager1000_144_176_18_1_3,eager,eager1000,large,3,2.0,without_ls,slackWR,154306,717.0,True,7.855001
primary,setting3_eager1000_144_264_27_1_3,eager,eager1000,large,3,3.0,baseline,baseline,91255,12.0,True,0.278618
primary,setting3_eager1000_144_264_27_1_3,eager,eager1000,large,3,3.0,with_ls,press-LS,91831,898.0,True,9.380644
primary,setting3_eager1000_144_264_27_1_3,eager,eager1000,large,3,3.0,with_ls,pressR-LS,73056,1044.0,True,9.380644
primary,setting3_eager1000_144_264_27_1_3,eager,eager1000,large,3,3.0,with_ls,pressW-LS,67736,801.0,True,9.380644
primary,setting3_eager1000_144_264_27_1_3,eager,eager1000,large,3,3.0,with_ls,pressWR-LS,51255,892.0,True,9.380644
primary,setting3_eager1000_144_264_27_1_3,eager,eager1000,large,3,3.0,with_ls,slack-LS,87699,899.0,True,9.380644
primary,setting3_eager1000_144_264_27_1_3,eager,eager1000,large,3,3.0,with_ls,slackR-LS,69722,953.0,True,9.380644
primary,setting3_eager1000_144_264_27_1_3,eager,eager1000,large,3,3.0,with_ls,slackW-LS,91470,901.0,True,9.380644
primary,setting3_eager1000_144_264_27_1_3,eager,eager1000,large,3,3.0,with_ls,slackWR-LS,77055,890.0,True,9.380644
primary,setting3_eager1000_144_264_27_1_3,eager,eager1000,large,3,3.0,without_ls,press,97138,721.0,True,8.026675
primary,setting3_eager1000_144_264_27_1_3,eager,eager1000,large,3,3.0,without_ls,pressR,77188,818.0,True,8.026675
primary,setting3_eager1000_144_264_27_1_3,eager,eager1000,large,3,3.0,without_ls,pressW,74661,685.0,True,8.026675
primary,setting3_eager1000_144_264_27_1_3,eager,eager1000,large,3,3.0,without_ls,pressWR,54436,759.0,True,8.026675
primary,setting3_eager1000_144_264_27_1_3,eager,eager1000,large,3,3.0,without_ls,slack,92046,694.0,True,8.026675
primary,setting3_eager1000_144_264_27_1_3,eager,eager1000,large,3,3.0,without_ls,slackR,72587,796.0,True,8.026675
primary,setting3_eager1000_144_264_27_1_3,eager,eager1000,large,3,3.0,without_ls,slackW,96314,668.0,True,8.026675
primary,setting3_eager1000_144_264_27_1_3,eager,eager1000,large,3,3.0,without_ls,slackWR,78023,750.0,True,8.026675
primary,setting3_eager1000_144_88_9_1_3,eager,eager1000,large,3,1.0,baseline,baseline,199908,11.0,True,0.280745
primary,setting3_eager1000_144_88_9_1_3,eager,eager1000,large,3,1.0,with_ls,press-LS,198415,741.0,True,8.008417
primary,setting3_eager1000_144_88_9_1_3,eager,eager1000,large,3,1.0,with_ls,pressR-LS,193240,775.0,True,8.008417
primary,setting3_eager1000_144_88_9_1_3,eager,eager1000,large,3,1.0,with_ls,pressW-LS,196634,700.0,True,8.008417
primary,setting3_eager1000_144_88_9_1_3,eager,eager1000,large,3,1.0,with_ls,pressWR-LS,190020,743.0,True,8.008417
primary,setting3_eager1000_144_88_9_1_3,eager,eager1000,large,3,1.0,with_ls,slack-LS,197976,760.0,True,8.008417
primary,setting3_eager1000_144_88_9_1_3,eager,eager1000,large,3,1.0,with_ls,slackR-LS,190786,800.0,True,8.008417
primary,setting3_eager1000_144_88_9_1_3,eager,eager1000,large,3,1.0,with_ls,slackW-LS,198402,701.0,True,8.008417
primary,setting3_eager1000_144_88_9_1_3,eager,eager1000,large,3,1.0,with_ls,slackWR-LS,191288,741.0,True,8.008417
primary,setting3_eager1000_144_88_9_1_3,eager,eager1000,large,3,1.0,without_ls,press,204592,681.0,True,7.508163
primary,setting3_eager1000_144_88_9_1_3,eager,eager1000,large,3,1.0,without_ls,pressR,202778,708.0,True,7.508163
primary,setting3_eager1000_144_88_9_1_3,eager,eager1000,large,3,1.0,without_ls,pressW,203610,637.0,True,7.508163
primary,setting3_eager1000_144_88_9_1_3,eager,eager1000,large,3,1.0,without_ls,pressWR,198422,679.0,True,7.508163
primary,setting3_eager1000_144_88_9_1_3,eager,eager1000,large,3,1.0,without_ls,slack,200329,684.0,True,7.508163
primary,setting3_eager1000_144_88_9_1_3,eager,eager1000,large,3,1.0,without_ls,slackR,197093,718.0,True,7.508163
primary,setting3_eager1000_144_88_9_1_3,eager,eager1000,large,3,1.0,without_ls,slackW,205563,640.0,True,7.508163
primary,setting3_eager1000_144_88_9_1_3,eager,eager1000,large,3,1.0,without_ls,slackWR,195269,673.0,True,7.508163
primary,setting3_eager1000_72_184_19_1_3,eager,eager1000,small,3,1.0,baseline,baseline,289745,10.0,True,0.270318
primary,setting3_eager1000_72_184_19_1_3,eager,eager1000,small,3,1.0,with_ls,press-LS,229274,805.0,True,8.915
primary,setting3_eager1000_72_184_19_1_3,eager,eager1000,small,3,1.0,with_ls,pressR-LS,220392,940.0,True,8.915
primary,setting3_eager1000_72_184_19_1_3,eager,eager1000,small,3,1.0,with_ls,pressW-LS,230491,756.0,True,8.915
primary,setting3_eager1000_72_184_19_1_3,eager,eager1000,small,3,1.0,with_ls,pressWR-LS,219987,954.0,True,8.915
primary,setting3_eager1000_72_184_19_1_3,eager,eager1000,small,3,1.0,with_ls,slack-LS,243508,809.0,True,8.915
primary,setting3_eager1000_72_184_19_1_3,eager,eager1000,small,3,1.0,with_ls,slackR-LS,229948,936.0,True,8.915
primary,setting3_eager1000_72_184_19_1_3,eager,eager1000,small,3,1.0,with_ls,slackW-LS,244279,745.0,True,8.915
primary,setting3_eager1000_72_184_19_1_3,eager,eager1000,small,3,1.0,with_ls,slackWR-LS,227753,923.0,True,8.915
primary,setting3_eager1000_72_184_19_1_3,eager,eager1000,small,3,1.0,without_ls,press,234423,747.0,True,8.188987
primary,setting3_eager1000_72_184_19_1_3,eager,eager1000,small,3,1.0,without_ls,pressR,226646,833.0,True,8.188987
primary,setting3_eager1000_72_184_19_1_3,eager,eager1000,small,3,1.0,without_ls,pressW,235033,702.0,True,8.188987
primary,setting3_eager1000_72_184_19_1_3,eager,eager1000,small,3,1.0,without_ls,pressWR,227963,781.0,True,8.188987
primary,setting3_eager1000_72_184_19_1_3,eager,eager1000,small,3,1.0,without_ls,slack,247900,748.0,True,8.188987
primary,setting3_eager1000_72_184_19_1_3,eager,eager1000,small,3,1.0,without_ls,slackR,233758,840.0,True,8.188987
primary,setting3_eager1000_72_184_19_1_3,eager,eager1000,small,3,1.0,without_ls,slackW,248959,695.0,True,8.188987
primary,setting3_eager1000_72_184_19_1_3,eager,eager1000,small,3,1.0,without_ls,slackWR,235621,775.0,True,8.188987
primary,setting3_eager1000_72_276_28_1_3,eager,eager1000,small,3,1.5,baseline,baseline,336552,9.0,True,0.269314
primary,setting3_eager1000_72_276_28_1_3,eager,eager1000,small,3,1.5,with_ls,press-LS,286256,967.0,True,10.398864
primary,setting3_eager1000_72_276_28_1_3,eager,eager1000,small,3,1.5,with_ls,pressR-LS,288420,1023.0,True,10.398864
primary,setting3_eager1000_72_276_28_1_3,eager,eager1000,small,3,1.5,with_ls,pressW-LS,286550,1024.0,True,10.398864
primary,setting3_eager1000_72_276_28_1_3,eager,eager1000,small,3,1.5,with_ls,pressWR-LS,289769,979.0,True,10.398864
primary,setting3_eager1000_72_276_28_1_3,eager,eager1000,small,3,1.5,with_ls,slack-LS,294875,919.0,True,10.398864
primary,setting3_eager1000_72_276_28_1_3,eager,eager1000,small,3,1.5,with_ls,slackR-LS,291242,1089.0,True,10.398864
primary,setting3_eager1000_72_276_28_1_3,eager,eager1000,small,3,1.5,with_ls,slackW-LS,291381,1187.0,True,10.398864
primary,setting3_eager1000_72_276_28_1_3,eager,eager1000,small,3,1.5,with_ls,slackWR-LS,292905,1150.0,True,10.398864
primary,setting3_eager1000_72_276_28_1_3,eager,eager1000,small,3,1.5,without_ls,press,290745,785.0,True,8.698304
primary,setting3_eager1000_72_276_28_1_3,eager,eager1000,small,3,1.5,without_ls,pressR,291330,898.0,True,8.698304
primary,setting3_eager1000_72_276_28_1_3,eager,eager1000,small,3,1.5,without_ls,pressW,291061,775.0,True,8.698304
primary,setting3_eager1000_72_276_28_1_3,eager,eager1000,small,3,1.5,without_ls,pressWR,293411,862.0,True,8.698304
primary,setting3_eager1000_72_276_28_1_3,eager,eager1000,small,3,1.5,without_ls,slack,301452,801.0,True,8.698304
primary,setting3_eager1000_72_276_28_1_3,eager,eager1000,small,3,1.5,without_ls,slackR,295925,916.0,True,8.698304
primary,setting3_eager1000_72_276_28_1_3,eager,eager1000,small,3,1.5,without_ls,slackW,301038,740.0,True,8.698304
primary,setting3_eager1000_72_276_28_1_3,eager,eager1000,small,3,1.5,without_ls,slackWR,298647,846.0,True,8.698304
primary,setting3_eager1000_72_368_37_1_3,eager,eager1000,small,3,2.0,baseline,baseline,294655,9.0,True,0.273038
primary,setting3_eager1000_72_368_37_1_3,eager,eager1000,small,3,2.0,with_ls,press-LS,187997,928.0,True,10.19693
primary,setting3_eager1000_72_368_37_1_3,eager,eager1000,small,3,2.0,with_ls,pressR-LS,186658,1085.0,True,10.19693
primary,setting3_eager1000_72_368_37_1_3,eager,eager1000,small,3,2.0,with_ls,pressW-LS,191511,970.0,True,10.19693
primary,setting3_eager1000_72_368_37_1_3,eager,eager1000,small,3,2.0,with_ls,pressWR-LS,191316,1060.0,True,10.19693
primary,setting3_eager1000_72_368_37_1_3,eager,eager1000,small,3,2.0,with_ls,slack-LS,224961,977.0,True,10.19693
primary,setting3_eager1000_72_368_37_1_3,eager,eager1000,small,3,2.0,with_ls,slackR-LS,206476,1176.0,True,10.19693
primary,setting3_eager1000_72_368_37_1_3,eager,eager1000,small,3,2.0,with_ls,slackW-LS,208821,957.0,True,10.19693
primary,setting3_eager1000_72_368_37_1_3,eager,eager1000,small,3,2.0,with_ls,slackWR-LS,202093,1010.0,True,10.19693
primary,setting3_eager1000_72_368_37_1_3,eager,eager1000,small,3,2.0,without_ls,press,190571,779.0,True,8.823531
primary,setting3_eager1000_72_368_37_1_3,eager,eager1000,small,3,2.0,without_ls,pressR,187779,943.0,True,8.823531
primary,setting3_eager1000_72_368_37_1_3,eager,eager1000,small,3,2.0,without_ls,pressW,194384,755.0,True,8.823531
primary,setting3_eager1000_72_368_37_1_3,eager,eager1000,small,3,2.0,without_ls,pressWR,192612,916.0,True,8.823531
primary,setting3_eager1000_72_368_37_1_3,eager,eager1000,small,3,2.0,without_ls,slack,227237,787.0,True,8.823531
primary,setting3_eager1000_72_368_37_1_3,eager,eager1000,small,3,2.0,without_ls,slackR,208577,948.0,True,8.823531
primary,setting3_eager1000_72_368_37_1_3,eager,eager1000,small,3,2.0,without_ls,slackW,211073,728.0,True,8.823531
primary,setting3_eager1000_72_368_37_1_3,eager,eager1000,small,3,2.0,without_ls,slackWR,204786,897.0,True,8.823531
primary,setting3_eager1000_72_552_56_1_3,eager,eager1000,small,3,3.0,baseline,baseline,229622,9.0,True,0.272494
primary,setting3_eager1000_72_552_56_1_3,eager,eager1000,small,3,3.0,with_ls,press-LS,84554,1019.0,True,10.87636
primary,setting3_eager1000_72_552_56_1_3,eager,eager1000,small,3,3.0,with_ls,pressR-LS,85596,1207.0,True,10.87636
primary,setting3_eager1000_72_552_56_1_3,eager,eager1000,small,3,3.0,with_ls,pressW-LS,90931,931.0,True,10.87636
primary,setting3_eager1000_72_552_56_1_3,eager,eager1000,small,3,3.0,with_ls,pressWR-LS,89404,1147.0,True,10.87636
primary,setting3_eager1000_72_552_56_1_3,eager,eager1000,small,3,3.0,with_ls,slack-LS,93765,1025.0,True,10.87636
primary,setting3_eager1000_72_552_56_1_3,eager,eager1000,small,3,3.0,with_ls,slackR-LS,112466,1268.0,True,10.87636
primary,setting3_eager1000_72_552_56_1_3,eager,eager1000,small,3,3.0,with_ls,slackW-LS,113482,1055.0,True,10.87636
primary,setting3_eager1000_72_552_56_1_3,eager,eager1000,small,3,3.0,with_ls,slackWR-LS,108731,1198.0,True,10.87636
primary,setting3_eager1000_72_552_56_1_3,eager,eager1000,small,3,3.0,without_ls,press,86900,815.0,True,9.502964
primary,setting3_eager1000_72_552_56_1_3,eager,eager1000,small,3,3.0,without_ls,pressR,87112,1093.0,True,9.502964
primary,setting3_eager1000_72_552_56_1_3,eager,eager1000,small,3,3.0,without_ls,pressW,93909,765.0,True,9.502964
primary,setting3_eager1000_72_552_56_1_3,eager,eager1000,small,3,3.0,without_ls,pressWR,90371,1044.0,True,9.502964
primary,setting3_eager1000_72_552_56_1_3,eager,eager1000,small,3,3.0,without_ls,slack,96415,819.0,True,9.502964
primary,setting3_eager1000_72_552_56_1_3,eager,eager1000,small,3,3.0,without_ls,slackR,116214,1091.0,True,9.502964
primary,setting3_eager1000_72_552_56_1_3,eager,eager1000,small,3,3.0,without_ls,slackW,117092,753.0,True,9.502964
primary,setting3_eager1000_72_552_56_1_3,eager,eager1000,small,3,3.0,without_ls,slackWR,112528,1026.0,True,9.502964
primary,setting3_eager200_144_108_11_1_3,eager,eager200,large,3,1.5,baseline,baseline,46434,3.0,True,0.062474
primary,setting3_eager200_144_108_11_1_3,eager,eager200,large,3,1.5,with_ls,press-LS,32772,30.0,True,0.704704
primary,setting3_eager200_144_108_11_1_3,eager,eager200,large,3,1.5,with_ls,pressR-LS,30592,38.0,True,0.704704
primary,setting3_eager200_144_108_11_1_3,eager,eager200,large,3,1.5,with_ls,pressW-LS,34185,29.0,True,0.704704
primary,setting3_eager200_144_108_11_1_3,eager,eager200,large,3,1.5,with_ls,pressWR-LS,32742,33.0,True,0.704704
primary,setting3_eager200_144_108_11_1_3,eager,eager200,large,3,1.5,with_ls,slack-LS,29412,28.0,True,0.704704
primary,setting3_eager200_144_108_11_1_3,eager,eager200,large,3,1.5,with_ls,slackR-LS,24151,40.0,True,0.704704
primary,setting3_eager200_144_108_11_1_3,eager,eager200,large,3,1.5,with_ls,slackW-LS,39191,29.0,True,0.704704
primary,setting3_eager200_144_108_11_1_3,eager,eager200,large,3,1.5,with_ls,slackWR-LS,37379,38.0,True,0.704704
primary,setting3_eager200_144_108_11_1_3,eager,eager200,large,3,1.5,without_ls,press,35245,20.0,True,0.63561
primary,setting3_eager200_144_108_11_1_3,eager,eager200,large,3,1.5,without_ls,pressR,31628,28.0,True,0.63561
primary,setting3_eager200_144_108_11_1_3,eager,eager200,large,3,1.5,without_ls,pressW,36175,19.0,True,0.63561
primary,setting3_eager200_144_108_11_1_3,eager,eager200,large,3,1.5,without_ls,pressWR,33556,27.0,True,0.63561
primary,setting3_eager200_144_108_11_1_3,eager,eager200,large,3,1.5,without_ls,slack,30889,20.0,True,0.63561
primary,setting3_eager200_144_108_11_1_3,eager,eager200,large,3,1.5,without_ls,slackR,25880,29.0,True,0.63561
primary,setting3_eager200_144_108_11_1_3,eager,eager200,large,3,1.5,without_ls,slackW,41842,19.0,True,0.63561
primary,setting3_eager200_144_108_11_1_3,eager,eager200,large,3,1.5,without_ls,slackWR,38260,27.0,True,0.63561
primary,setting3_eager200_144_144_15_1_3,eager,eager200,large,3,2.0,baseline,baseline,39579,3.0,True,0.063316
primary,setting3_eager200_144_144_15_1_3,eager,eager200,large,3,2.0,with_ls,press-LS,39132,31.0,True,0.712867
primary,setting3_eager200_144_144_15_1_3,eager,eager200,large,3,2.0,with_ls,pressR-LS,38324,40.0,True,0.712867
primary,setting3_eager200_144_144_15_1_3,eager,eager200,large,3,2.0,with_ls,pressW-LS,38462,27.0,True,0.712867
primary,setting3_eager200_144_144_15_1_3,eager,eager200,large,3,2.0,with_ls,pressWR-LS,37720,39.0,True,0.712867
primary,setting3_eager200_144_144_15_1_3,eager,eager200,large,3,2.0,with_ls,slack-LS,39992,35.0,True,0.712867
primary,setting3_eager200_144_144_15_1_3,eager,eager200,large,3,2.0,with_ls,slackR-LS,38774,38.0,True,0.712867
primary,setting3_eager200_144_144_15_1_3,eager,eager200,large,3,2.0,with_ls,slackW-LS,40061,28.0,True,0.712867
primary,setting3_eager200_144_144_15_1_3,eager,eager200,large,3,2.0,with_ls,slackWR-LS,37825,37.0,True,0.712867
primary,setting3_eager200_144_144_15_1_3,eager,eager200,large,3,2.0,without_ls,press,40711,21.0,True,0.647705
primary,setting3_eager200_144_144_15_1_3,eager,eager200,large,3,2.0,without_ls,pressR,38854,29.0,True,0.647705
primary,setting3_eager200_144_144_15_1_3,eager,eager200,large,3,2.0,without_ls,pressW,38689,19.0,True,0.647705
primary,setting3_eager200_144_144_15_1_3,eager,eager200,large,3,2.0,without_ls,pressWR,37772,28.0,True,0.647705
primary,setting3_eager200_144_144_15_1_3,eager,eager200,large,3,2.0,without_ls,slack,42156,21.0,True,0.647705
primary,setting3_eager200_144_144_15_1_3,eager,eager200,large,3,2.0,without_ls,slackR,39325,31.0,True,0.647705
primary,setting3_eager200_144_144_15_1_3,eager,eager200,large,3,2.0,without_ls,slackW,41015,18.0,True,0.647705
primary,setting3_eager200_144_144_15_1_3,eager,eager200,large,3,2.0,without_ls,slackWR,38605,28.0,True,0.647705
primary,setting3_eager200_144_216_22_1_3,eager,eager200,large,3,3.0,baseline,baseline,30703,3.0,True,0.06419
primary,setting3_eager200_144_216_22_1_3,eager,eager200,large,3,3.0,with_ls,press-LS,2833,30.0,True,0.752228
primary,setting3_eager200_144_216_22_1_3,eager,eager200,large,3,3.0,with_ls,pressR-LS,3939,47.0,True,0.752228
primary,setting3_eager200_144_216_22_1_3,eager,eager200,large,3,3.0,with_ls,pressW-LS,3132,33.0,True,0.752228
primary,setting3_eager200_144_216_22_1_3,eager,eager200,large,3,3.0,with_ls,pressWR-LS,4280,46.0,True,0.752228
primary,setting3_eager200_144_216_22_1_3,eager,eager200,large,3,3.0,with_ls,slack-LS,820,33.0,True,0.752228
primary,setting3_eager200_144_216_22_1_3,eager,eager200,large,3,3.0,with_ls,slackR-LS,1552,48.0,True,0.752228
primary,setting3_eager200_144_216_22_1_3,eager,eager200,large,3,3.0,with_ls,slackW-LS,8105,29.0,True,0.752228
primary,setting3_eager200_144_216_22_1_3,eager,eager200,large,3,3.0,with_ls,slackWR-LS,5547,45.0,True,0.752228
primary,setting3_eager200_144_216_22_1_3,eager,eager200,large,3,3.0,without_ls,press,3156,21.0,True,0.681724
primary,setting3_eager200_144_216_22_1_3,eager,eager200,large,3,3.0,without_ls,pressR,4179,38.0,True,0.681724
primary,setting3_eager200_144_216_22_1_3,eager,eager200,large,3,3.0,without_ls,pressW,3775,20.0,True,0.681724
primary,setting3_eager200_144_216_22_1_3,eager,eager200,large,3,3.0,without_ls,pressWR,4288,37.0,True,0.681724
primary,setting3_eager200_144_216_22_1_3,eager,eager200,large,3,3.0,without_ls,slack,1534,21.0,True,0.681724
primary,setting3_eager200_144_216_22_1_3,eager,eager200,large,3,3.0,without_ls,slackR,1562,38.0,True,0.681724
primary,setting3_eager200_144_216_22_1_3,eager,eager200,large,3,3.0,without_ls,slackW,8229,19.0,True,0.681724
primary,setting3_eager200_144_216_22_1_3,eager,eager200,large,3,3.0,without_ls,slackWR,5747,36.0,True,0.681724
primary,setting3_eager200_144_72_8_1_3,eager,eager200,large,3,1.0,baseline,baseline,58445,3.0,True,0.062674
primary,setting3_eager200_144_72_8_1_3,eager,eager200,large,3,1.0,with_ls,press-LS,56849,26.0,True,0.661362
primary,setting3_eager200_144_72_8_1_3,eager,eager200,large,3,1.0,with_ls,pressR-LS,56445,32.0,True,0.661362
primary,setting3_eager200_144_72_8_1_3,eager,eager200,large,3,1.0,with_ls,pressW-LS,56645,25.0,True,0.661362
primary,setting3_eager200_144_72_8_1_3,eager,eager200,large,3,1.0,with_ls,pressWR-LS,56445,31.0,True,0.661362
primary,setting3_eager200_144_72_8_1_3,eager,eager200,large,3,1.0,with_ls,slack-LS,56645,25.0,True,0.661362
primary,setting3_eager200_144_72_8_1_3,eager,eager200,large,3,1.0,with_ls,slackR-LS,56445,31.0,True,0.661362
primary,setting3_eager200_144_72_8_1_3,eager,eager200,large,3,1.0,with_ls,slackW-LS,56647,24.0,True,0.661362
primary,setting3_eager200_144_72_8_1_3,eager,eager200,large,3,1.0,with_ls,slackWR-LS,56447,31.0,True,0.661362
primary,setting3_eager200_144_72_8_1_3,eager,eager200,large,3,1.0,without_ls,press,57351,19.0,True,0.620169
primary,setting3_eager200_144_72_8_1_3,eager,eager200,large,3,1.0,without_ls,pressR,58245,25.0,True,0.620169
primary,setting3_eager200_144_72_8_1_3,eager,eager200,large,3,1.0,without_ls,pressW,57545,19.0,True,0.620169
primary,setting3_eager200_144_72_8_1_3,eager,eager200,large,3,1.0,without_ls,pressWR,58445,24.0,True,0.620169
primary,setting3_eager200_144_72_8_1_3,eager,eager200,large,3,1.0,without_ls,slack,57645,20.0,True,0.620169
primary,setting3_eager200_144_72_8_1_3,eager,eager200,large,3,1.0,without_ls,slackR,57645,25.0,True,0.620169
primary,setting3_eager200_144_72_8_1_3,eager,eager200,large,3,1.0,without_ls,slackW,57347,18.0,True,0.620169
primary,setting3_eager200_144_72_8_1_3,eager,eager200,large,3,1.0,without_ls,slackWR,58047,25.0,True,0.620169
primary,setting3_eager200_72_111_12_1_3,eager,eager200,small,3,1.5,baseline,baseline,53968,1.0,True,0.05587
primary,setting3_eager200_72_111_12_1_3,eager,eager200,small,3,1.5,with_ls,press-LS,31089,27.0,True,0.644576
primary,setting3_eager200_72_111_12_1_3,eager,eager200,small,3,1.5,with_ls,pressR-LS,28167,31.0,True,0.644576
primary,setting3_eager200_72_111_12_1_3,eager,eager200,small,3,1.5,with_ls,pressW-LS,41266,25.0,True,0.644576
primary,setting3_eager200_72_111_12_1_3,eager,eager200,small,3,1.5,with_ls,pressWR-LS,39237,31.0,True,0.644576
primary,setting3_eager200_72_111_12_1_3,eager,eager200,small,3,1.5,with_ls,slack-LS,37492,29.0,True,0.644576
primary,setting3_eager200_72_111_12_1_3,eager,eager200,small,3,1.5,with_ls,slackR-LS,33817,35.0,True,0.644576
primary,setting3_eager200_72_111_12_1_3,eager,eager200,small,3,1.5,with_ls,slackW-LS,39971,25.0,True,0.644576
primary,setting3_eager200_72_111_12_1_3,eager,eager200,small,3,1.5,with_ls,slackWR-LS,37511,34.0,True,0.644576
primary,setting3_eager200_72_111_12_1_3,eager,eager200,small,3,1.5,without_ls,press,31454,18.0,True,0.589483
primary,setting3_eager200_72_111_12_1_3,eager,eager200,small,3,1.5,without_ls,pressR,29141,27.0,True,0.589483
primary,setting3_eager200_72_111_12_1_3,eager,eager200,small,3,1.5,without_ls,pressW,41550,17.0,True,0.589483
primary,setting3_eager200_72_111_12_1_3,eager,eager200,small,3,1.5,without_ls,pressWR,39996,25.0,True,0.589483
primary,setting3_eager200_72_111_12_1_3,eager,eager200,small,3,1.5,without_ls,slack,38355,18.0,True,0.589483
primary,setting3_eager200_72_111_12_1_3,eager,eager200,small,3,1.5,without_ls,slackR,34550,27.0,True,0.589483
primary,setting3_eager200_72_111_12_1_3,eager,eager200,small,3,1.5,without_ls,slackW,41262,17.0,True,0.589483
primary,setting3_eager200_72_111_12_1_3,eager,eager200,small,3,1.5,without_ls,slackWR,39099,25.0,True,0.589483
primary,setting3_eager200_72_148_15_1_3,eager,eager200,small,3,2.0,baseline,baseline,39236,1.0,True,0.056585
primary,setting3_eager200_72_148_15_1_3,eager,eager200,small,3,2.0,with_ls,press-LS,39141,25.0,True,0.647319
primary,setting3_eager200_72_148_15_1_3,eager,eager200,small,3,2.0,with_ls,pressR-LS,37594,36.0,True,0.647319
primary,setting3_eager200_72_148_15_1_3,eager,eager200,small,3,2.0,with_ls,pressW-LS,38078,23.0,True,0.647319
primary,setting3_eager200_72_148_15_1_3,eager,eager200,small,3,2.0,with_ls,pressWR-LS,37023,33.0,True,0.647319
primary,setting3_eager200_72_148_15_1_3,eager,eager200,small,3,2.0,with_ls,slack-LS,38273,28.0,True,0.647319
primary,setting3_eager200_72_148_15_1_3,eager,eager200,small,3,2.0,with_ls,slackR-LS,36812,39.0,True,0.647319
primary,setting3_eager200_72_148_15_1_3,eager,eager200,small,3,2.0,with_ls,slackW-LS,37060,24.0,True,0.647319
primary,setting3_eager200_72_148_15_1_3,eager,eager200,small,3,2.0,with_ls,slackWR-LS,36467,35.0,True,0.647319
primary,setting3_eager200_72_148_15_1_3,eager,eager200,small,3,2.0,without_ls,press,40159,19.0,True,0.601183
primary,setting3_eager200_72_148_15_1_3,eager,eager200,small,3,2.0,without_ls,pressR,39245,29.0,True,0.601183
primary,setting3_eager200_72_148_15_1_3,eager,eager200,small,3,2.0,without_ls,pressW,38813,18.0,True,0.601183
primary,setting3_eager200_72_148_15_1_3,eager,eager200,small,3,2.0,without_ls,pressWR,37232,28.0,True,0.601183
primary,setting3_eager200_72_148_15_1_3,eager,eager200,small,3,2.0,without_ls,slack,41146,19.0,True,0.601183
primary,setting3_eager200_72_148_15_1_3,eager,eager200,small,3,2.0,without_ls,slackR,37255,29.0,True,0.601183
primary,setting3_eager200_72_148_15_1_3,eager,eager200,small,3,2.0,without_ls,slackW,37316,17.0,True,0.601183
primary,setting3_eager200_72_148_15_1_3,eager,eager200,small,3,2.0,without_ls,slackWR,37330,28.0,True,0.601183
primary,setting3_eager200_72_222_23_1_3,eager,eager200,small,3,3.0,baseline,baseline,39147,1.0,True,0.055334
primary,setting3_eager200_72_222_23_1_3,eager,eager200,small,3,3.0,with_ls,press-LS,14246,27.0,True,0.69182
primary,setting3_eager200_72_222_23_1_3,eager,eager200,small,3,3.0,with_ls,pressR-LS,13290,45.0,True,0.69182
primary,setting3_eager200_72_222_23_1_3,eager,eager200,small,3,3.0,with_ls,pressW-LS,16789,25.0,True,0.69182
primary,setting3_eager200_72_222_23_1_3,eager,eager200,small,3,3.0,with_ls,pressWR-LS,16805,46.0,True,0.69182
primary,setting3_eager200_72_222_23_1_3,eager,eager200,small,3,3.0,with_ls,slack-LS,18452,32.0,True,0.69182
primary,setting3_eager200_72_222_23_1_3,eager,eager200,small,3,3.0,with_ls,slackR-LS,18950,45.0,True,0.69182
primary,setting3_eager200_72_222_23_1_3,eager,eager200,small,3,3.0,with_ls,slackW-LS,20646,26.0,True,0.69182
primary,setting3_eager200_72_222_23_1_3,eager,eager200,small,3,3.0,with_ls,slackWR-LS,19216,43.0,True,0.69182
primary,setting3_eager200_72_222_23_1_3,eager,eager200,small,3,3.0,without_ls,press,14964,20.0,True,0.643974
primary,setting3_eager200_72_222_23_1_3,eager,eager200,small,3,3.0,without_ls,pressR,14028,40.0,True,0.643974
primary,setting3_eager200_72_222_23_1_3,eager,eager200,small,3,3.0,without_ls,pressW,17795,19.0,True,0.643974
primary,setting3_eager200_72_222_23_1_3,eager,eager200,small,3,3.0,without_ls,pressWR,17139,36.0,True,0.643974
primary,setting3_eager200_72_222_23_1_3,eager,eager200,small,3,3.0,without_ls,slack,21114,22.0,True,0.643974
primary,setting3_eager200_72_222_23_1_3,eager,eager200,small,3,3.0,without_ls,slackR,18979,39.0,True,0.643974
primary,setting3_eager200_72_222_23_1_3,eager,eager200,small,3,3.0,without_ls,slackW,21202,19.0,True,0.643974
primary,setting3_eager200_72_222_23_1_3,eager,eager200,small,3,3.0,without_ls,slackWR,19420,37.0,True,0.643974
primary,setting3_eager200_72_74_8_1_3,eager,eager200,small,3,1.0,baseline,baseline,56004,1.0,True,0.055604
primary,setting3_eager200_72_74_8_1_3,eager,eager200,small,3,1.0,with_ls,press-LS,53400,21.0,True,0.58702
primary,setting3_eager200_72_74_8_1_3,eager,eager200,small,3,1.0,with_ls,pressR-LS,53391,26.0,True,0.58702
primary,setting3_eager200_72_74_8_1_3,eager,eager200,small,3,1.0,with_ls,pressW-LS,53406,20.0,True,0.58702
primary,setting3_eager200_72_74_8_1_3,eager,eager200,small,3,1.0,with_ls,pressWR-LS,53398,25.0,True,0.58702
primary,setting3_eager200_72_74_8_1_3,eager,eager200,small,3,1.0,with_ls,slack-LS,53411,20.0,True,0.58702
primary,setting3_eager200_72_74_8_1_3,eager,eager200,small,3,1.0,with_ls,slackR-LS,53385,26.0,True,0.58702
primary,setting3_eager200_72_74_8_1_3,eager,eager200,small,3,1.0,with_ls,slackW-LS,53408,20.0,True,0.58702
primary,setting3_eager200_72_74_8_1_3,eager,eager200,small,3,1.0,with_ls,slackWR-LS,53506,25.0,True,0.58702
primary,setting3_eager200_72_74_8_1_3,eager,eager200,small,3,1.0,without_ls,press,53772,17.0,True,0.567033
primary,setting3_eager200_72_74_8_1_3,eager,eager200,small,3,1.0,without_ls,pressR,54271,23.0,True,0.567033
primary,setting3_eager200_72_74_8_1_3,eager,eager200,small,3,1.0,without_ls,pressW,53853,16.0,True,0.567033
primary,setting3_eager200_72_74_8_1_3,eager,eager200,small,3,1.0,without_ls,pressWR,54378,22.0,True,0.567033
primary,setting3_eager200_72_74_8_1_3,eager,eager200,small,3,1.0,without_ls,slack,53893,17.0,True,0.567033
primary,setting3_eager200_72_74_8_1_3,eager,eager200,small,3,1.0,without_ls,slackR,54278,23.0,True,0.567033
primary,setting3_eager200_72_74_8_1_3,eager,eager200,small,3,1.0,without_ls,slackW,53988,17.0,True,0.567033
primary,setting3_eager200_72_74_8_1_3,eager,eager200,small,3,1.0,without_ls,slackWR,54416,22.0,True,0.567033
primary,setting3_methylseq1000_144_134_14_1_3,methylseq,methylseq1000,large,3,1.5,baseline,baseline,255616,7.0,True,0.184095
primary,setting3_methylseq1000_144_134_14_1_3,methylseq,methylseq1000,large,3,1.5,with_ls,press-LS,200512,324.0,True,4.1737
primary,setting3_methylseq1000_144_134_14_1_3,methylseq,methylseq1000,large,3,1.5,with_ls,pressR-LS,194078,370.0,True,4.1737
primary,setting3_methylseq1000_144_134_14_1_3,methylseq,methylseq1000,large,3,1.5,with_ls,pressW-LS,202628,324.0,True,4.1737
primary,setting3_methylseq1000_144_134_14_1_3,methylseq,methylseq1000,large,3,1.5,with_ls,pressWR-LS,192223,365.0,True,4.1737
primary,setting3_methylseq1000_144_134_14_1_3,methylseq,methylseq1000,large,3,1.5,with_ls,slack-LS,225262,336.0,True,4.1737
primary,setting3_methylseq1000_144_134_14_1_3,methylseq,methylseq1000,large,3,1.5,with_ls,slackR-LS,202521,406.0,True,4.1737
primary,setting3_methylseq1000_144_134_14_1_3,methylseq,methylseq1000,large,3,1.5,with_ls,slackW-LS,224809,320.0,True,4.1737
primary,setting3_methylseq1000_144_134_14_1_3,methylseq,methylseq1000,large,3,1.5,with_ls,slackWR-LS,207652,385.0,True,4.1737
primary,setting3_methylseq1000_144_134_14_1_3,methylseq,methylseq1000,large,3,1.5,without_ls,press,205449,289.0,True,3.724507
primary,setting3_methylseq1000_144_134_14_1_3,methylseq,methylseq1000,large,3,1.5,without_ls,pressR,198888,317.0,True,3.724507
primary,setting3_methylseq1000_144_134_14_1_3,methylseq,methylseq1000,large,3,1.5,without_ls,pressW,210625,275.0,True,3.724507
primary,setting3_methylseq1000_144_134_14_1_3,methylseq,methylseq1000,large,3,1.5,without_ls,pressWR,197814,303.0,True,3.724507
primary,setting3_methylseq1000_144_134_14_1_3,methylseq,methylseq1000,large,3,1.5,without_ls,slack,230432,285.0,True,3.724507
primary,setting3_methylseq1000_144_134_14_1_3,methylseq,methylseq1000,large,3,1.5,without_ls,slackR,208305,315.0,True,3.724507
primary,setting3_methylseq1000_144_134_14_1_3,methylseq,methylseq1000,large,3,1.5,without_ls,slackW,232159,271.0,True,3.724507
primary,setting3_methylseq1000_144_134_14_1_3,methylseq,methylseq1000,large,3,1.5,without_ls,slackWR,214900,302.0,True,3.724507
primary,setting3_methylseq1000_144_178_18_1_3,methylseq,methylseq1000,large,3,2.0,baseline,baseline,255635,7.0,True,0.180184
primary,setting3_methylseq1000_144_178_18_1_3,methylseq,methylseq1000,large,3,2.0,with_ls,press-LS,148893,389.0,True,4.604904
primary,setting3_methylseq1000_144_178_18_1_3,methylseq,methylseq1000,large,3,2.0,with_ls,pressR-LS,143112,405.0,True,4.604904
primary,setting3_methylseq1000_144_178_18_1_3,methylseq,methylseq1000,large,3,2.0,with_ls,pressW-LS,151964,389.0,True,4.604904
primary,setting3_methylseq1000_144_178_18_1_3,methylseq,methylseq1000,large,3,2.0,with_ls,pressWR-LS,143613,410.0,True,4.604904
primary,setting3_methylseq1000_144_178_18_1_3,methylseq,methylseq1000,large,3,2.0,with_ls,slack-LS,187074,403.0,True,4.604904
primary,setting3_methylseq1000_144_178_18_1_3,methylseq,methylseq1000,large,3,2.0,with_ls,slackR-LS,157384,452.0,True,4.604904
primary,setting3_methylseq1000_144_178_18_1_3,methylseq,methylseq1000,large,3,2.0,with_ls,slackW-LS,187795,378.0,True,4.604904
primary,setting3_methylseq1000_144_178_18_1_3,methylseq,methylseq1000,large,3,2.0,with_ls,slackWR-LS,163842,417.0,True,4.604904
primary,setting3_methylseq1000_144_178_18_1_3,methylseq,methylseq1000,large,3,2.0,without_ls,press,154580,306.0,True,3.945004
primary,setting3_methylseq1000_144_178_18_1_3,methylseq,methylseq1000,large,3,2.0,without_ls,pressR,146429,344.0,True,3.945004
primary,setting3_methylseq1000_144_178_18_1_3,methylseq,methylseq1000,large,3,2.0,without_ls,pressW,158552,295.0,True,3.945004
primary,setting3_methylseq1000_144_178_18_1_3,methylseq,methylseq1000,large,3,2.0,without_ls,pressWR,146927,332.0,True,3.945004
primary,setting3_methylseq1000_144_178_18_1_3,methylseq,methylseq1000,large,3,2.0,without_ls,slack,193683,302.0,True,3.945004
primary,setting3_methylseq1000_144_178_18_1_3,methylseq,methylseq1000,large,3,2.0,without_ls,slackR,164128,343.0,True,3.945004
primary,setting3_methylseq1000_144_178_18_1_3,methylseq,methylseq1000,large,3,2.0,without_ls,slackW,196997,290.0,True,3.945004
primary,setting3_methylseq1000_144_178_18_1_3,methylseq,methylseq1000,large,3,2.0,without_ls,slackWR,169099,327.0,True,3.945004
primary,setting3_methylseq1000_144_267_27_1_3,methylseq,methylseq1000,large,3,3.0,baseline,baseline,46203,7.0,True,0.180664
primary,setting3_methylseq1000_144_267_27_1_3,methylseq,methylseq1000,large,3,3.0,with_ls,press-LS,10400,321.0,True,4.251157
primary,setting3_methylseq1000_144_267_27_1_3,methylseq,methylseq1000,large,3,3.0,with_ls,pressR-LS,4710,423.0,True,4.251157
primary,setting3_methylseq1000_144_267_27_1_3,methylseq,methylseq1000,large,3,3.0,with_ls,pressW-LS,8200,333.0,True,4.251157
primary,setting3_methylseq1000_144_267_27_1_3,methylseq,methylseq1000,large,3,3.0,with_ls,pressWR-LS,5700,408.0,True,4.251157
primary,setting3_methylseq1000_144_267_27_1_3,methylseq,methylseq1000,large,3,3.0,with_ls,slack-LS,24340,335.0,True,4.251157
primary,setting3_methylseq1000_144_267_27_1_3,methylseq,methylseq1000,large,3,3.0,with_ls,slackR-LS,16564,398.0,True,4.251157
primary,setting3_methylseq1000_144_267_27_1_3,methylseq,methylseq1000,large,3,3.0,with_ls,slackW-LS,19708,319.0,True,4.251157
primary,setting3_methylseq1000_144_267_27_1_3,methylseq,methylseq1000,large,3,3.0,with_ls,slackWR-LS,10500,374.0,True,4.251157
primary,setting3_methylseq1000_144_267_27_1_3,methylseq,methylseq1000,large,3,3.0,without_ls,press,13050,296.0,True,4.007447
primary,setting3_methylseq1000_144_267_27_1_3,methylseq,methylseq1000,large,3,3.0,without_ls,pressR,9410,376.0,True,4.007447
primary,setting3_methylseq1000_144_267_27_1_3,methylseq,methylseq1000,large,3,3.0,without_ls,pressW,11300,282.0,True,4.007447
primary,setting3_methylseq1000_144_267_27_1_3,methylseq,methylseq1000,large,3,3.0,without_ls,pressWR,8000,361.0,True,4.007447
primary,setting3_methylseq1000_144_267_27_1_3,methylseq,methylseq1000,large,3,3.0,without_ls,slack,26980,297.0,True,4.007447
primary,setting3_methylseq1000_144_267_27_1_3,methylseq,methylseq1000,large,3,3.0,without_ls,slackR,17814,369.0,True,4.007447
primary,setting3_methylseq1000_144_267_27_1_3,methylseq,methylseq1000,large,3,3.0,without_ls,slackW,25293,280.0,True,4.007447
primary,setting3_methylseq1000_144_267_27_1_3,methylseq,methylseq1000,large,3,3.0,without_ls,slackWR,11914,356.0,True,4.007447
primary,setting3_methylseq1000_144_89_9_1_3,methylseq,methylseq1000,large,3,1.0,baseline,baseline,254207,7.0,True,0.179179
primary,setting3_methylseq1000_144_89_9_1_3,methylseq,methylseq1000,large,3,1.0,with_ls,press-LS,231157,328.0,True,4.040984
primary,setting3_methylseq1000_144_89_9_1_3,methylseq,methylseq1000,large,3,1.0,with_ls,pressR-LS,218148,376.0,True,4.040984
primary,setting3_methylseq1000_144_89_9_1_3,methylseq,methylseq1000,large,3,1.0,with_ls,pressW-LS,230604,323.0,True,4.040984
primary,setting3_methylseq1000_144_89_9_1_3,methylseq,methylseq1000,large,3,1.0,with_ls,pressWR-LS,217059,335.0,True,4.040984
primary,setting3_methylseq1000_144_89_9_1_3,methylseq,methylseq1000,large,3,1.0,with_ls,slack-LS,232460,328.0,True,4.040984
primary,setting3_methylseq1000_144_89_9_1_3,methylseq,methylseq1000,large,3,1.0,with_ls,slackR-LS,224987,346.0,True,4.040984
primary,setting3_methylseq1000_144_89_9_1_3,methylseq,methylseq1000,large,3,1.0,with_ls,slackW-LS,239280,320.0,True,4.040984
primary,setting3_methylseq1000_144_89_9_1_3,methylseq,methylseq1000,large,3,1.0,with_ls,slackWR-LS,225793,339.0,True,4.040984
primary,setting3_methylseq1000_144_89_9_1_3,methylseq,methylseq1000,large,3,1.0,without_ls,press,239595,289.0,True,3.681782
primary,setting3_methylseq1000_144_89_9_1_3,methylseq,methylseq1000,large,3,1.0,without_ls,pressR,227474,305.0,True,3.681782
primary,setting3_methylseq1000_144_89_9_1_3,methylseq,methylseq1000,large,3,1.0,without_ls,pressW,234423,276.0,True,3.681782
primary,setting3_methylseq1000_144_89_9_1_3,methylseq,methylseq1000,large,3,1.0,without_ls,pressWR,222793,294.0,True,3.681782
primary,setting3_methylseq1000_144_89_9_1_3,methylseq,methylseq1000,large,3,1.0,without_ls,slack,239594,289.0,True,3.681782
primary,setting3_methylseq1000_144_89_9_1_3,methylseq,methylseq1000,large,3,1.0,without_ls,slackR,230258,305.0,True,3.681782
primary,setting3_methylseq1000_144_89_9_1_3,methylseq,methylseq1000,large,3,1.0,without_ls,slackW,243264,273.0,True,3.681782
primary,setting3_methylseq1000_144_89_9_1_3,methylseq,methylseq1000,large,3,1.0,without_ls,slackWR,233496,292.0,True,3.681782
primary,setting3_methylseq1000_72_315_32_1_3,methylseq,methylseq1000,small,3,1.0,baseline,baseline,586739,5.0,True,0.17837
primary,setting3_methylseq1000_72_315_32_1_3,methylseq,methylseq1000,small,3,1.0,with_ls,press-LS,557110,447.0,True,5.890766
primary,setting3_methylseq1000_72_315_32_1_3,methylseq,methylseq1000,small,3,1.0,with_ls,pressR-LS,556705,670.0,True,5.890766
primary,setting3_methylseq1000_72_315_32_1_3,methylseq,methylseq1000,small,3,1.0,with_ls,pressW-LS,560124,602.0,True,5.890766
primary,setting3_methylseq1000_72_315_32_1_3,methylseq,methylseq1000,small,3,1.0,with_ls,pressWR-LS,557156,652.0,True,5.890766
primary,setting3_methylseq1000_72_315_32_1_3,methylseq,methylseq1000,small,3,1.0,with_ls,slack-LS,555393,492.0,True,5.890766
primary,setting3_methylseq1000_72_315_32_1_3,methylseq,methylseq1000,small,3,1.0,with_ls,slackR-LS,558080,608.0,True,5.890766
primary,setting3_methylseq1000_72_315_32_1_3,methylseq,methylseq1000,small,3,1.0,with_ls,slackW-LS,555805,459.0,True,5.890766
primary,setting3_methylseq1000_72_315_32_1_3,methylseq,methylseq1000,small,3,1.0,with_ls,slackWR-LS,556452,627.0,True,5.890766
primary,setting3_methylseq1000_72_315_32_1_3,methylseq,methylseq1000,small,3,1.0,without_ls,press,563471,328.0,True,4.208961
primary,setting3_methylseq1000_72_315_32_1_3,methylseq,methylseq1000,small,3,1.0,without_ls,pressR,562470,394.0,True,4.208961
primary,setting3_methylseq1000_72_315_32_1_3,methylseq,methylseq1000,small,3,1.0,without_ls,pressW,566304,320.0,True,4.208961
primary,setting3_methylseq1000_72_315_32_1_3,methylseq,methylseq1000,small,3,1.0,without_ls,pressWR,565257,386.0,True,4.208961
primary,setting3_methylseq1000_72_315_32_1_3,methylseq,methylseq1000,small,3,1.0,without_ls,slack,562151,330.0,True,4.208961
primary,setting3_methylseq1000_72_315_32_1_3,methylseq,methylseq1000,small,3,1.0,without_ls,slackR,563773,399.0,True,4.208961
primary,setting3_methylseq1000_72_315_32_1_3,methylseq,methylseq1000,small,3,1.0,without_ls,slackW,563890,321.0,True,4.208961
primary,setting3_methylseq1000_72_315_32_1_3,methylseq,methylseq1000,small,3,1.0,without_ls,slackWR,562063,385.0,True,4.208961
primary,setting3_methylseq1000_72_473_48_1_3,methylseq,methylseq1000,small,3,1.5,baseline,baseline,575380,5.0,True,0.177615
primary,setting3_methylseq1000_72_473_48_1_3,methylseq,methylseq1000,small,3,1.5,with_ls,press-LS,483053,705.0,True,6.900719
primary,setting3_methylseq1000_72_473_48_1_3,methylseq,methylseq1000,small,3,1.5,with_ls,pressR-LS,491763,521.0,True,6.900719
primary,setting3_methylseq1000_72_473_48_1_3,methylseq,methylseq1000,small,3,1.5,with_ls,pressW-LS,484845,704.0,True,6.900719
primary,setting3_methylseq1000_72_473_48_1_3,methylseq,methylseq1000,small,3,1.5,with_ls,pressWR-LS,491017,578.0,True,6.900719
primary,setting3_methylseq1000_72_473_48_1_3,methylseq,methylseq1000,small,3,1.5,with_ls,slack-LS,489996,827.0,True,6.900719
primary,setting3_methylseq1000_72_473_48_1_3,methylseq,methylseq1000,small,3,1.5,with_ls,slackR-LS,512426,650.0,True,6.900719
primary,setting3_methylseq1000_72_473_48_1_3,methylseq,methylseq1000,small,3,1.5,with_ls,slackW-LS,496457,875.0,True,6.900719
primary,setting3_methylseq1000_72_473_48_1_3,methylseq,methylseq1000,small,3,1.5,with_ls,slackWR-LS,511460,716.0,True,6.900719
primary,setting3_methylseq1000_72_473_48_1_3,methylseq,methylseq1000,small,3,1.5,without_ls,press,488210,358.0,True,4.691265
primary,setting3_methylseq1000_72_473_48_1_3,methylseq,methylseq1000,small,3,1.5,without_ls,pressR,493930,477.0,True,4.691265
primary,setting3_methylseq1000_72_473_48_1_3,methylseq,methylseq1000,small,3,1.5,without_ls,pressW,491699,360.0,True,4.691265
primary,setting3_methylseq1000_72_473_48_1_3,methylseq,methylseq1000,small,3,1.5,without_ls,pressWR,492583,476.0,True,4.691265
primary,setting3_methylseq1000_72_473_48_1_3,methylseq,methylseq1000,small,3,1.5,without_ls,slack,496083,367.0,True,4.691265
primary,setting3_methylseq1000_72_473_48_1_3,methylseq,methylseq1000,small,3,1.5,without_ls,slackR,516835,484.0,True,4.691265
primary,setting3_methylseq1000_72_473_48_1_3,methylseq,methylseq1000,small,3,1.5,without_ls,slackW,507174,362.0,True,4.691265
primary,setting3_methylseq1000_72_473_48_1_3,methylseq,methylseq1000,small,3,1.5,without_ls,slackWR,516161,471.0,True,4.691265
primary,setting3_methylseq1000_72_630_63_1_3,methylseq,methylseq1000,small,3,2.0,baseline,baseline,515202,5.0,True,0.177003
primary,setting3_methylseq1000_72_630_63_1_3,methylseq,methylseq1000,small,3,2.0,with_ls,press-LS,439645,744.0,True,7.791997
primary,setting3_methylseq1000_72_630_63_1_3,methylseq,methylseq1000,small,3,2.0,with_ls,pressR-LS,424789,831.0,True,7.791997
primary,setting3_methylseq1000_72_630_63_1_3,methylseq,methylseq1000,small,3,2.0,with_ls,pressW-LS,443943,767.0,True,7.791997
primary,setting3_methylseq1000_72_630_63_1_3,methylseq,methylseq1000,small,3,2.0,with_ls,pressWR-LS,425307,816.0,True,7.791997
primary,setting3_methylseq1000_72_630_63_1_3,methylseq,methylseq1000,small,3,2.0,with_ls,slack-LS,458093,694.0,True,7.791997
primary,setting3_methylseq1000_72_630_63_1_3,methylseq,methylseq1000,small,3,2.0,with_ls,slackR-LS,447413,937.0,True,7.791997
primary,setting3_methylseq1000_72_630_63_1_3,methylseq,methylseq1000,small,3,2.0,with_ls,slackW-LS,463311,831.0,True,7.791997
primary,setting3_methylseq1000_72_630_63_1_3,methylseq,methylseq1000,small,3,2.0,with_ls,slackWR-LS,457626,851.0,True,7.791997
primary,setting3_methylseq1000_72_630_63_1_3,methylseq,methylseq1000,small,3,2.0,without_ls,press,447073,357.0,True,4.899995
primary,setting3_methylseq1000_72_630_63_1_3,methylseq,methylseq1000,small,3,2.0,without_ls,pressR,435190,526.0,True,4.899995
primary,setting3_methylseq1000_72_630_63_1_3,methylseq,methylseq1000,small,3,2.0,without_ls,pressW,450790,355.0,True,4.899995
primary,setting3_methylseq1000_72_630_63_1_3,methylseq,methylseq1000,small,3,2.0,without_ls,pressWR,436616,518.0,True,4.899995
primary,setting3_methylseq1000_72_630_63_1_3,methylseq,methylseq1000,small,3,2.0,without_ls,slack,466316,378.0,True,4.899995
primary,setting3_methylseq1000_72_630_63_1_3,methylseq,methylseq1000,small,3,2.0,without_ls,slackR,455479,528.0,True,4.899995
primary,setting3_methylseq1000_72_630_63_1_3,methylseq,methylseq1000,small,3,2.0,without_ls,slackW,470738,357.0,True,4.899995
primary,setting3_methylseq1000_72_630_63_1_3,methylseq,methylseq1000,small,3,2.0,without_ls,slackWR,464913,527.0,True,4.899995
primary,setting3_methylseq1000_72_945_95_1_3,methylseq,methylseq1000,small,3,3.0,baseline,baseline,312554,5.0,True,0.17655
primary,setting3_methylseq1000_72_945_95_1_3,methylseq,methylseq1000,small,3,3.0,with_ls,press-LS,121622,886.0,True,11.122617
primary,setting3_methylseq1000_72_945_95_1_3,methylseq,methylseq1000,small,3,3.0,with_ls,pressR-LS,112009,1731.0,True,11.122617
primary,setting3_methylseq1000_72_945_95_1_3,methylseq,methylseq1000,small,3,3.0,with_ls,pressW-LS,136970,804.0,True,11.122617
primary,setting3_methylseq1000_72_945_95_1_3,methylseq,methylseq1000,small,3,3.0,with_ls,pressWR-LS,112696,2110.0,True,11.122617
primary,setting3_methylseq1000_72_945_95_1_3,methylseq,methylseq1000,small,3,3.0,with_ls,slack-LS,164404,722.0,True,11.122617
primary,setting3_methylseq1000_72_945_95_1_3,methylseq,methylseq1000,small,3,3.0,with_ls,slackR-LS,149660,1311.0,True,11.122617
primary,setting3_methylseq1000_72_945_95_1_3,methylseq,methylseq1000,small,3,3.0,with_ls,slackW-LS,166420,963.0,True,11.122617
primary,setting3_methylseq1000_72_945_95_1_3,methylseq,methylseq1000,small,3,3.0,with_ls,slackWR-LS,137879,1272.0,True,11.122617
primary,setting3_methylseq1000_72_945_95_1_3,methylseq,methylseq1000,small,3,3.0,without_ls,press,143574,350.0,True,5.503023
primary,setting3_methylseq1000_72_945_95_1_3,methylseq,methylseq1000,small,3,3.0,without_ls,pressR,134595,686.0,True,5.503023
primary,setting3_methylseq1000_72_945_95_1_3,methylseq,methylseq1000,small,3,3.0,without_ls,pressW,161818,345.0,True,5.503023
primary,setting3_methylseq1000_72_945_95_1_3,methylseq,methylseq1000,small,3,3.0,without_ls,pressWR,141053,680.0,True,5.503023
primary,setting3_methylseq1000_72_945_95_1_3,methylseq,methylseq1000,small,3,3.0,without_ls,slack,189192,360.0,True,5.503023
primary,setting3_methylseq1000_72_945_95_1_3,methylseq,methylseq1000,small,3,3.0,without_ls,slackR,174482,706.0,True,5.503023
primary,setting3_methylseq1000_72_945_95_1_3,methylseq,methylseq1000,small,3,3.0,without_ls,slackW,191312,352.0,True,5.503023
primary,setting3_methylseq1000_72_945_95_1_3,methylseq,methylseq1000,small,3,3.0,without_ls,slackWR,158705,676.0,True,5.503023
primary,setting3_methylseq200_144_32_4_1_3,methylseq,methylseq200,large,3,1.0,baseline,baseline,26347,3.0,True,0.04499
primary,setting3_methylseq200_144_32_4_1_3,methylseq,methylseq200,large,3,1.0,with_ls,press-LS,18273,11.0,True,0.403231
primary,setting3_methylseq200_144_32_4_1_3,methylseq,methylseq200,large,3,1.0,with_ls,pressR-LS,14912,13.0,True,0.403231
primary,setting3_methylseq200_144_32_4_1_3,methylseq,methylseq200,large,3,1.0,with_ls,pressW-LS,17654,11.0,True,0.403231
primary,setting3_methylseq200_144_32_4_1_3,methylseq,methylseq200,large,3,1.0,with_ls,pressWR-LS,14581,13.0,True,0.403231
primary,setting3_methylseq200_144_32_4_1_3,methylseq,methylseq200,large,3,1.0,with_ls,slack-LS,19836,12.0,True,0.403231
primary,setting3_methylseq200_144_32_4_1_3,methylseq,methylseq200,large,3,1.0,with_ls,slackR-LS,17542,13.0,True,0.403231
primary,setting3_methylseq200_144_32_4_1_3,methylseq,methylseq200,large,3,1.0,with_ls,slackW-LS,21595,10.0,True,0.403231
primary,setting3_methylseq200_144_32_4_1_3,methylseq,methylseq200,large,3,1.0,with_ls,slackWR-LS,16987,12.0,True,0.403231
primary,setting3_methylseq200_144_32_4_1_3,methylseq,methylseq200,large,3,1.0,without_ls,press,19862,7.0,True,0.377312
primary,setting3_methylseq200_144_32_4_1_3,methylseq,methylseq200,large,3,1.0,without_ls,pressR,16632,9.0,True,0.377312
primary,setting3_methylseq200_144_32_4_1_3,methylseq,methylseq200,large,3,1.0,without_ls,pressW,20452,7.0,True,0.377312
primary,setting3_methylseq200_144_32_4_1_3,methylseq,methylseq200,large,3,1.0,without_ls,pressWR,16201,9.0,True,0.377312
primary,setting3_methylseq200_144_32_4_1_3,methylseq,methylseq200,large,3,1.0,without_ls,slack,23024,8.0,True,0.377312
primary,setting3_methylseq200_144_32_4_1_3,methylseq,methylseq200,large,3,1.0,without_ls,slackR,18718,10.0,True,0.377312
primary,setting3_methylseq200_144_32_4_1_3,methylseq,methylseq200,large,3,1.0,without_ls,slackW,23081,7.0,True,0.377312
primary,setting3_methylseq200_144_32_4_1_3,methylseq,methylseq200,large,3,1.0,without_ls,slackWR,18060,9.0,True,0.377312
primary,setting3_methylseq200_144_48_5_1_3,methylseq,methylseq200,large,3,1.5,baseline,baseline,35813,3.0,True,0.044714
primary,setting3_methylseq200_144_48_5_1_3,methylseq,methylseq200,large,3,1.5,with_ls,press-LS,21430,12.0,True,0.410597
primary,setting3_methylseq200_144_48_5_1_3,methylseq,methylseq200,large,3,1.5,with_ls,pressR-LS,21720,14.0,True,0.410597
primary,setting3_methylseq200_144_48_5_1_3,methylseq,methylseq200,large,3,1.5,with_ls,pressW-LS,23185,12.0,True,0.410597
primary,setting3_methylseq200_144_48_5_1_3,methylseq,methylseq200,large,3,1.5,with_ls,pressWR-LS,22350,14.0,True,0.410597
primary,setting3_methylseq200_144_48_5_1_3,methylseq,methylseq200,large,3,1.5,with_ls,slack-LS,29550,12.0,True,0.410597
primary,setting3_methylseq200_144_48_5_1_3,methylseq,methylseq200,large,3,1.5,with_ls,slackR-LS,23221,15.0,True,0.410597
primary,setting3_methylseq200_144_48_5_1_3,methylseq,methylseq200,large,3,1.5,with_ls,slackW-LS,30328,11.0,True,0.410597
primary,setting3_methylseq200_144_48_5_1_3,methylseq,methylseq200,large,3,1.5,with_ls,slackWR-LS,24615,13.0,True,0.410597
primary,setting3_methylseq200_144_48_5_1_3,methylseq,methylseq200,large,3,1.5,without_ls,press,23957,7.0,True,0.37916
primary,setting3_methylseq200_144_48_5_1_3,methylseq,methylseq200,large,3,1.5,without_ls,pressR,23519,10.0,True,0.37916
primary,setting3_methylseq200_144_48_5_1_3,methylseq,methylseq200,large,3,1.5,without_ls,pressW,25126,7.0,True,0.37916
primary,setting3_methylseq200_144_48_5_1_3,methylseq,methylseq200,large,3,1.5,without_ls,pressWR,23875,10.0,True,0.37916
primary,setting3_methylseq200_144_48_5_1_3,methylseq,methylseq200,large,3,1.5,without_ls,slack,31311,7.0,True,0.37916
primary,setting3_methylseq200_144_48_5_1_3,methylseq,methylseq200,large,3,1.5,without_ls,slackR,25265,9.0,True,0.37916
primary,setting3_methylseq200_144_48_5_1_3,methylseq,methylseq200,large,3,1.5,without_ls,slackW,32804,7.0,True,0.37916
primary,setting3_methylseq200_144_48_5_1_3,methylseq,methylseq200,large,3,1.5,without_ls,slackWR,26094,9.0,True,0.37916
primary,setting3_methylseq200_144_64_7_1_3,methylseq,methylseq200,large,3,2.0,baseline,baseline,35858,2.0,True,0.045264
primary,setting3_methylseq200_144_64_7_1_3,methylseq,methylseq200,large,3,2.0,with_ls,press-LS,7503,11.0,True,0.418693
primary,setting3_methylseq200_144_64_7_1_3,methylseq,methylseq200,large,3,2.0,with_ls,pressR-LS,1924,15.0,True,0.418693
primary,setting3_methylseq200_144_64_7_1_3,methylseq,methylseq200,large,3,2.0,with_ls,pressW-LS,9745,13.0,True,0.418693
primary,setting3_methylseq200_144_64_7_1_3,methylseq,methylseq200,large,3,2.0,with_ls,pressWR-LS,6372,16.0,True,0.418693
primary,setting3_methylseq200_144_64_7_1_3,methylseq,methylseq200,large,3,2.0,with_ls,slack-LS,18275,11.0,True,0.418693
primary,setting3_methylseq200_144_64_7_1_3,methylseq,methylseq200,large,3,2.0,with_ls,slackR-LS,9718,16.0,True,0.418693
primary,setting3_methylseq200_144_64_7_1_3,methylseq,methylseq200,large,3,2.0,with_ls,slackW-LS,22281,12.0,True,0.418693
primary,setting3_methylseq200_144_64_7_1_3,methylseq,methylseq200,large,3,2.0,with_ls,slackWR-LS,12360,16.0,True,0.418693
primary,setting3_methylseq200_144_64_7_1_3,methylseq,methylseq200,large,3,2.0,without_ls,press,7713,7.0,True,0.386581
primary,setting3_methylseq200_144_64_7_1_3,methylseq,methylseq200,large,3,2.0,without_ls,pressR,3125,11.0,True,0.386581
primary,setting3_methylseq200_144_64_7_1_3,methylseq,methylseq200,large,3,2.0,without_ls,pressW,11241,7.0,True,0.386581
primary,setting3_methylseq200_144_64_7_1_3,methylseq,methylseq200,large,3,2.0,without_ls,pressWR,7494,11.0,True,0.386581
primary,setting3_methylseq200_144_64_7_1_3,methylseq,methylseq200,large,3,2.0,without_ls,slack,19263,8.0,True,0.386581
primary,setting3_methylseq200_144_64_7_1_3,methylseq,methylseq200,large,3,2.0,without_ls,slackR,12112,10.0,True,0.386581
primary,setting3_methylseq200_144_64_7_1_3,methylseq,methylseq200,large,3,2.0,without_ls,slackW,25524,7.0,True,0.386581
primary,setting3_methylseq200_144_64_7_1_3,methylseq,methylseq200,large,3,2.0,without_ls,slackWR,13917,10.0,True,0.386581
primary,setting3_methylseq200_144_96_10_1_3,methylseq,methylseq200,large,3,3.0,baseline,baseline,100,2.0,True,0.045388
primary,setting3_methylseq200_144_96_10_1_3,methylseq,methylseq200,large,3,3.0,with_ls,press-LS,1036,14.0,True,0.427591
primary,setting3_methylseq200_144_96_10_1_3,methylseq,methylseq200,large,3,3.0,with_ls,pressR-LS,104,17.0,True,0.427591
primary,setting3_methylseq200_144_96_10_1_3,methylseq,methylseq200,large,3,3.0,with_ls,pressW-LS,1152,14.0,True,0.427591
primary,setting3_methylseq200_144_96_10_1_3,methylseq,methylseq200,large,3,3.0,with_ls,pressWR-LS,0,16.0,True,0.427591
primary,setting3_methylseq200_144_96_10_1_3,methylseq,methylseq200,large,3,3.0,with_ls,slack-LS,1701,13.0,True,0.427591
primary,setting3_methylseq200_144_96_10_1_3,methylseq,methylseq200,large,3,3.0,with_ls,slackR-LS,1000,18.0,True,0.427591
primary,setting3_methylseq200_144_96_10_1_3,methylseq,methylseq200,large,3,3.0,with_ls,slackW-LS,1643,12.0,True,0.427591
primary,setting3_methylseq200_144_96_10_1_3,methylseq,methylseq200,large,3,3.0,with_ls,slackWR-LS,810,16.0,True,0.427591
primary,setting3_methylseq200_144_96_10_1_3,methylseq,methylseq200,large,3,3.0,without_ls,press,1658,7.0,True,0.393204
primary,setting3_methylseq200_144_96_10_1_3,methylseq,methylseq200,large,3,3.0,without_ls,pressR,108,12.0,True,0.393204
primary,setting3_methylseq200_144_96_10_1_3,methylseq,methylseq200,large,3,3.0,without_ls,pressW,2074,7.0,True,0.393204
primary,setting3_methylseq200_144_96_10_1_3,methylseq,methylseq200,large,3,3.0,without_ls,pressWR,3,12.0,True,0.393204
primary,setting3_methylseq200_144_96_10_1_3,methylseq,methylseq200,large,3,3.0,without_ls,slack,2409,7.0,True,0.393204
primary,setting3_methylseq200_144_96_10_1_3,methylseq,methylseq200,large,3,3.0,without_ls,slackR,1980,12.0,True,0.393204
primary,setting3_methylseq200_144_96_10_1_3,methylseq,methylseq200,large,3,3.0,without_ls,slackW,2452,7.0,True,0.393204
primary,setting3_methylseq200_144_96_10_1_3,methylseq,methylseq200,large,3,3.0,without_ls,slackWR,1432,12.0,True,0.393204
primary,setting3_methylseq200_72_117_12_1_3,methylseq,methylseq200,small,3,3.0,baseline,baseline,48845,1.0,True,0.038748
primary,setting3_methylseq200_72_117_12_1_3,methylseq,methylseq200,small,3,3.0,with_ls,press-LS,14208,13.0,True,0.402556
primary,setting3_methylseq200_72_117_12_1_3,methylseq,methylseq200,small,3,3.0,with_ls,pressR-LS,5300,16.0,True,0.402556
primary,setting3_methylseq200_72_117_12_1_3,methylseq,methylseq200,small,3,3.0,with_ls,pressW-LS,14078,12.0,True,0.402556
primary,setting3_methylseq200_72_117_12_1_3,methylseq,methylseq200,small,3,3.0,with_ls,pressWR-LS,10073,16.0,True,0.402556
primary,setting3_methylseq200_72_117_12_1_3,methylseq,methylseq200,small,3,3.0,with_ls,slack-LS,33604,15.0,True,0.402556
primary,setting3_methylseq200_72_117_12_1_3,methylseq,methylseq200,small,3,3.0,with_ls,slackR-LS,21586,21.0,True,0.402556
primary,setting3_methylseq200_72_117_12_1_3,methylseq,methylseq200,small,3,3.0,with_ls,slackW-LS,40587,11.0,True,0.402556
primary,setting3_methylseq200_72_117_12_1_3,methylseq,methylseq200,small,3,3.0,with_ls,slackWR-LS,28945,23.0,True,0.402556
primary,setting3_methylseq200_72_117_12_1_3,methylseq,methylseq200,small,3,3.0,without_ls,press,15416,7.0,True,0.358432
primary,setting3_methylseq200_72_117_12_1_3,methylseq,methylseq200,small,3,3.0,without_ls,pressR,5605,13.0,True,0.358432
primary,setting3_methylseq200_72_117_12_1_3,methylseq,methylseq200,small,3,3.0,without_ls,pressW,15720,7.0,True,0.358432
primary,setting3_methylseq200_72_117_12_1_3,methylseq,methylseq200,small,3,3.0,without_ls,pressWR,10275,12.0,True,0.358432
primary,setting3_methylseq200_72_117_12_1_3,methylseq,methylseq200,small,3,3.0,without_ls,slack,35281,8.0,True,0.358432
primary,setting3_methylseq200_72_117_12_1_3,methylseq,methylseq200,small,3,3.0,without_ls,slackR,22186,13.0,True,0.358432
primary,setting3_methylseq200_72_117_12_1_3,methylseq,methylseq200,small,3,3.0,without_ls,slackW,42759,7.0,True,0.358432
primary,setting3_methylseq200_72_117_12_1_3,methylseq,methylseq200,small,3,3.0,without_ls,slackWR,30373,12.0,True,0.358432
primary,setting3_methylseq200_72_39_4_1_3,methylseq,methylseq200,small,3,1.0,baseline,baseline,31558,1.0,True,0.038773
primary,setting3_methylseq200_72_39_4_1_3,methylseq,methylseq200,small,3,1.0,with_ls,press-LS,34295,9.0,True,0.352678
primary,setting3_methylseq200_72_39_4_1_3,methylseq,methylseq200,small,3,1.0,with_ls,pressR-LS,33592,11.0,True,0.352678
primary,setting3_methylseq200_72_39_4_1_3,methylseq,methylseq200,small,3,1.0,with_ls,pressW-LS,33067,8.0,True,0.352678
primary,setting3_methylseq200_72_39_4_1_3,methylseq,methylseq200,small,3,1.0,with_ls,pressWR-LS,32856,11.0,True,0.352678
primary,setting3_methylseq200_72_39_4_1_3,methylseq,methylseq200,small,3,1.0,with_ls,slack-LS,34026,9.0,True,0.352678
primary,setting3_methylseq200_72_39_4_1_3,methylseq,methylseq200,small,3,1.0,with_ls,slackR-LS,33903,10.0,True,0.352678
primary,setting3_methylseq200_72_39_4_1_3,methylseq,methylseq200,small,3,1.0,with_ls,slackW-LS,32494,8.0,True,0.352678
primary,setting3_methylseq200_72_39_4_1_3,methylseq,methylseq200,small,3,1.0,with_ls,slackWR-LS,34270,9.0,True,0.352678
primary,setting3_methylseq200_72_39_4_1_3,methylseq,methylseq200,small,3,1.0,without_ls,press,36869,7.0,True,0.335558
primary,setting3_methylseq200_72_39_4_1_3,methylseq,methylseq200,small,3,1.0,without_ls,pressR,37463,8.0,True,0.335558
primary,setting3_methylseq200_72_39_4_1_3,methylseq,methylseq200,small,3,1.0,without_ls,pressW,37109,6.0,True,0.335558
primary,setting3_methylseq200_72_39_4_1_3,methylseq,methylseq200,small,3,1.0,without_ls,pressWR,35808,8.0,True,0.335558
primary,setting3_methylseq200_72_39_4_1_3,methylseq,methylseq200,small,3,1.0,without_ls,slack,37279,7.0,True,0.335558
primary,setting3_methylseq200_72_39_4_1_3,methylseq,methylseq200,small,3,1.0,without_ls,slackR,36154,9.0,True,0.335558
primary,setting3_methylseq200_72_39_4_1_3,methylseq,methylseq200,small,3,1.0,without_ls,slackW,34840,6.0,True,0.335558
primary,setting3_methylseq200_72_39_4_1_3,methylseq,methylseq200,small,3,1.0,without_ls,slackWR,35770,8.0,True,0.335558
primary,setting3_methylseq200_72_59_6_1_3,methylseq,methylseq200,small,3,1.5,baseline,baseline,47331,1.0,True,0.038723
primary,setting3_methylseq200_72_59_6_1_3,methylseq,methylseq200,small,3,1.5,with_ls,press-LS,20742,11.0,True,0.375072
primary,setting3_methylseq200_72_59_6_1_3,methylseq,methylseq200,small,3,1.5,with_ls,pressR-LS,17386,16.0,True,0.375072
primary,setting3_methylseq200_72_59_6_1_3,methylseq,methylseq200,small,3,1.5,with_ls,pressW-LS,21642,10.0,True,0.375072
primary,setting3_methylseq200_72_59_6_1_3,methylseq,methylseq200,small,3,1.5,with_ls,pressWR-LS,17471,13.0,True,0.375072
primary,setting3_methylseq200_72_59_6_1_3,methylseq,methylseq200,small,3,1.5,with_ls,slack-LS,32441,11.0,True,0.375072
primary,setting3_methylseq200_72_59_6_1_3,methylseq,methylseq200,small,3,1.5,with_ls,slackR-LS,24471,13.0,True,0.375072
primary,setting3_methylseq200_72_59_6_1_3,methylseq,methylseq200,small,3,1.5,with_ls,slackW-LS,33016,9.0,True,0.375072
primary,setting3_methylseq200_72_59_6_1_3,methylseq,methylseq200,small,3,1.5,with_ls,slackWR-LS,23503,13.0,True,0.375072
primary,setting3_methylseq200_72_59_6_1_3,methylseq,methylseq200,small,3,1.5,without_ls,press,29768,8.0,True,0.345407
primary,setting3_methylseq200_72_59_6_1_3,methylseq,methylseq200,small,3,1.5,without_ls,pressR,23154,10.0,True,0.345407
primary,setting3_methylseq200_72_59_6_1_3,methylseq,methylseq200,small,3,1.5,without_ls,pressW,30072,7.0,True,0.345407
primary,setting3_methylseq200_72_59_6_1_3,methylseq,methylseq200,small,3,1.5,without_ls,pressWR,20961,10.0,True,0.345407
primary,setting3_methylseq200_72_59_6_1_3,methylseq,methylseq200,small,3,1.5,without_ls,slack,39211,7.0,True,0.345407
primary,setting3_methylseq200_72_59_6_1_3,methylseq,methylseq200,small,3,1.5,without_ls,slackR,30159,10.0,True,0.345407
primary,setting3_methylseq200_72_59_6_1_3,methylseq,methylseq200,small,3,1.5,without_ls,slackW,39569,6.0,True,0.345407
primary,setting3_methylseq200_72_59_6_1_3,methylseq,methylseq200,small,3,1.5,without_ls,slackWR,28008,10.0,True,0.345407
primary,setting3_methylseq200_72_78_8_1_3,methylseq,methylseq200,small,3,2.0,baseline,baseline,47447,1.0,True,0.038711
primary,setting3_methylseq200_72_78_8_1_3,methylseq,methylseq200,small,3,2.0,with_ls,press-LS,45860,13.0,True,0.384662
primary,setting3_methylseq200_72_78_8_1_3,methylseq,methylseq200,small,3,2.0,with_ls,pressR-LS,46109,15.0,True,0.384662
primary,setting3_methylseq200_72_78_8_1_3,methylseq,methylseq200,small,3,2.0,with_ls,pressW-LS,47145,12.0,True,0.384662
primary,setting3_methylseq200_72_78_8_1_3,methylseq,methylseq200,small,3,2.0,with_ls,pressWR-LS,46531,14.0,True,0.384662
primary,setting3_methylseq200_72_78_8_1_3,methylseq,methylseq200,small,3,2.0,with_ls,slack-LS,47700,13.0,True,0.384662
primary,setting3_methylseq200_72_78_8_1_3,methylseq,methylseq200,small,3,2.0,with_ls,slackR-LS,47877,14.0,True,0.384662
primary,setting3_methylseq200_72_78_8_1_3,methylseq,methylseq200,small,3,2.0,with_ls,slackW-LS,48789,11.0,True,0.384662
primary,setting3_methylseq200_72_78_8_1_3,methylseq,methylseq200,small,3,2.0,with_ls,slackWR-LS,47932,13.0,True,0.384662
primary,setting3_methylseq200_72_78_8_1_3,methylseq,methylseq200,small,3,2.0,without_ls,press,53607,8.0,True,0.352999
primary,setting3_methylseq200_72_78_8_1_3,methylseq,methylseq200,small,3,2.0,without_ls,pressR,52986,11.0,True,0.352999
primary,setting3_methylseq200_72_78_8_1_3,methylseq,methylseq200,small,3,2.0,without_ls,pressW,56276,7.0,True,0.352999
primary,setting3_methylseq200_72_78_8_1_3,methylseq,methylseq200,small,3,2.0,without_ls,pressWR,52359,10.0,True,0.352999
primary,setting3_methylseq200_72_78_8_1_3,methylseq,methylseq200,small,3,2.0,without_ls,slack,56508,8.0,True,0.352999
primary,setting3_methylseq200_72_78_8_1_3,methylseq,methylseq200,small,3,2.0,without_ls,slackR,55901,11.0,True,0.352999
primary,setting3_methylseq200_72_78_8_1_3,methylseq,methylseq200,small,3,2.0,without_ls,slackW,57805,7.0,True,0.352999
primary,setting3_methylseq200_72_78_8_1_3,methylseq,methylseq200,small,3,2.0,without_ls,slackWR,53802,10.0,True,0.352999
primary,setting4_atacseq1000_144_117_12_1_4,atacseq,atacseq1000,large,4,1.5,baseline,baseline,177480,7.0,True,0.181348
primary,setting4_atacseq1000_144_117_12_1_4,atacseq,atacseq1000,large,4,1.5,with_ls,press-LS,31757,297.0,True,3.749588
primary,setting4_atacseq1000_144_117_12_1_4,atacseq,atacseq1000,large,4,1.5,with_ls,pressR-LS,42457,312.0,True,3.749588
primary,setting4_atacseq1000_144_117_12_1_4,atacseq,atacseq1000,large,4,1.5,with_ls,pressW-LS,65437,283.0,True,3.749588
primary,setting4_atacseq1000_144_117_12_1_4,atacseq,atacseq1000,large,4,1.5,with_ls,pressWR-LS,74538,310.0,True,3.749588
primary,setting4_atacseq1000_144_117_12_1_4,atacseq,atacseq1000,large,4,1.5,with_ls,slack-LS,77820,283.0,True,3.749588
primary,setting4_atacseq1000_144_117_12_1_4,atacseq,atacseq1000,large,4,1.5,with_ls,slackR-LS,79956,311.0,True,3.749588
primary,setting4_atacseq1000_144_117_12_1_4,atacseq,atacseq1000,large,4,1.5,with_ls,slackW-LS,74222,282.0,True,3.749588
primary,setting4_atacseq1000_144_117_12_1_4,atacseq,atacseq1000,large,4,1.5,with_ls,slackWR-LS,94371,314.0,True,3.749588
primary,setting4_atacseq1000_144_117_12_1_4,atacseq,atacseq1000,large,4,1.5,without_ls,press,32631,259.0,True,3.493823
primary,setting4_atacseq1000_144_117_12_1_4,atacseq,atacseq1000,large,4,1.5,without_ls,pressR,45739,283.0,True,3.493823
primary,setting4_atacseq1000_144_117_12_1_4,atacseq,atacseq1000,large,4,1.5,without_ls,pressW,67601,246.0,True,3.493823
primary,setting4_atacseq1000_144_117_12_1_4,atacseq,atacseq1000,large,4,1.5,without_ls,pressWR,80307,272.0,True,3.493823
primary,setting4_atacseq1000_144_117_12_1_4,atacseq,atacseq1000,large,4,1.5,without_ls,slack,83102,257.0,True,3.493823
primary,setting4_atacseq1000_144_117_12_1_4,atacseq,atacseq1000,large,4,1.5,without_ls,slackR,85028,282.0,True,3.493823
primary,setting4_atacseq1000_144_117_12_1_4,atacseq,atacseq1000,large,4,1.5,without_ls,slackW,79196,245.0,True,3.493823
primary,setting4_atacseq1000_144_117_12_1_4,atacseq,atacseq1000,large,4,1.5,without_ls,slackWR,100673,271.0,True,3.493823
primary,setting4_atacseq1000_144_156_16_1_4,atacseq,atacseq1000,large,4,2.0,baseline,baseline,204831,7.0,True,0.181572
primary,setting4_atacseq1000_144_156_16_1_4,atacseq,atacseq1000,large,4,2.0,with_ls,press-LS,0,283.0,True,3.902736
primary,setting4_atacseq1000_144_156_16_1_4,atacseq,atacseq1000,large,4,2.0,with_ls,pressR-LS,0,324.0,True,3.902736
primary,setting4_atacseq1000_144_156_16_1_4,atacseq,atacseq1000,large,4,2.0,with_ls,pressW-LS,5767,283.0,True,3.902736
primary,setting4_atacseq1000_144_156_16_1_4,atacseq,atacseq1000,large,4,2.0,with_ls,pressWR-LS,6164,330.0,True,3.902736
primary,setting4_atacseq1000_144_156_16_1_4,atacseq,atacseq1000,large,4,2.0,with_ls,slack-LS,6109,328.0,True,3.902736
primary,setting4_atacseq1000_144_156_16_1_4,atacseq,atacseq1000,large,4,2.0,with_ls,slackR-LS,1944,341.0,True,3.902736
primary,setting4_atacseq1000_144_156_16_1_4,atacseq,atacseq1000,large,4,2.0,with_ls,slackW-LS,11298,305.0,True,3.902736
primary,setting4_atacseq1000_144_156_16_1_4,atacseq,atacseq1000,large,4,2.0,with_ls,slackWR-LS,10274,368.0,True,3.902736
primary,setting4_atacseq1000_144_156_16_1_4,atacseq,atacseq1000,large,4,2.0,without_ls,press,0,271.0,True,3.658398
primary,setting4_atacseq1000_144_156_16_1_4,atacseq,atacseq1000,large,4,2.0,without_ls,pressR,0,311.0,True,3.658398
primary,setting4_atacseq1000_144_156_16_1_4,atacseq,atacseq1000,large,4,2.0,without_ls,pressW,6069,263.0,True,3.658398
primary,setting4_atacseq1000_144_156_16_1_4,atacseq,atacseq1000,large,4,2.0,without_ls,pressWR,6668,297.0,True,3.658398
primary,setting4_atacseq1000_144_156_16_1_4,atacseq,atacseq1000,large,4,2.0,without_ls,slack,9705,271.0,True,3.658398
primary,setting4_atacseq1000_144_156_16_1_4,atacseq,atacseq1000,large,4,2.0,without_ls,slackR,4075,311.0,True,3.658398
primary,setting4_atacseq1000_144_156_16_1_4,atacseq,atacseq1000,large,4,2.0,without_ls,slackW,13923,259.0,True,3.658398
primary,setting4_atacseq1000_144_156_16_1_4,atacseq,atacseq1000,large,4,2.0,without_ls,slackWR,11763,298.0,True,3.658398
primary,setting4_atacseq1000_144_234_24_1_4,atacseq,atacseq1000,large,4,3.0,baseline,baseline,205614,7.0,True,0.184317
primary,setting4_atacseq1000_144_234_24_1_4,atacseq,atacseq1000,large,4,3.0,with_ls,press-LS,0,273.0,True,3.907686
primary,setting4_atacseq1000_144_234_24_1_4,atacseq,atacseq1000,large,4,3.0,with_ls,pressR-LS,0,347.0,True,3.907686
primary,setting4_atacseq1000_144_234_24_1_4,atacseq,atacseq1000,large,4,3.0,with_ls,pressW-LS,0,267.0,True,3.907686
primary,setting4_atacseq1000_144_234_24_1_4,atacseq,atacseq1000,large,4,3.0,with_ls,pressWR-LS,4781,345.0,True,3.907686
primary,setting4_atacseq1000_144_234_24_1_4,atacseq,atacseq1000,large,4,3.0,with_ls,slack-LS,530,289.0,True,3.907686
primary,setting4_atacseq1000_144_234_24_1_4,atacseq,atacseq1000,large,4,3.0,with_ls,slackR-LS,300,354.0,True,3.907686
primary,setting4_atacseq1000_144_234_24_1_4,atacseq,atacseq1000,large,4,3.0,with_ls,slackW-LS,29872,310.0,True,3.907686
primary,setting4_atacseq1000_144_234_24_1_4,atacseq,atacseq1000,large,4,3.0,with_ls,slackWR-LS,29543,360.0,True,3.907686
primary,setting4_atacseq1000_144_234_24_1_4,atacseq,atacseq1000,large,4,3.0,without_ls,press,0,269.0,True,3.778211
primary,setting4_atacseq1000_144_234_24_1_4,atacseq,atacseq1000,large,4,3.0,without_ls,pressR,0,340.0,True,3.778211
primary,setting4_atacseq1000_144_234_24_1_4,atacseq,atacseq1000,large,4,3.0,without_ls,pressW,0,260.0,True,3.778211
primary,setting4_atacseq1000_144_234_24_1_4,atacseq,atacseq1000,large,4,3.0,without_ls,pressWR,5332,327.0,True,3.778211
primary,setting4_atacseq1000_144_234_24_1_4,atacseq,atacseq1000,large,4,3.0,without_ls,slack,2366,272.0,True,3.778211
primary,setting4_atacseq1000_144_234_24_1_4,atacseq,atacseq1000,large,4,3.0,without_ls,slackR,1112,336.0,True,3.778211
primary,setting4_atacseq1000_144_234_24_1_4,atacseq,atacseq1000,large,4,3.0,without_ls,slackW,34173,272.0,True,3.778211
primary,setting4_atacseq1000_144_234_24_1_4,atacseq,atacseq1000,large,4,3.0,without_ls,slackWR,30527,326.0,True,3.778211
primary,setting4_atacseq1000_144_78_8_1_4,atacseq,atacseq1000,large,4,1.0,baseline,baseline,75602,7.0,True,0.182821
primary,setting4_atacseq1000_144_78_8_1_4,atacseq,atacseq1000,large,4,1.0,with_ls,press-LS,68512,283.0,True,3.645409
primary,setting4_atacseq1000_144_78_8_1_4,atacseq,atacseq1000,large,4,1.0,with_ls,pressR-LS,65609,300.0,True,3.645409
primary,setting4_atacseq1000_144_78_8_1_4,atacseq,atacseq1000,large,4,1.0,with_ls,pressW-LS,64532,271.0,True,3.645409
primary,setting4_atacseq1000_144_78_8_1_4,atacseq,atacseq1000,large,4,1.0,with_ls,pressWR-LS,63072,288.0,True,3.645409
primary,setting4_atacseq1000_144_78_8_1_4,atacseq,atacseq1000,large,4,1.0,with_ls,slack-LS,65396,282.0,True,3.645409
primary,setting4_atacseq1000_144_78_8_1_4,atacseq,atacseq1000,large,4,1.0,with_ls,slackR-LS,64028,313.0,True,3.645409
primary,setting4_atacseq1000_144_78_8_1_4,atacseq,atacseq1000,large,4,1.0,with_ls,slackW-LS,62161,273.0,True,3.645409
primary,setting4_atacseq1000_144_78_8_1_4,atacseq,atacseq1000,large,4,1.0,with_ls,slackWR-LS,61676,286.0,True,3.645409
primary,setting4_atacseq1000_144_78_8_1_4,atacseq,atacseq1000,large,4,1.0,without_ls,press,75375,254.0,True,3.416197
primary,setting4_atacseq1000_144_78_8_1_4,atacseq,atacseq1000,large,4,1.0,without_ls,pressR,71737,271.0,True,3.416197
primary,setting4_atacseq1000_144_78_8_1_4,atacseq,atacseq1000,large,4,1.0,without_ls,pressW,71935,244.0,True,3.416197
primary,setting4_atacseq1000_144_78_8_1_4,atacseq,atacseq1000,large,4,1.0,without_ls,pressWR,67751,260.0,True,3.416197
primary,setting4_atacseq1000_144_78_8_1_4,atacseq,atacseq1000,large,4,1.0,without_ls,slack,70357,253.0,True,3.416197
primary,setting4_atacseq1000_144_78_8_1_4,atacseq,atacseq1000,large,4,1.0,without_ls,slackR,67726,271.0,True,3.416197
primary,setting4_atacseq1000_144_78_8_1_4,atacseq,atacseq1000,large,4,1.0,without_ls,slackW,71536,246.0,True,3.416197
primary,setting4_atacseq1000_144_78_8_1_4,atacseq,atacseq1000,large,4,1.0,without_ls,slackWR,64283,264.0,True,3.416197
primary,setting4_atacseq1000_72_143_15_1_4,atacseq,atacseq1000,small,4,1.0,baseline,baseline,152823,5.0,True,0.173328
primary,setting4_atacseq1000_72_143_15_1_4,atacseq,atacseq1000,small,4,1.0,with_ls,press-LS,104195,339.0,True,4.111524
primary,setting4_atacseq1000_72_143_15_1_4,atacseq,atacseq1000,small,4,1.0,with_ls,pressR-LS,106938,359.0,True,4.111524
primary,setting4_atacseq1000_72_143_15_1_4,atacseq,atacseq1000,small,4,1.0,with_ls,pressW-LS,105817,350.0,True,4.111524
primary,setting4_atacseq1000_72_143_15_1_4,atacseq,atacseq1000,small,4,1.0,with_ls,pressWR-LS,106526,354.0,True,4.111524
primary,setting4_atacseq1000_72_143_15_1_4,atacseq,atacseq1000,small,4,1.0,with_ls,slack-LS,110777,336.0,True,4.111524
primary,setting4_atacseq1000_72_143_15_1_4,atacseq,atacseq1000,small,4,1.0,with_ls,slackR-LS,113622,359.0,True,4.111524
primary,setting4_atacseq1000_72_143_15_1_4,atacseq,atacseq1000,small,4,1.0,with_ls,slackW-LS,112433,346.0,True,4.111524
primary,setting4_atacseq1000_72_143_15_1_4,atacseq,atacseq1000,small,4,1.0,with_ls,slackWR-LS,110288,354.0,True,4.111524
primary,setting4_atacseq1000_72_143_15_1_4,atacseq,atacseq1000,small,4,1.0,without_ls,press,112083,291.0,True,3.737328
primary,setting4_atacseq1000_72_143_15_1_4,atacseq,atacseq1000,small,4,1.0,without_ls,pressR,111901,325.0,True,3.737328
primary,setting4_atacseq1000_72_143_15_1_4,atacseq,atacseq1000,small,4,1.0,without_ls,pressW,114205,281.0,True,3.737328
primary,setting4_atacseq1000_72_143_15_1_4,atacseq,atacseq1000,small,4,1.0,without_ls,pressWR,111575,315.0,True,3.737328
primary,setting4_atacseq1000_72_143_15_1_4,atacseq,atacseq1000,small,4,1.0,without_ls,slack,115961,289.0,True,3.737328
primary,setting4_atacseq1000_72_143_15_1_4,atacseq,atacseq1000,small,4,1.0,without_ls,slackR,118148,320.0,True,3.737328
primary,setting4_atacseq1000_72_143_15_1_4,atacseq,atacseq1000,small,4,1.0,without_ls,slackW,119661,278.0,True,3.737328
primary,setting4_atacseq1000_72_143_15_1_4,atacseq,atacseq1000,small,4,1.0,without_ls,slackWR,114889,313.0,True,3.737328
primary,setting4_atacseq1000_72_215_22_1_4,atacseq,atacseq1000,small,4,1.5,baseline,baseline,210643,5.0,True,0.176692
primary,setting4_atacseq1000_72_215_22_1_4,atacseq,atacseq1000,small,4,1.5,with_ls,press-LS,85454,388.0,True,4.457605
primary,setting4_atacseq1000_72_215_22_1_4,atacseq,atacseq1000,small,4,1.5,with_ls,pressR-LS,93862,453.0,True,4.457605
primary,setting4_atacseq1000_72_215_22_1_4,atacseq,atacseq1000,small,4,1.5,with_ls,pressW-LS,87723,361.0,True,4.457605
primary,setting4_atacseq1000_72_215_22_1_4,atacseq,atacseq1000,small,4,1.5,with_ls,pressWR-LS,93999,431.0,True,4.457605
primary,setting4_atacseq1000_72_215_22_1_4,atacseq,atacseq1000,small,4,1.5,with_ls,slack-LS,99148,340.0,True,4.457605
primary,setting4_atacseq1000_72_215_22_1_4,atacseq,atacseq1000,small,4,1.5,with_ls,slackR-LS,114186,387.0,True,4.457605
primary,setting4_atacseq1000_72_215_22_1_4,atacseq,atacseq1000,small,4,1.5,with_ls,slackW-LS,62988,357.0,True,4.457605
primary,setting4_atacseq1000_72_215_22_1_4,atacseq,atacseq1000,small,4,1.5,with_ls,slackWR-LS,66811,425.0,True,4.457605
primary,setting4_atacseq1000_72_215_22_1_4,atacseq,atacseq1000,small,4,1.5,without_ls,press,89601,317.0,True,3.996346
primary,setting4_atacseq1000_72_215_22_1_4,atacseq,atacseq1000,small,4,1.5,without_ls,pressR,99224,364.0,True,3.996346
primary,setting4_atacseq1000_72_215_22_1_4,atacseq,atacseq1000,small,4,1.5,without_ls,pressW,94701,303.0,True,3.996346
primary,setting4_atacseq1000_72_215_22_1_4,atacseq,atacseq1000,small,4,1.5,without_ls,pressWR,99493,355.0,True,3.996346
primary,setting4_atacseq1000_72_215_22_1_4,atacseq,atacseq1000,small,4,1.5,without_ls,slack,105933,307.0,True,3.996346
primary,setting4_atacseq1000_72_215_22_1_4,atacseq,atacseq1000,small,4,1.5,without_ls,slackR,117707,359.0,True,3.996346
primary,setting4_atacseq1000_72_215_22_1_4,atacseq,atacseq1000,small,4,1.5,without_ls,slackW,71196,300.0,True,3.996346
primary,setting4_atacseq1000_72_215_22_1_4,atacseq,atacseq1000,small,4,1.5,without_ls,slackWR,72468,350.0,True,3.996346
primary,setting4_atacseq1000_72_286_29_1_4,atacseq,atacseq1000,small,4,2.0,baseline,baseline,232584,5.0,True,0.176477
primary,setting4_atacseq1000_72_286_29_1_4,atacseq,atacseq1000,small,4,2.0,with_ls,press-LS,4058,356.0,True,4.436986
primary,setting4_atacseq1000_72_286_29_1_4,atacseq,atacseq1000,small,4,2.0,with_ls,pressR-LS,7721,443.0,True,4.436986
primary,setting4_atacseq1000_72_286_29_1_4,atacseq,atacseq1000,small,4,2.0,with_ls,pressW-LS,75187,381.0,True,4.436986
primary,setting4_atacseq1000_72_286_29_1_4,atacseq,atacseq1000,small,4,2.0,with_ls,pressWR-LS,83981,411.0,True,4.436986
primary,setting4_atacseq1000_72_286_29_1_4,atacseq,atacseq1000,small,4,2.0,with_ls,slack-LS,103696,368.0,True,4.436986
primary,setting4_atacseq1000_72_286_29_1_4,atacseq,atacseq1000,small,4,2.0,with_ls,slackR-LS,107688,437.0,True,4.436986
primary,setting4_atacseq1000_72_286_29_1_4,atacseq,atacseq1000,small,4,2.0,with_ls,slackW-LS,7690,325.0,True,4.436986
primary,setting4_atacseq1000_72_286_29_1_4,atacseq,atacseq1000,small,4,2.0,with_ls,slackWR-LS,5595,408.0,True,4.436986
primary,setting4_atacseq1000_72_286_29_1_4,atacseq,atacseq1000,small,4,2.0,without_ls,press,7383,321.0,True,4.127206
primary,setting4_atacseq1000_72_286_29_1_4,atacseq,atacseq1000,small,4,2.0,without_ls,pressR,8728,391.0,True,4.127206
primary,setting4_atacseq1000_72_286_29_1_4,atacseq,atacseq1000,small,4,2.0,without_ls,pressW,78757,314.0,True,4.127206
primary,setting4_atacseq1000_72_286_29_1_4,atacseq,atacseq1000,small,4,2.0,without_ls,pressWR,85195,382.0,True,4.127206
primary,setting4_atacseq1000_72_286_29_1_4,atacseq,atacseq1000,small,4,2.0,without_ls,slack,107078,321.0,True,4.127206
primary,setting4_atacseq1000_72_286_29_1_4,atacseq,atacseq1000,small,4,2.0,without_ls,slackR,108878,389.0,True,4.127206
primary,setting4_atacseq1000_72_286_29_1_4,atacseq,atacseq1000,small,4,2.0,without_ls,slackW,9125,296.0,True,4.127206
primary,setting4_atacseq1000_72_286_29_1_4,atacseq,atacseq1000,small,4,2.0,without_ls,slackWR,7317,382.0,True,4.127206
primary,setting4_atacseq1000_72_429_43_1_4,atacseq,atacseq1000,small,4,3.0,baseline,baseline,199222,5.0,True,0.176633
primary,setting4_atacseq1000_72_429_43_1_4,atacseq,atacseq1000,small,4,3.0,with_ls,press-LS,0,334.0,True,4.546906
primary,setting4_atacseq1000_72_429_43_1_4,atacseq,atacseq1000,small,4,3.0,with_ls,pressR-LS,0,472.0,True,4.546906
primary,setting4_atacseq1000_72_429_43_1_4,atacseq,atacseq1000,small,4,3.0,with_ls,pressW-LS,0,349.0,True,4.546906
primary,setting4_atacseq1000_72_429_43_1_4,atacseq,atacseq1000,small,4,3.0,with_ls,pressWR-LS,177,487.0,True,4.546906
primary,setting4_atacseq1000_72_429_43_1_4,atacseq,atacseq1000,small,4,3.0,with_ls,slack-LS,0,321.0,True,4.546906
primary,setting4_atacseq1000_72_429_43_1_4,atacseq,atacseq1000,small,4,3.0,with_ls,slackR-LS,0,467.0,True,4.546906
primary,setting4_atacseq1000_72_429_43_1_4,atacseq,atacseq1000,small,4,3.0,with_ls,slackW-LS,0,337.0,True,4.546906
primary,setting4_atacseq1000_72_429_43_1_4,atacseq,atacseq1000,small,4,3.0,with_ls,slackWR-LS,0,460.0,True,4.546906
primary,setting4_atacseq1000_72_429_43_1_4,atacseq,atacseq1000,small,4,3.0,without_ls,press,0,305.0,True,4.275793
primary,setting4_atacseq1000_72_429_43_1_4,atacseq,atacseq1000,small,4,3.0,without_ls,pressR,0,443.0,True,4.275793
primary,setting4_atacseq1000_72_429_43_1_4,atacseq,atacseq1000,small,4,3.0,without_ls,pressW,50,297.0,True,4.275793
primary,setting4_atacseq1000_72_429_43_1_4,atacseq,atacseq1000,small,4,3.0,without_ls,pressWR,881,430.0,True,4.275793
primary,setting4_atacseq1000_72_429_43_1_4,atacseq,atacseq1000,small,4,3.0,without_ls,slack,0,295.0,True,4.275793
primary,setting4_atacseq1000_72_429_43_1_4,atacseq,atacseq1000,small,4,3.0,without_ls,slackR,0,443.0,True,4.275793
primary,setting4_atacseq1000_72_429_43_1_4,atacseq,atacseq1000,small,4,3.0,without_ls,slackW,100,293.0,True,4.275793
primary,setting4_atacseq1000_72_429_43_1_4,atacseq,atacseq1000,small,4,3.0,without_ls,slackWR,0,436.0,True,4.275793
primary,setting4_atacseq200_144_108_11_1_4,atacseq,atacseq200,large,4,2.0,baseline,baseline,47316,2.0,True,0.046448
primary,setting4_atacseq200_144_108_11_1_4,atacseq,atacseq200,large,4,2.0,with_ls,press-LS,6434,14.0,True,0.445378
primary,setting4_atacseq200_144_108_11_1_4,atacseq,atacseq200,large,4,2.0,with_ls,pressR-LS,9052,19.0,True,0.445378
primary,setting4_atacseq200_144_108_11_1_4,atacseq,atacseq200,large,4,2.0,with_ls,pressW-LS,6028,13.0,True,0.445378
primary,setting4_atacseq200_144_108_11_1_4,atacseq,atacseq200,large,4,2.0,with_ls,pressWR-LS,7842,19.0,True,0.445378
primary,setting4_atacseq200_144_108_11_1_4,atacseq,atacseq200,large,4,2.0,with_ls,slack-LS,3116,14.0,True,0.445378
primary,setting4_atacseq200_144_108_11_1_4,atacseq,atacseq200,large,4,2.0,with_ls,slackR-LS,5634,19.0,True,0.445378
primary,setting4_atacseq200_144_108_11_1_4,atacseq,atacseq200,large,4,2.0,with_ls,slackW-LS,13185,13.0,True,0.445378
primary,setting4_atacseq200_144_108_11_1_4,atacseq,atacseq200,large,4,2.0,with_ls,slackWR-LS,13919,19.0,True,0.445378
primary,setting4_atacseq200_144_108_11_1_4,atacseq,atacseq200,large,4,2.0,without_ls,press,6636,9.0,True,0.414839
primary,setting4_atacseq200_144_108_11_1_4,atacseq,atacseq200,large,4,2.0,without_ls,pressR,10052,13.0,True,0.414839
primary,setting4_atacseq200_144_108_11_1_4,atacseq,atacseq200,large,4,2.0,without_ls,pressW,6228,8.0,True,0.414839
primary,setting4_atacseq200_144_108_11_1_4,atacseq,atacseq200,large,4,2.0,without_ls,pressWR,8942,13.0,True,0.414839
primary,setting4_atacseq200_144_108_11_1_4,atacseq,atacseq200,large,4,2.0,without_ls,slack,3216,9.0,True,0.414839
primary,setting4_atacseq200_144_108_11_1_4,atacseq,atacseq200,large,4,2.0,without_ls,slackR,6436,13.0,True,0.414839
primary,setting4_atacseq200_144_108_11_1_4,atacseq,atacseq200,large,4,2.0,without_ls,slackW,14085,8.0,True,0.414839
primary,setting4_atacseq200_144_108_11_1_4,atacseq,atacseq200,large,4,2.0,without_ls,slackWR,15429,13.0,True,0.414839
primary,setting4_atacseq200_144_162_17_1_4,atacseq,atacseq200,large,4,3.0,baseline,baseline,49269,3.0,True,0.046424
primary,setting4_atacseq200_144_162_17_1_4,atacseq,atacseq200,large,4,3.0,with_ls,press-LS,500,15.0,True,0.468773
primary,setting4_atacseq200_144_162_17_1_4,atacseq,atacseq200,large,4,3.0,with_ls,pressR-LS,600,22.0,True,0.468773
primary,setting4_atacseq200_144_162_17_1_4,atacseq,atacseq200,large,4,3.0,with_ls,pressW-LS,700,15.0,True,0.468773
primary,setting4_atacseq200_144_162_17_1_4,atacseq,atacseq200,large,4,3.0,with_ls,pressWR-LS,1900,21.0,True,0.468773
primary,setting4_atacseq200_144_162_17_1_4,atacseq,atacseq200,large,4,3.0,with_ls,slack-LS,302,16.0,True,0.468773
primary,setting4_atacseq200_144_162_17_1_4,atacseq,atacseq200,large,4,3.0,with_ls,slackR-LS,1800,24.0,True,0.468773
primary,setting4_atacseq200_144_162_17_1_4,atacseq,atacseq200,large,4,3.0,with_ls,slackW-LS,1306,16.0,True,0.468773
primary,setting4_atacseq200_144_162_17_1_4,atacseq,atacseq200,large,4,3.0,with_ls,slackWR-LS,2108,23.0,True,0.468773
primary,setting4_atacseq200_144_162_17_1_4,atacseq,atacseq200,large,4,3.0,without_ls,press,1700,9.0,True,0.431837
primary,setting4_atacseq200_144_162_17_1_4,atacseq,atacseq200,large,4,3.0,without_ls,pressR,600,17.0,True,0.431837
primary,setting4_atacseq200_144_162_17_1_4,atacseq,atacseq200,large,4,3.0,without_ls,pressW,800,9.0,True,0.431837
primary,setting4_atacseq200_144_162_17_1_4,atacseq,atacseq200,large,4,3.0,without_ls,pressWR,1900,17.0,True,0.431837
primary,setting4_atacseq200_144_162_17_1_4,atacseq,atacseq200,large,4,3.0,without_ls,slack,1104,10.0,True,0.431837
primary,setting4_atacseq200_144_162_17_1_4,atacseq,atacseq200,large,4,3.0,without_ls,slackR,1802,17.0,True,0.431837
primary,setting4_atacseq200_144_162_17_1_4,atacseq,atacseq200,large,4,3.0,without_ls,slackW,2308,9.0,True,0.431837
primary,setting4_atacseq200_144_162_17_1_4,atacseq,atacseq200,large,4,3.0,without_ls,slackWR,2112,17.0,True,0.431837
primary,setting4_atacseq200_144_54_6_1_4,atacseq,atacseq200,large,4,1.0,baseline,baseline,13459,3.0,True,0.046037
primary,setting4_atacseq200_144_54_6_1_4,atacseq,atacseq200,large,4,1.0,with_ls,press-LS,13119,11.0,True,0.420515
primary,setting4_atacseq200_144_54_6_1_4,atacseq,atacseq200,large,4,1.0,with_ls,pressR-LS,12990,14.0,True,0.420515
primary,setting4_atacseq200_144_54_6_1_4,atacseq,atacseq200,large,4,1.0,with_ls,pressW-LS,13098,11.0,True,0.420515
primary,setting4_atacseq200_144_54_6_1_4,atacseq,atacseq200,large,4,1.0,with_ls,pressWR-LS,12591,14.0,True,0.420515
primary,setting4_atacseq200_144_54_6_1_4,atacseq,atacseq200,large,4,1.0,with_ls,slack-LS,13609,12.0,True,0.420515
primary,setting4_atacseq200_144_54_6_1_4,atacseq,atacseq200,large,4,1.0,with_ls,slackR-LS,13306,14.0,True,0.420515
primary,setting4_atacseq200_144_54_6_1_4,atacseq,atacseq200,large,4,1.0,with_ls,slackW-LS,13306,12.0,True,0.420515
primary,setting4_atacseq200_144_54_6_1_4,atacseq,atacseq200,large,4,1.0,with_ls,slackWR-LS,13216,14.0,True,0.420515
primary,setting4_atacseq200_144_54_6_1_4,atacseq,atacseq200,large,4,1.0,without_ls,press,14743,8.0,True,0.396642
primary,setting4_atacseq200_144_54_6_1_4,atacseq,atacseq200,large,4,1.0,without_ls,pressR,13299,11.0,True,0.396642
primary,setting4_atacseq200_144_54_6_1_4,atacseq,atacseq200,large,4,1.0,without_ls,pressW,14635,8.0,True,0.396642
primary,setting4_atacseq200_144_54_6_1_4,atacseq,atacseq200,large,4,1.0,without_ls,pressWR,13308,10.0,True,0.396642
primary,setting4_atacseq200_144_54_6_1_4,atacseq,atacseq200,large,4,1.0,without_ls,slack,15427,9.0,True,0.396642
primary,setting4_atacseq200_144_54_6_1_4,atacseq,atacseq200,large,4,1.0,without_ls,slackR,13311,11.0,True,0.396642
primary,setting4_atacseq200_144_54_6_1_4,atacseq,atacseq200,large,4,1.0,without_ls,slackW,14531,8.0,True,0.396642
primary,setting4_atacseq200_144_54_6_1_4,atacseq,atacseq200,large,4,1.0,without_ls,slackWR,13529,10.0,True,0.396642
primary,setting4_atacseq200_144_81_9_1_4,atacseq,atacseq200,large,4,1.5,baseline,baseline,20180,3.0,True,0.046992
primary,setting4_atacseq200_144_81_9_1_4,atacseq,atacseq200,large,4,1.5,with_ls,press-LS,7521,13.0,True,0.432983
primary,setting4_atacseq200_144_81_9_1_4,atacseq,atacseq200,large,4,1.5,with_ls,pressR-LS,6822,17.0,True,0.432983
primary,setting4_atacseq200_144_81_9_1_4,atacseq,atacseq200,large,4,1.5,with_ls,pressW-LS,7531,12.0,True,0.432983
primary,setting4_atacseq200_144_81_9_1_4,atacseq,atacseq200,large,4,1.5,with_ls,pressWR-LS,6318,17.0,True,0.432983
primary,setting4_atacseq200_144_81_9_1_4,atacseq,atacseq200,large,4,1.5,with_ls,slack-LS,5813,13.0,True,0.432983
primary,setting4_atacseq200_144_81_9_1_4,atacseq,atacseq200,large,4,1.5,with_ls,slackR-LS,5110,18.0,True,0.432983
primary,setting4_atacseq200_144_81_9_1_4,atacseq,atacseq200,large,4,1.5,with_ls,slackW-LS,2007,13.0,True,0.432983
primary,setting4_atacseq200_144_81_9_1_4,atacseq,atacseq200,large,4,1.5,with_ls,slackWR-LS,2312,17.0,True,0.432983
primary,setting4_atacseq200_144_81_9_1_4,atacseq,atacseq200,large,4,1.5,without_ls,press,7925,8.0,True,0.407974
primary,setting4_atacseq200_144_81_9_1_4,atacseq,atacseq200,large,4,1.5,without_ls,pressR,7725,12.0,True,0.407974
primary,setting4_atacseq200_144_81_9_1_4,atacseq,atacseq200,large,4,1.5,without_ls,pressW,7851,8.0,True,0.407974
primary,setting4_atacseq200_144_81_9_1_4,atacseq,atacseq200,large,4,1.5,without_ls,pressWR,7728,12.0,True,0.407974
primary,setting4_atacseq200_144_81_9_1_4,atacseq,atacseq200,large,4,1.5,without_ls,slack,6413,9.0,True,0.407974
primary,setting4_atacseq200_144_81_9_1_4,atacseq,atacseq200,large,4,1.5,without_ls,slackR,7024,12.0,True,0.407974
primary,setting4_atacseq200_144_81_9_1_4,atacseq,atacseq200,large,4,1.5,without_ls,slackW,2543,8.0,True,0.407974
primary,setting4_atacseq200_144_81_9_1_4,atacseq,atacseq200,large,4,1.5,without_ls,slackWR,2830,12.0,True,0.407974
primary,setting4_atacseq200_72_110_11_1_4,atacseq,atacseq200,small,4,2.0,baseline,baseline,45351,1.0,True,0.03995
primary,setting4_atacseq200_72_110_11_1_4,atacseq,atacseq200,small,4,2.0,with_ls,press-LS,2810,9.0,True,0.378211
primary,setting4_atacseq200_72_110_11_1_4,atacseq,atacseq200,small,4,2.0,with_ls,pressR-LS,7776,14.0,True,0.378211
primary,setting4_atacseq200_72_110_11_1_4,atacseq,atacseq200,small,4,2.0,with_ls,pressW-LS,3762,10.0,True,0.378211
primary,setting4_atacseq200_72_110_11_1_4,atacseq,atacseq200,small,4,2.0,with_ls,pressWR-LS,9700,14.0,True,0.378211
primary,setting4_atacseq200_72_110_11_1_4,atacseq,atacseq200,small,4,2.0,with_ls,slack-LS,2562,10.0,True,0.378211
primary,setting4_atacseq200_72_110_11_1_4,atacseq,atacseq200,small,4,2.0,with_ls,slackR-LS,4572,15.0,True,0.378211
primary,setting4_atacseq200_72_110_11_1_4,atacseq,atacseq200,small,4,2.0,with_ls,slackW-LS,5183,10.0,True,0.378211
primary,setting4_atacseq200_72_110_11_1_4,atacseq,atacseq200,small,4,2.0,with_ls,slackWR-LS,6609,15.0,True,0.378211
primary,setting4_atacseq200_72_110_11_1_4,atacseq,atacseq200,small,4,2.0,without_ls,press,3012,6.0,True,0.358223
primary,setting4_atacseq200_72_110_11_1_4,atacseq,atacseq200,small,4,2.0,without_ls,pressR,8618,11.0,True,0.358223
primary,setting4_atacseq200_72_110_11_1_4,atacseq,atacseq200,small,4,2.0,without_ls,pressW,3964,7.0,True,0.358223
primary,setting4_atacseq200_72_110_11_1_4,atacseq,atacseq200,small,4,2.0,without_ls,pressWR,10780,11.0,True,0.358223
primary,setting4_atacseq200_72_110_11_1_4,atacseq,atacseq200,small,4,2.0,without_ls,slack,3382,7.0,True,0.358223
primary,setting4_atacseq200_72_110_11_1_4,atacseq,atacseq200,small,4,2.0,without_ls,slackR,5442,12.0,True,0.358223
primary,setting4_atacseq200_72_110_11_1_4,atacseq,atacseq200,small,4,2.0,without_ls,slackW,6067,6.0,True,0.358223
primary,setting4_atacseq200_72_110_11_1_4,atacseq,atacseq200,small,4,2.0,without_ls,slackWR,7789,11.0,True,0.358223
primary,setting4_atacseq200_72_165_17_1_4,atacseq,atacseq200,small,4,3.0,baseline,baseline,54399,1.0,True,0.03992
primary,setting4_atacseq200_72_165_17_1_4,atacseq,atacseq200,small,4,3.0,with_ls,press-LS,5310,11.0,True,0.402251
primary,setting4_atacseq200_72_165_17_1_4,atacseq,atacseq200,small,4,3.0,with_ls,pressR-LS,6812,18.0,True,0.402251
primary,setting4_atacseq200_72_165_17_1_4,atacseq,atacseq200,small,4,3.0,with_ls,pressW-LS,7135,11.0,True,0.402251
primary,setting4_atacseq200_72_165_17_1_4,atacseq,atacseq200,small,4,3.0,with_ls,pressWR-LS,8845,18.0,True,0.402251
primary,setting4_atacseq200_72_165_17_1_4,atacseq,atacseq200,small,4,3.0,with_ls,slack-LS,1004,10.0,True,0.402251
primary,setting4_atacseq200_72_165_17_1_4,atacseq,atacseq200,small,4,3.0,with_ls,slackR-LS,2201,18.0,True,0.402251
primary,setting4_atacseq200_72_165_17_1_4,atacseq,atacseq200,small,4,3.0,with_ls,slackW-LS,25113,14.0,True,0.402251
primary,setting4_atacseq200_72_165_17_1_4,atacseq,atacseq200,small,4,3.0,with_ls,slackWR-LS,28121,18.0,True,0.402251
primary,setting4_atacseq200_72_165_17_1_4,atacseq,atacseq200,small,4,3.0,without_ls,press,6396,6.0,True,0.372853
primary,setting4_atacseq200_72_165_17_1_4,atacseq,atacseq200,small,4,3.0,without_ls,pressR,7188,14.0,True,0.372853
primary,setting4_atacseq200_72_165_17_1_4,atacseq,atacseq200,small,4,3.0,without_ls,pressW,8405,7.0,True,0.372853
primary,setting4_atacseq200_72_165_17_1_4,atacseq,atacseq200,small,4,3.0,without_ls,pressWR,9204,14.0,True,0.372853
primary,setting4_atacseq200_72_165_17_1_4,atacseq,atacseq200,small,4,3.0,without_ls,slack,1914,7.0,True,0.372853
primary,setting4_atacseq200_72_165_17_1_4,atacseq,atacseq200,small,4,3.0,without_ls,slackR,2877,15.0,True,0.372853
primary,setting4_atacseq200_72_165_17_1_4,atacseq,atacseq200,small,4,3.0,without_ls,slackW,27011,7.0,True,0.372853
primary,setting4_atacseq200_72_165_17_1_4,atacseq,atacseq200,small,4,3.0,without_ls,slackWR,28565,14.0,True,0.372853
primary,setting4_atacseq200_72_55_6_1_4,atacseq,atacseq200,small,4,1.0,baseline,baseline,15704,1.0,True,0.040328
primary,setting4_atacseq200_72_55_6_1_4,atacseq,atacseq200,small,4,1.0,with_ls,press-LS,15037,8.0,True,0.360767
primary,setting4_atacseq200_72_55_6_1_4,atacseq,atacseq200,small,4,1.0,with_ls,pressR-LS,15124,11.0,True,0.360767
primary,setting4_atacseq200_72_55_6_1_4,atacseq,atacseq200,small,4,1.0,with_ls,pressW-LS,15047,8.0,True,0.360767
primary,setting4_atacseq200_72_55_6_1_4,atacseq,atacseq200,small,4,1.0,with_ls,pressWR-LS,15215,11.0,True,0.360767
primary,setting4_atacseq200_72_55_6_1_4,atacseq,atacseq200,small,4,1.0,with_ls,slack-LS,15406,9.0,True,0.360767
primary,setting4_atacseq200_72_55_6_1_4,atacseq,atacseq200,small,4,1.0,with_ls,slackR-LS,15205,12.0,True,0.360767
primary,setting4_atacseq200_72_55_6_1_4,atacseq,atacseq200,small,4,1.0,with_ls,slackW-LS,14751,8.0,True,0.360767
primary,setting4_atacseq200_72_55_6_1_4,atacseq,atacseq200,small,4,1.0,with_ls,slackWR-LS,15038,11.0,True,0.360767
primary,setting4_atacseq200_72_55_6_1_4,atacseq,atacseq200,small,4,1.0,without_ls,press,17085,6.0,True,0.347503
primary,setting4_atacseq200_72_55_6_1_4,atacseq,atacseq200,small,4,1.0,without_ls,pressR,16604,8.0,True,0.347503
primary,setting4_atacseq200_72_55_6_1_4,atacseq,atacseq200,small,4,1.0,without_ls,pressW,17219,7.0,True,0.347503
primary,setting4_atacseq200_72_55_6_1_4,atacseq,atacseq200,small,4,1.0,without_ls,pressWR,16463,8.0,True,0.347503
primary,setting4_atacseq200_72_55_6_1_4,atacseq,atacseq200,small,4,1.0,without_ls,slack,17800,7.0,True,0.347503
primary,setting4_atacseq200_72_55_6_1_4,atacseq,atacseq200,small,4,1.0,without_ls,slackR,16371,9.0,True,0.347503
primary,setting4_atacseq200_72_55_6_1_4,atacseq,atacseq200,small,4,1.0,without_ls,slackW,17379,6.0,True,0.347503
primary,setting4_atacseq200_72_55_6_1_4,atacseq,atacseq200,small,4,1.0,without_ls,slackWR,16140,8.0,True,0.347503
primary,setting4_atacseq200_72_83_9_1_4,atacseq,atacseq200,small,4,1.5,baseline,baseline,35250,1.0,True,0.04014
primary,setting4_atacseq200_72_83_9_1_4,atacseq,atacseq200,small,4,1.5,with_ls,press-LS,14298,11.0,True,0.377004
primary,setting4_atacseq200_72_83_9_1_4,atacseq,atacseq200,small,4,1.5,with_ls,pressR-LS,14580,14.0,True,0.377004
primary,setting4_atacseq200_72_83_9_1_4,atacseq,atacseq200,small,4,1.5,with_ls,pressW-LS,12912,9.0,True,0.377004
primary,setting4_atacseq200_72_83_9_1_4,atacseq,atacseq200,small,4,1.5,with_ls,pressWR-LS,14592,13.0,True,0.377004
primary,setting4_atacseq200_72_83_9_1_4,atacseq,atacseq200,small,4,1.5,with_ls,slack-LS,9063,11.0,True,0.377004
primary,setting4_atacseq200_72_83_9_1_4,atacseq,atacseq200,small,4,1.5,with_ls,slackR-LS,8952,14.0,True,0.377004
primary,setting4_atacseq200_72_83_9_1_4,atacseq,atacseq200,small,4,1.5,with_ls,slackW-LS,8242,10.0,True,0.377004
primary,setting4_atacseq200_72_83_9_1_4,atacseq,atacseq200,small,4,1.5,with_ls,slackWR-LS,7533,12.0,True,0.377004
primary,setting4_atacseq200_72_83_9_1_4,atacseq,atacseq200,small,4,1.5,without_ls,press,16100,6.0,True,0.354858
primary,setting4_atacseq200_72_83_9_1_4,atacseq,atacseq200,small,4,1.5,without_ls,pressR,16158,10.0,True,0.354858
primary,setting4_atacseq200_72_83_9_1_4,atacseq,atacseq200,small,4,1.5,without_ls,pressW,14320,6.0,True,0.354858
primary,setting4_atacseq200_72_83_9_1_4,atacseq,atacseq200,small,4,1.5,without_ls,pressWR,16248,10.0,True,0.354858
primary,setting4_atacseq200_72_83_9_1_4,atacseq,atacseq200,small,4,1.5,without_ls,slack,12083,7.0,True,0.354858
primary,setting4_atacseq200_72_83_9_1_4,atacseq,atacseq200,small,4,1.5,without_ls,slackR,10109,11.0,True,0.354858
primary,setting4_atacseq200_72_83_9_1_4,atacseq,atacseq200,small,4,1.5,without_ls,slackW,9019,6.0,True,0.354858
primary,setting4_atacseq200_72_83_9_1_4,atacseq,atacseq200,small,4,1.5,without_ls,slackWR,8350,10.0,True,0.354858
primary,setting4_bacass_144_21_3_1_4,bacass,bacass,large,4,1.0,baseline,baseline,404,2.0,True,0.01437
primary,setting4_bacass_144_21_3_1_4,bacass,bacass,large,4,1.0,with_ls,press-LS,404,3.0,True,0.093836
primary,setting4_bacass_144_21_3_1_4,bacass,bacass,large,4,1.0,with_ls,pressR-LS,404,4.0,True,0.093836
primary,setting4_bacass_144_21_3_1_4,bacass,bacass,large,4,1.0,with_ls,pressW-LS,404,3.0,True,0.093836
primary,setting4_bacass_144_21_3_1_4,bacass,bacass,large,4,1.0,with_ls,pressWR-LS,404,4.0,True,0.093836
primary,setting4_bacass_144_21_3_1_4,bacass,bacass,large,4,1.0,with_ls,slack-LS,404,3.0,True,0.093836
primary,setting4_bacass_144_21_3_1_4,bacass,bacass,large,4,1.0,with_ls,slackR-LS,404,4.0,True,0.093836
primary,setting4_bacass_144_21_3_1_4,bacass,bacass,large,4,1.0,with_ls,slackW-LS,404,3.0,True,0.093836
primary,setting4_bacass_144_21_3_1_4,bacass,bacass,large,4,1.0,with_ls,slackWR-LS,404,3.0,True,0.093836
primary,setting4_bacass_144_21_3_1_4,bacass,bacass,large,4,1.0,without_ls,press,704,2.0,True,0.083954
primary,setting4_bacass_144_21_3_1_4,bacass,bacass,large,4,1.0,without_ls,pressR,408,1.0,True,0.083954
primary,setting4_bacass_144_21_3_1_4,bacass,bacass,large,4,1.0,without_ls,pressW,504,2.0,True,0.083954
primary,setting4_bacass_144_21_3_1_4,bacass,bacass,large,4,1.0,without_ls,pressWR,412,2.0,True,0.083954
primary,setting4_bacass_144_21_3_1_4,bacass,bacass,large,4,1.0,without_ls,slack,408,2.0,True,0.083954
primary,setting4_bacass_144_21_3_1_4,bacass,bacass,large,4,1.0,without_ls,slackR,406,2.0,True,0.083954
primary,setting4_bacass_144_21_3_1_4,bacass,bacass,large,4,1.0,without_ls,slackW,704,2.0,True,0.083954
primary,setting4_bacass_144_21_3_1_4,bacass,bacass,large,4,1.0,without_ls,slackWR,604,2.0,True,0.083954
primary,setting4_bacass_144_32_4_1_4,bacass,bacass,large,4,1.5,baseline,baseline,818,2.0,True,0.014079
primary,setting4_bacass_144_32_4_1_4,bacass,bacass,large,4,1.5,with_ls,press-LS,404,3.0,True,0.095918
primary,setting4_bacass_144_32_4_1_4,bacass,bacass,large,4,1.5,with_ls,pressR-LS,102,3.0,True,0.095918
primary,setting4_bacass_144_32_4_1_4,bacass,bacass,large,4,1.5,with_ls,pressW-LS,506,3.0,True,0.095918
primary,setting4_bacass_144_32_4_1_4,bacass,bacass,large,4,1.5,with_ls,pressWR-LS,102,4.0,True,0.095918
primary,setting4_bacass_144_32_4_1_4,bacass,bacass,large,4,1.5,with_ls,slack-LS,708,3.0,True,0.095918
primary,setting4_bacass_144_32_4_1_4,bacass,bacass,large,4,1.5,with_ls,slackR-LS,508,4.0,True,0.095918
primary,setting4_bacass_144_32_4_1_4,bacass,bacass,large,4,1.5,with_ls,slackW-LS,708,3.0,True,0.095918
primary,setting4_bacass_144_32_4_1_4,bacass,bacass,large,4,1.5,with_ls,slackWR-LS,508,3.0,True,0.095918
primary,setting4_bacass_144_32_4_1_4,bacass,bacass,large,4,1.5,without_ls,press,608,2.0,True,0.082709
primary,setting4_bacass_144_32_4_1_4,bacass,bacass,large,4,1.5,without_ls,pressR,506,1.0,True,0.082709
primary,setting4_bacass_144_32_4_1_4,bacass,bacass,large,4,1.5,without_ls,pressW,606,2.0,True,0.082709
primary,setting4_bacass_144_32_4_1_4,bacass,bacass,large,4,1.5,without_ls,pressWR,602,2.0,True,0.082709
primary,setting4_bacass_144_32_4_1_4,bacass,bacass,large,4,1.5,without_ls,slack,1108,2.0,True,0.082709
primary,setting4_bacass_144_32_4_1_4,bacass,bacass,large,4,1.5,without_ls,slackR,808,2.0,True,0.082709
primary,setting4_bacass_144_32_4_1_4,bacass,bacass,large,4,1.5,without_ls,slackW,1108,2.0,True,0.082709
primary,setting4_bacass_144_32_4_1_4,bacass,bacass,large,4,1.5,without_ls,slackWR,808,2.0,True,0.082709
primary,setting4_bacass_144_42_5_1_4,bacass,bacass,large,4,2.0,baseline,baseline,1513,2.0,True,0.014776
primary,setting4_bacass_144_42_5_1_4,bacass,bacass,large,4,2.0,with_ls,press-LS,0,2.0,True,0.094668
primary,setting4_bacass_144_42_5_1_4,bacass,bacass,large,4,2.0,with_ls,pressR-LS,0,3.0,True,0.094668
primary,setting4_bacass_144_42_5_1_4,bacass,bacass,large,4,2.0,with_ls,pressW-LS,2,4.0,True,0.094668
primary,setting4_bacass_144_42_5_1_4,bacass,bacass,large,4,2.0,with_ls,pressWR-LS,0,4.0,True,0.094668
primary,setting4_bacass_144_42_5_1_4,bacass,bacass,large,4,2.0,with_ls,slack-LS,0,3.0,True,0.094668
primary,setting4_bacass_144_42_5_1_4,bacass,bacass,large,4,2.0,with_ls,slackR-LS,0,4.0,True,0.094668
primary,setting4_bacass_144_42_5_1_4,bacass,bacass,large,4,2.0,with_ls,slackW-LS,0,3.0,True,0.094668
primary,setting4_bacass_144_42_5_1_4,bacass,bacass,large,4,2.0,with_ls,slackWR-LS,0,3.0,True,0.094668
primary,setting4_bacass_144_42_5_1_4,bacass,bacass,large,4,2.0,without_ls,press,208,2.0,True,0.084245
primary,setting4_bacass_144_42_5_1_4,bacass,bacass,large,4,2.0,without_ls,pressR,0,2.0,True,0.084245
primary,setting4_bacass_144_42_5_1_4,bacass,bacass,large,4,2.0,without_ls,pressW,208,1.0,True,0.084245
primary,setting4_bacass_144_42_5_1_4,bacass,bacass,large,4,2.0,without_ls,pressWR,0,2.0,True,0.084245
primary,setting4_bacass_144_42_5_1_4,bacass,bacass,large,4,2.0,without_ls,slack,400,2.0,True,0.084245
primary,setting4_bacass_144_42_5_1_4,bacass,bacass,large,4,2.0,without_ls,slackR,200,2.0,True,0.084245
primary,setting4_bacass_144_42_5_1_4,bacass,bacass,large,4,2.0,without_ls,slackW,0,2.0,True,0.084245
primary,setting4_bacass_144_42_5_1_4,bacass,bacass,large,4,2.0,without_ls,slackWR,0,1.0,True,0.084245
primary,setting4_bacass_144_63_7_1_4,bacass,bacass,large,4,3.0,baseline,baseline,1614,2.0,True,0.014621
primary,setting4_bacass_144_63_7_1_4,bacass,bacass,large,4,3.0,with_ls,press-LS,0,2.0,True,0.095047
primary,setting4_bacass_144_63_7_1_4,bacass,bacass,large,4,3.0,with_ls,pressR-LS,0,3.0,True,0.095047
primary,setting4_bacass_144_63_7_1_4,bacass,bacass,large,4,3.0,with_ls,pressW-LS,0,3.0,True,0.095047
primary,setting4_bacass_144_63_7_1_4,bacass,bacass,large,4,3.0,with_ls,pressWR-LS,0,3.0,True,0.095047
primary,setting4_bacass_144_63_7_1_4,bacass,bacass,large,4,3.0,with_ls,slack-LS,0,3.0,True,0.095047
primary,setting4_bacass_144_63_7_1_4,bacass,bacass,large,4,3.0,with_ls,slackR-LS,0,4.0,True,0.095047
primary,setting4_bacass_144_63_7_1_4,bacass,bacass,large,4,3.0,with_ls,slackW-LS,0,2.0,True,0.095047
primary,setting4_bacass_144_63_7_1_4,bacass,bacass,large,4,3.0,with_ls,slackWR-LS,0,3.0,True,0.095047
primary,setting4_bacass_144_63_7_1_4,bacass,bacass,large,4,3.0,without_ls,press,0,1.0,True,0.084622
primary,setting4_bacass_144_63_7_1_4,bacass,bacass,large,4,3.0,without_ls,pressR,0,1.0,True,0.084622
primary,setting4_bacass_144_63_7_1_4,bacass,bacass,large,4,3.0,without_ls,pressW,200,1.0,True,0.084622
primary,setting4_bacass_144_63_7_1_4,bacass,bacass,large,4,3.0,without_ls,pressWR,0,2.0,True,0.084622
primary,setting4_bacass_144_63_7_1_4,bacass,bacass,large,4,3.0,without_ls,slack,0,2.0,True,0.084622
primary,setting4_bacass_144_63_7_1_4,bacass,bacass,large,4,3.0,without_ls,slackR,0,2.0,True,0.084622
primary,setting4_bacass_144_63_7_1_4,bacass,bacass,large,4,3.0,without_ls,slackW,0,1.0,True,0.084622
primary,setting4_bacass_144_63_7_1_4,bacass,bacass,large,4,3.0,without_ls,slackWR,0,1.0,True,0.084622
primary,setting4_bacass_72_21_3_1_4,bacass,bacass,small,4,1.0,baseline,baseline,404,0.0,True,0.008314
primary,setting4_bacass_72_21_3_1_4,bacass,bacass,small,4,1.0,with_ls,press-LS,404,0.0,True,0.037011
primary,setting4_bacass_72_21_3_1_4,bacass,bacass,small,4,1.0,with_ls,pressR-LS,404,0.0,True,0.037011
primary,setting4_bacass_72_21_3_1_4,bacass,bacass,small,4,1.0,with_ls,pressW-LS,404,0.0,True,0.037011
primary,setting4_bacass_72_21_3_1_4,bacass,bacass,small,4,1.0,with_ls,pressWR-LS,404,0.0,True,0.037011
primary,setting4_bacass_72_21_3_1_4,bacass,bacass,small,4,1.0,with_ls,slack-LS,404,0.0,True,0.037011
primary,setting4_bacass_72_21_3_1_4,bacass,bacass,small,4,1.0,with_ls,slackR-LS,404,0.0,True,0.037011
primary,setting4_bacass_72_21_3_1_4,bacass,bacass,small,4,1.0,with_ls,slackW-LS,404,0.0,True,0.037011
primary,setting4_bacass_72_21_3_1_4,bacass,bacass,small,4,1.0,with_ls,slackWR-LS,404,0.0,True,0.037011
primary,setting4_bacass_72_21_3_1_4,bacass,bacass,small,4,1.0,without_ls,press,704,0.0,True,0.034766
primary,setting4_bacass_72_21_3_1_4,bacass,bacass,small,4,1.0,without_ls,pressR,404,0.0,True,0.034766
primary,setting4_bacass_72_21_3_1_4,bacass,bacass,small,4,1.0,without_ls,pressW,504,0.0,True,0.034766
primary,setting4_bacass_72_21_3_1_4,bacass,bacass,small,4,1.0,without_ls,pressWR,404,0.0,True,0.034766
primary,setting4_bacass_72_21_3_1_4,bacass,bacass,small,4,1.0,without_ls,slack,504,0.0,True,0.034766
primary,setting4_bacass_72_21_3_1_4,bacass,bacass,small,4,1.0,without_ls,slackR,604,0.0,True,0.034766
primary,setting4_bacass_72_21_3_1_4,bacass,bacass,small,4,1.0,without_ls,slackW,704,0.0,True,0.034766
primary,setting4_bacass_72_21_3_1_4,bacass,bacass,small,4,1.0,without_ls,slackWR,604,0.0,True,0.034766
primary,setting4_bacass_72_32_4_1_4,bacass,bacass,small,4,1.5,baseline,baseline,818,0.0,True,0.008445
primary,setting4_bacass_72_32_4_1_4,bacass,bacass,small,4,1.5,with_ls,press-LS,404,0.0,True,0.038049
primary,setting4_bacass_72_32_4_1_4,bacass,bacass,small,4,1.5,with_ls,pressR-LS,102,0.0,True,0.038049
primary,setting4_bacass_72_32_4_1_4,bacass,bacass,small,4,1.5,with_ls,pressW-LS,506,0.0,True,0.038049
primary,setting4_bacass_72_32_4_1_4,bacass,bacass,small,4,1.5,with_ls,pressWR-LS,102,0.0,True,0.038049
primary,setting4_bacass_72_32_4_1_4,bacass,bacass,small,4,1.5,with_ls,slack-LS,708,0.0,True,0.038049
primary,setting4_bacass_72_32_4_1_4,bacass,bacass,small,4,1.5,with_ls,slackR-LS,508,0.0,True,0.038049
primary,setting4_bacass_72_32_4_1_4,bacass,bacass,small,4,1.5,with_ls,slackW-LS,708,0.0,True,0.038049
primary,setting4_bacass_72_32_4_1_4,bacass,bacass,small,4,1.5,with_ls,slackWR-LS,508,0.0,True,0.038049
primary,setting4_bacass_72_32_4_1_4,bacass,bacass,small,4,1.5,without_ls,press,608,0.0,True,0.035039
primary,setting4_bacass_72_32_4_1_4,bacass,bacass,small,4,1.5,without_ls,pressR,506,0.0,True,0.035039
primary,setting4_bacass_72_32_4_1_4,bacass,bacass,small,4,1.5,without_ls,pressW,606,0.0,True,0.035039
primary,setting4_bacass_72_32_4_1_4,bacass,bacass,small,4,1.5,without_ls,pressWR,602,0.0,True,0.035039
primary,setting4_bacass_72_32_4_1_4,bacass,bacass,small,4,1.5,without_ls,slack,1108,0.0,True,0.035039
primary,setting4_bacass_72_32_4_1_4,bacass,bacass,small,4,1.5,without_ls,slackR,808,0.0,True,0.035039
primary,setting4_bacass_72_32_4_1_4,bacass,bacass,small,4,1.5,without_ls,slackW,1108,0.0,True,0.035039
primary,setting4_bacass_72_32_4_1_4,bacass,bacass,small,4,1.5,without_ls,slackWR,808,0.0,True,0.035039
primary,setting4_bacass_72_42_5_1_4,bacass,bacass,small,4,2.0,baseline,baseline,1514,0.0,True,0.007968
primary,setting4_bacass_72_42_5_1_4,bacass,bacass,small,4,2.0,with_ls,press-LS,0,0.0,True,0.037463
primary,setting4_bacass_72_42_5_1_4,bacass,bacass,small,4,2.0,with_ls,pressR-LS,0,0.0,True,0.037463
primary,setting4_bacass_72_42_5_1_4,bacass,bacass,small,4,2.0,with_ls,pressW-LS,2,0.0,True,0.037463
primary,setting4_bacass_72_42_5_1_4,bacass,bacass,small,4,2.0,with_ls,pressWR-LS,0,0.0,True,0.037463
primary,setting4_bacass_72_42_5_1_4,bacass,bacass,small,4,2.0,with_ls,slack-LS,0,0.0,True,0.037463
primary,setting4_bacass_72_42_5_1_4,bacass,bacass,small,4,2.0,with_ls,slackR-LS,0,0.0,True,0.037463
primary,setting4_bacass_72_42_5_1_4,bacass,bacass,small,4,2.0,with_ls,slackW-LS,0,0.0,True,0.037463
primary,setting4_bacass_72_42_5_1_4,bacass,bacass,small,4,2.0,with_ls,slackWR-LS,0,0.0,True,0.037463
primary,setting4_bacass_72_42_5_1_4,bacass,bacass,small,4,2.0,without_ls,press,208,0.0,True,0.034375
primary,setting4_bacass_72_42_5_1_4,bacass,bacass,small,4,2.0,without_ls,pressR,0,0.0,True,0.034375
primary,setting4_bacass_72_42_5_1_4,bacass,bacass,small,4,2.0,without_ls,pressW,208,0.0,True,0.034375
primary,setting4_bacass_72_42_5_1_4,bacass,bacass,small,4,2.0,without_ls,pressWR,0,0.0,True,0.034375
primary,setting4_bacass_72_42_5_1_4,bacass,bacass,small,4,2.0,without_ls,slack,400,0.0,True,0.034375
primary,setting4_bacass_72_42_5_1_4,bacass,bacass,small,4,2.0,without_ls,slackR,200,0.0,True,0.034375
primary,setting4_bacass_72_42_5_1_4,bacass,bacass,small,4,2.0,without_ls,slackW,0,0.0,True,0.034375
primary,setting4_bacass_72_42_5_1_4,bacass,bacass,small,4,2.0,without_ls,slackWR,0,0.0,True,0.034375
primary,setting4_bacass_72_63_7_1_4,bacass,bacass,small,4,3.0,baseline,baseline,1614,0.0,True,0.00817
primary,setting4_bacass_72_63_7_1_4,bacass,bacass,small,4,3.0,with_ls,press-LS,0,0.0,True,0.036629
primary,setting4_bacass_72_63_7_1_4,bacass,bacass,small,4,3.0,with_ls,pressR-LS,0,0.0,True,0.036629
primary,setting4_bacass_72_63_7_1_4,bacass,bacass,small,4,3.0,with_ls,pressW-LS,0,0.0,True,0.036629
primary,setting4_bacass_72_63_7_1_4,bacass,bacass,small,4,3.0,with_ls,pressWR-LS,0,0.0,True,0.036629
primary,setting4_bacass_72_63_7_1_4,bacass,bacass,small,4,3.0,with_ls,slack-LS,0,0.0,True,0.036629
primary,setting4_bacass_72_63_7_1_4,bacass,bacass,small,4,3.0,with_ls,slackR-LS,0,0.0,True,0.036629
primary,setting4_bacass_72_63_7_1_4,bacass,bacass,small,4,3.0,with_ls,slackW-LS,0,0.0,True,0.036629
primary,setting4_bacass_72_63_7_1_4,bacass,bacass,small,4,3.0,with_ls,slackWR-LS,0,0.0,True,0.036629
primary,setting4_bacass_72_63_7_1_4,bacass,bacass,small,4,3.0,without_ls,press,0,0.0,True,0.034747
primary,setting4_bacass_72_63_7_1_4,bacass,bacass,small,4,3.0,without_ls,pressR,0,0.0,True,0.034747
primary,setting4_bacass_72_63_7_1_4,bacass,bacass,small,4,3.0,without_ls,pressW,200,0.0,True,0.034747
primary,setting4_bacass_72_63_7_1_4,bacass,bacass,small,4,3.0,without_ls,pressWR,0,0.0,True,0.034747
primary,setting4_bacass_72_63_7_1_4,bacass,bacass,small,4,3.0,without_ls,slack,0,0.0,True,0.034747
primary,setting4_bacass_72_63_7_1_4,bacass,bacass,small,4,3.0,without_ls,slackR,0,0.0,True,0.034747
primary,setting4_bacass_72_63_7_1_4,bacass,bacass,small,4,3.0,without_ls,slackW,0,0.0,True,0.034747
primary,setting4_bacass_72_63_7_1_4,bacass,bacass,small,4,3.0,without_ls,slackWR,0,0.0,True,0.034747
primary,setting4_eager1000_144_132_14_1_4,eager,eager1000,large,4,1.5,baseline,baseline,245921,11.0,True,0.27769
primary,setting4_eager1000_144_132_14_1_4,eager,eager1000,large,4,1.5,with_ls,press-LS,57064,783.0,True,8.290158
primary,setting4_eager1000_144_132_14_1_4,eager,eager1000,large,4,1.5,with_ls,pressR-LS,60135,810.0,True,8.290158
primary,setting4_eager1000_144_132_14_1_4,eager,eager1000,large,4,1.5,with_ls,pressW-LS,57390,728.0,True,8.290158
primary,setting4_eager1000_144_132_14_1_4,eager,eager1000,large,4,1.5,with_ls,pressWR-LS,62416,780.0,True,8.290158
primary,setting4_eager1000_144_132_14_1_4,eager,eager1000,large,4,1.5,with_ls,slack-LS,125857,776.0,True,8.290158
primary,setting4_eager1000_144_132_14_1_4,eager,eager1000,large,4,1.5,with_ls,slackR-LS,126943,834.0,True,8.290158
primary,setting4_eager1000_144_132_14_1_4,eager,eager1000,large,4,1.5,with_ls,slackW-LS,101907,736.0,True,8.290158
primary,setting4_eager1000_144_132_14_1_4,eager,eager1000,large,4,1.5,with_ls,slackWR-LS,109802,797.0,True,8.290158
primary,setting4_eager1000_144_132_14_1_4,eager,eager1000,large,4,1.5,without_ls,press,60163,683.0,True,7.554486
primary,setting4_eager1000_144_132_14_1_4,eager,eager1000,large,4,1.5,without_ls,pressR,65281,733.0,True,7.554486
primary,setting4_eager1000_144_132_14_1_4,eager,eager1000,large,4,1.5,without_ls,pressW,64663,653.0,True,7.554486
primary,setting4_eager1000_144_132_14_1_4,eager,eager1000,large,4,1.5,without_ls,pressWR,67937,689.0,True,7.554486
primary,setting4_eager1000_144_132_14_1_4,eager,eager1000,large,4,1.5,without_ls,slack,138362,670.0,True,7.554486
primary,setting4_eager1000_144_132_14_1_4,eager,eager1000,large,4,1.5,without_ls,slackR,135124,719.0,True,7.554486
primary,setting4_eager1000_144_132_14_1_4,eager,eager1000,large,4,1.5,without_ls,slackW,115481,634.0,True,7.554486
primary,setting4_eager1000_144_132_14_1_4,eager,eager1000,large,4,1.5,without_ls,slackWR,117872,673.0,True,7.554486
primary,setting4_eager1000_144_176_18_1_4,eager,eager1000,large,4,2.0,baseline,baseline,234272,12.0,True,0.281189
primary,setting4_eager1000_144_176_18_1_4,eager,eager1000,large,4,2.0,with_ls,press-LS,618,748.0,True,8.75733
primary,setting4_eager1000_144_176_18_1_4,eager,eager1000,large,4,2.0,with_ls,pressR-LS,733,833.0,True,8.75733
primary,setting4_eager1000_144_176_18_1_4,eager,eager1000,large,4,2.0,with_ls,pressW-LS,34860,743.0,True,8.75733
primary,setting4_eager1000_144_176_18_1_4,eager,eager1000,large,4,2.0,with_ls,pressWR-LS,33472,789.0,True,8.75733
primary,setting4_eager1000_144_176_18_1_4,eager,eager1000,large,4,2.0,with_ls,slack-LS,98906,864.0,True,8.75733
primary,setting4_eager1000_144_176_18_1_4,eager,eager1000,large,4,2.0,with_ls,slackR-LS,103439,939.0,True,8.75733
primary,setting4_eager1000_144_176_18_1_4,eager,eager1000,large,4,2.0,with_ls,slackW-LS,23316,806.0,True,8.75733
primary,setting4_eager1000_144_176_18_1_4,eager,eager1000,large,4,2.0,with_ls,slackWR-LS,30090,953.0,True,8.75733
primary,setting4_eager1000_144_176_18_1_4,eager,eager1000,large,4,2.0,without_ls,press,2220,709.0,True,7.763778
primary,setting4_eager1000_144_176_18_1_4,eager,eager1000,large,4,2.0,without_ls,pressR,2261,783.0,True,7.763778
primary,setting4_eager1000_144_176_18_1_4,eager,eager1000,large,4,2.0,without_ls,pressW,39180,659.0,True,7.763778
primary,setting4_eager1000_144_176_18_1_4,eager,eager1000,large,4,2.0,without_ls,pressWR,37271,722.0,True,7.763778
primary,setting4_eager1000_144_176_18_1_4,eager,eager1000,large,4,2.0,without_ls,slack,109883,685.0,True,7.763778
primary,setting4_eager1000_144_176_18_1_4,eager,eager1000,large,4,2.0,without_ls,slackR,111930,745.0,True,7.763778
primary,setting4_eager1000_144_176_18_1_4,eager,eager1000,large,4,2.0,without_ls,slackW,32765,643.0,True,7.763778
primary,setting4_eager1000_144_176_18_1_4,eager,eager1000,large,4,2.0,without_ls,slackWR,41394,713.0,True,7.763778
primary,setting4_eager1000_144_264_27_1_4,eager,eager1000,large,4,3.0,baseline,baseline,159600,12.0,True,0.275016
primary,setting4_eager1000_144_264_27_1_4,eager,eager1000,large,4,3.0,with_ls,press-LS,0,730.0,True,8.332517
primary,setting4_eager1000_144_264_27_1_4,eager,eager1000,large,4,3.0,with_ls,pressR-LS,0,871.0,True,8.332517
primary,setting4_eager1000_144_264_27_1_4,eager,eager1000,large,4,3.0,with_ls,pressW-LS,0,685.0,True,8.332517
primary,setting4_eager1000_144_264_27_1_4,eager,eager1000,large,4,3.0,with_ls,pressWR-LS,0,817.0,True,8.332517
primary,setting4_eager1000_144_264_27_1_4,eager,eager1000,large,4,3.0,with_ls,slack-LS,500,735.0,True,8.332517
primary,setting4_eager1000_144_264_27_1_4,eager,eager1000,large,4,3.0,with_ls,slackR-LS,201,905.0,True,8.332517
primary,setting4_eager1000_144_264_27_1_4,eager,eager1000,large,4,3.0,with_ls,slackW-LS,6,700.0,True,8.332517
primary,setting4_eager1000_144_264_27_1_4,eager,eager1000,large,4,3.0,with_ls,slackWR-LS,4,829.0,True,8.332517
primary,setting4_eager1000_144_264_27_1_4,eager,eager1000,large,4,3.0,without_ls,press,0,755.0,True,8.267575
primary,setting4_eager1000_144_264_27_1_4,eager,eager1000,large,4,3.0,without_ls,pressR,0,879.0,True,8.267575
primary,setting4_eager1000_144_264_27_1_4,eager,eager1000,large,4,3.0,without_ls,pressW,0,689.0,True,8.267575
primary,setting4_eager1000_144_264_27_1_4,eager,eager1000,large,4,3.0,without_ls,pressWR,0,821.0,True,8.267575
primary,setting4_eager1000_144_264_27_1_4,eager,eager1000,large,4,3.0,without_ls,slack,1476,708.0,True,8.267575
primary,setting4_eager1000_144_264_27_1_4,eager,eager1000,large,4,3.0,without_ls,slackR,714,837.0,True,8.267575
primary,setting4_eager1000_144_264_27_1_4,eager,eager1000,large,4,3.0,without_ls,slackW,127,672.0,True,8.267575
primary,setting4_eager1000_144_264_27_1_4,eager,eager1000,large,4,3.0,without_ls,slackWR,24,810.0,True,8.267575
primary,setting4_eager1000_144_88_9_1_4,eager,eager1000,large,4,1.0,baseline,baseline,117722,12.0,True,0.275067
primary,setting4_eager1000_144_88_9_1_4,eager,eager1000,large,4,1.0,with_ls,press-LS,68870,739.0,True,8.042772
primary,setting4_eager1000_144_88_9_1_4,eager,eager1000,large,4,1.0,with_ls,pressR-LS,64776,767.0,True,8.042772
primary,setting4_eager1000_144_88_9_1_4,eager,eager1000,large,4,1.0,with_ls,pressW-LS,71479,692.0,True,8.042772
primary,setting4_eager1000_144_88_9_1_4,eager,eager1000,large,4,1.0,with_ls,pressWR-LS,68689,734.0,True,8.042772
primary,setting4_eager1000_144_88_9_1_4,eager,eager1000,large,4,1.0,with_ls,slack-LS,82333,788.0,True,8.042772
primary,setting4_eager1000_144_88_9_1_4,eager,eager1000,large,4,1.0,with_ls,slackR-LS,84744,776.0,True,8.042772
primary,setting4_eager1000_144_88_9_1_4,eager,eager1000,large,4,1.0,with_ls,slackW-LS,83835,699.0,True,8.042772
primary,setting4_eager1000_144_88_9_1_4,eager,eager1000,large,4,1.0,with_ls,slackWR-LS,78598,778.0,True,8.042772
primary,setting4_eager1000_144_88_9_1_4,eager,eager1000,large,4,1.0,without_ls,press,78268,658.0,True,7.31716
primary,setting4_eager1000_144_88_9_1_4,eager,eager1000,large,4,1.0,without_ls,pressR,70718,688.0,True,7.31716
primary,setting4_eager1000_144_88_9_1_4,eager,eager1000,large,4,1.0,without_ls,pressW,82709,612.0,True,7.31716
primary,setting4_eager1000_144_88_9_1_4,eager,eager1000,large,4,1.0,without_ls,pressWR,74346,649.0,True,7.31716
primary,setting4_eager1000_144_88_9_1_4,eager,eager1000,large,4,1.0,without_ls,slack,90853,653.0,True,7.31716
primary,setting4_eager1000_144_88_9_1_4,eager,eager1000,large,4,1.0,without_ls,slackR,91036,706.0,True,7.31716
primary,setting4_eager1000_144_88_9_1_4,eager,eager1000,large,4,1.0,without_ls,slackW,93074,614.0,True,7.31716
primary,setting4_eager1000_144_88_9_1_4,eager,eager1000,large,4,1.0,without_ls,slackWR,86485,650.0,True,7.31716
primary,setting4_eager1000_72_184_19_1_4,eager,eager1000,small,4,1.0,baseline,baseline,214634,9.0,True,0.271511
primary,setting4_eager1000_72_184_19_1_4,eager,eager1000,small,4,1.0,with_ls,press-LS,135977,986.0,True,9.292649
primary,setting4_eager1000_72_184_19_1_4,eager,eager1000,small,4,1.0,with_ls,pressR-LS,132285,1033.0,True,9.292649
primary,setting4_eager1000_72_184_19_1_4,eager,eager1000,small,4,1.0,with_ls,pressW-LS,134388,749.0,True,9.292649
primary,setting4_eager1000_72_184_19_1_4,eager,eager1000,small,4,1.0,with_ls,pressWR-LS,133520,930.0,True,9.292649
primary,setting4_eager1000_72_184_19_1_4,eager,eager1000,small,4,1.0,with_ls,slack-LS,126257,859.0,True,9.292649
primary,setting4_eager1000_72_184_19_1_4,eager,eager1000,small,4,1.0,with_ls,slackR-LS,119034,1055.0,True,9.292649
primary,setting4_eager1000_72_184_19_1_4,eager,eager1000,small,4,1.0,with_ls,slackW-LS,120045,754.0,True,9.292649
primary,setting4_eager1000_72_184_19_1_4,eager,eager1000,small,4,1.0,with_ls,slackWR-LS,119456,885.0,True,9.292649
primary,setting4_eager1000_72_184_19_1_4,eager,eager1000,small,4,1.0,without_ls,press,142760,727.0,True,8.501677
primary,setting4_eager1000_72_184_19_1_4,eager,eager1000,small,4,1.0,without_ls,pressR,138262,832.0,True,8.501677
primary,setting4_eager1000_72_184_19_1_4,eager,eager1000,small,4,1.0,without_ls,pressW,141144,685.0,True,8.501677
primary,setting4_eager1000_72_184_19_1_4,eager,eager1000,small,4,1.0,without_ls,pressWR,139545,776.0,True,8.501677
primary,setting4_eager1000_72_184_19_1_4,eager,eager1000,small,4,1.0,without_ls,slack,133112,737.0,True,8.501677
primary,setting4_eager1000_72_184_19_1_4,eager,eager1000,small,4,1.0,without_ls,slackR,126271,827.0,True,8.501677
primary,setting4_eager1000_72_184_19_1_4,eager,eager1000,small,4,1.0,without_ls,slackW,128675,679.0,True,8.501677
primary,setting4_eager1000_72_184_19_1_4,eager,eager1000,small,4,1.0,without_ls,slackWR,126932,763.0,True,8.501677
primary,setting4_eager1000_72_276_28_1_4,eager,eager1000,small,4,1.5,baseline,baseline,311980,9.0,True,0.273463
primary,setting4_eager1000_72_276_28_1_4,eager,eager1000,small,4,1.5,with_ls,press-LS,114404,922.0,True,10.160644
primary,setting4_eager1000_72_276_28_1_4,eager,eager1000,small,4,1.5,with_ls,pressR-LS,112593,1018.0,True,10.160644
primary,setting4_eager1000_72_276_28_1_4,eager,eager1000,small,4,1.5,with_ls,pressW-LS,123450,968.0,True,10.160644
primary,setting4_eager1000_72_276_28_1_4,eager,eager1000,small,4,1.5,with_ls,pressWR-LS,117582,996.0,True,10.160644
primary,setting4_eager1000_72_276_28_1_4,eager,eager1000,small,4,1.5,with_ls,slack-LS,107832,1120.0,True,10.160644
primary,setting4_eager1000_72_276_28_1_4,eager,eager1000,small,4,1.5,with_ls,slackR-LS,119757,1267.0,True,10.160644
primary,setting4_eager1000_72_276_28_1_4,eager,eager1000,small,4,1.5,with_ls,slackW-LS,87080,868.0,True,10.160644
primary,setting4_eager1000_72_276_28_1_4,eager,eager1000,small,4,1.5,with_ls,slackWR-LS,83011,979.0,True,10.160644
primary,setting4_eager1000_72_276_28_1_4,eager,eager1000,small,4,1.5,without_ls,press,122743,776.0,True,8.439187
primary,setting4_eager1000_72_276_28_1_4,eager,eager1000,small,4,1.5,without_ls,pressR,121420,871.0,True,8.439187
primary,setting4_eager1000_72_276_28_1_4,eager,eager1000,small,4,1.5,without_ls,pressW,133576,720.0,True,8.439187
primary,setting4_eager1000_72_276_28_1_4,eager,eager1000,small,4,1.5,without_ls,pressWR,122940,833.0,True,8.439187
primary,setting4_eager1000_72_276_28_1_4,eager,eager1000,small,4,1.5,without_ls,slack,114610,758.0,True,8.439187
primary,setting4_eager1000_72_276_28_1_4,eager,eager1000,small,4,1.5,without_ls,slackR,128787,878.0,True,8.439187
primary,setting4_eager1000_72_276_28_1_4,eager,eager1000,small,4,1.5,without_ls,slackW,91695,700.0,True,8.439187
primary,setting4_eager1000_72_276_28_1_4,eager,eager1000,small,4,1.5,without_ls,slackWR,88490,822.0,True,8.439187
primary,setting4_eager1000_72_368_37_1_4,eager,eager1000,small,4,2.0,baseline,baseline,325086,9.0,True,0.283169
primary,setting4_eager1000_72_368_37_1_4,eager,eager1000,small,4,2.0,with_ls,press-LS,62672,1014.0,True,9.955145
primary,setting4_eager1000_72_368_37_1_4,eager,eager1000,small,4,2.0,with_ls,pressR-LS,89835,1108.0,True,9.955145
primary,setting4_eager1000_72_368_37_1_4,eager,eager1000,small,4,2.0,with_ls,pressW-LS,78638,853.0,True,9.955145
primary,setting4_eager1000_72_368_37_1_4,eager,eager1000,small,4,2.0,with_ls,pressWR-LS,117237,1022.0,True,9.955145
primary,setting4_eager1000_72_368_37_1_4,eager,eager1000,small,4,2.0,with_ls,slack-LS,105553,923.0,True,9.955145
primary,setting4_eager1000_72_368_37_1_4,eager,eager1000,small,4,2.0,with_ls,slackR-LS,105313,1101.0,True,9.955145
primary,setting4_eager1000_72_368_37_1_4,eager,eager1000,small,4,2.0,with_ls,slackW-LS,7262,835.0,True,9.955145
primary,setting4_eager1000_72_368_37_1_4,eager,eager1000,small,4,2.0,with_ls,slackWR-LS,5345,1039.0,True,9.955145
primary,setting4_eager1000_72_368_37_1_4,eager,eager1000,small,4,2.0,without_ls,press,69384,813.0,True,8.872599
primary,setting4_eager1000_72_368_37_1_4,eager,eager1000,small,4,2.0,without_ls,pressR,92365,960.0,True,8.872599
primary,setting4_eager1000_72_368_37_1_4,eager,eager1000,small,4,2.0,without_ls,pressW,81553,751.0,True,8.872599
primary,setting4_eager1000_72_368_37_1_4,eager,eager1000,small,4,2.0,without_ls,pressWR,119333,918.0,True,8.872599
primary,setting4_eager1000_72_368_37_1_4,eager,eager1000,small,4,2.0,without_ls,slack,109091,784.0,True,8.872599
primary,setting4_eager1000_72_368_37_1_4,eager,eager1000,small,4,2.0,without_ls,slackR,108237,961.0,True,8.872599
primary,setting4_eager1000_72_368_37_1_4,eager,eager1000,small,4,2.0,without_ls,slackW,11049,709.0,True,8.872599
primary,setting4_eager1000_72_368_37_1_4,eager,eager1000,small,4,2.0,without_ls,slackWR,8065,905.0,True,8.872599
primary,setting4_eager1000_72_552_56_1_4,eager,eager1000,small,4,3.0,baseline,baseline,226176,9.0,True,0.277035
primary,setting4_eager1000_72_552_56_1_4,eager,eager1000,small,4,3.0,with_ls,press-LS,1401,998.0,True,10.801463
primary,setting4_eager1000_72_552_56_1_4,eager,eager1000,small,4,3.0,with_ls,pressR-LS,9124,1232.0,True,10.801463
primary,setting4_eager1000_72_552_56_1_4,eager,eager1000,small,4,3.0,with_ls,pressW-LS,3010,957.0,True,10.801463
primary,setting4_eager1000_72_552_56_1_4,eager,eager1000,small,4,3.0,with_ls,pressWR-LS,16006,1230.0,True,10.801463
primary,setting4_eager1000_72_552_56_1_4,eager,eager1000,small,4,3.0,with_ls,slack-LS,28874,934.0,True,10.801463
primary,setting4_eager1000_72_552_56_1_4,eager,eager1000,small,4,3.0,with_ls,slackR-LS,17709,1280.0,True,10.801463
primary,setting4_eager1000_72_552_56_1_4,eager,eager1000,small,4,3.0,with_ls,slackW-LS,3048,905.0,True,10.801463
primary,setting4_eager1000_72_552_56_1_4,eager,eager1000,small,4,3.0,with_ls,slackWR-LS,1298,1200.0,True,10.801463
primary,setting4_eager1000_72_552_56_1_4,eager,eager1000,small,4,3.0,without_ls,press,1716,834.0,True,9.715899
primary,setting4_eager1000_72_552_56_1_4,eager,eager1000,small,4,3.0,without_ls,pressR,9305,1122.0,True,9.715899
primary,setting4_eager1000_72_552_56_1_4,eager,eager1000,small,4,3.0,without_ls,pressW,4437,789.0,True,9.715899
primary,setting4_eager1000_72_552_56_1_4,eager,eager1000,small,4,3.0,without_ls,pressWR,16668,1083.0,True,9.715899
primary,setting4_eager1000_72_552_56_1_4,eager,eager1000,small,4,3.0,without_ls,slack,30035,848.0,True,9.715899
primary,setting4_eager1000_72_552_56_1_4,eager,eager1000,small,4,3.0,without_ls,slackR,18346,1116.0,True,9.715899
primary,setting4_eager1000_72_552_56_1_4,eager,eager1000,small,4,3.0,without_ls,slackW,4610,768.0,True,9.715899
primary,setting4_eager1000_72_552_56_1_4,eager,eager1000,small,4,3.0,without_ls,slackWR,2241,1069.0,True,9.715899
primary,setting4_eager200_144_108_11_1_4,eager,eager200,large,4,1.5,baseline,baseline,29911,3.0,True,0.062939
primary,setting4_eager200_144_108_11_1_4,eager,eager200,large,4,1.5,with_ls,press-LS,9559,26.0,True,0.684318
primary,setting4_eager200_144_108_11_1_4,eager,eager200,large,4,1.5,with_ls,pressR-LS,9551,36.0,True,0.684318
primary,setting4_eager200_144_108_11_1_4,eager,eager200,large,4,1.5,with_ls,pressW-LS,10208,25.0,True,0.684318
primary,setting4_eager200_144_108_11_1_4,eager,eager200,large,4,1.5,with_ls,pressWR-LS,10194,35.0,True,0.684318
primary,setting4_eager200_144_108_11_1_4,eager,eager200,large,4,1.5,with_ls,slack-LS,2745,25.0,True,0.684318
primary,setting4_eager200_144_108_11_1_4,eager,eager200,large,4,1.5,with_ls,slackR-LS,4880,36.0,True,0.684318
primary,setting4_eager200_144_108_11_1_4,eager,eager200,large,4,1.5,with_ls,slackW-LS,13218,25.0,True,0.684318
primary,setting4_eager200_144_108_11_1_4,eager,eager200,large,4,1.5,with_ls,slackWR-LS,14603,35.0,True,0.684318
primary,setting4_eager200_144_108_11_1_4,eager,eager200,large,4,1.5,without_ls,press,9659,20.0,True,0.636565
primary,setting4_eager200_144_108_11_1_4,eager,eager200,large,4,1.5,without_ls,pressR,10165,28.0,True,0.636565
primary,setting4_eager200_144_108_11_1_4,eager,eager200,large,4,1.5,without_ls,pressW,10409,19.0,True,0.636565
primary,setting4_eager200_144_108_11_1_4,eager,eager200,large,4,1.5,without_ls,pressWR,11198,27.0,True,0.636565
primary,setting4_eager200_144_108_11_1_4,eager,eager200,large,4,1.5,without_ls,slack,2945,19.0,True,0.636565
primary,setting4_eager200_144_108_11_1_4,eager,eager200,large,4,1.5,without_ls,slackR,5690,28.0,True,0.636565
primary,setting4_eager200_144_108_11_1_4,eager,eager200,large,4,1.5,without_ls,slackW,13820,19.0,True,0.636565
primary,setting4_eager200_144_108_11_1_4,eager,eager200,large,4,1.5,without_ls,slackWR,16031,27.0,True,0.636565
primary,setting4_eager200_144_144_15_1_4,eager,eager200,large,4,2.0,baseline,baseline,40348,3.0,True,0.063624
primary,setting4_eager200_144_144_15_1_4,eager,eager200,large,4,2.0,with_ls,press-LS,4115,30.0,True,0.698368
primary,setting4_eager200_144_144_15_1_4,eager,eager200,large,4,2.0,with_ls,pressR-LS,2920,38.0,True,0.698368
primary,setting4_eager200_144_144_15_1_4,eager,eager200,large,4,2.0,with_ls,pressW-LS,3211,26.0,True,0.698368
primary,setting4_eager200_144_144_15_1_4,eager,eager200,large,4,2.0,with_ls,pressWR-LS,3022,37.0,True,0.698368
primary,setting4_eager200_144_144_15_1_4,eager,eager200,large,4,2.0,with_ls,slack-LS,606,25.0,True,0.698368
primary,setting4_eager200_144_144_15_1_4,eager,eager200,large,4,2.0,with_ls,slackR-LS,102,39.0,True,0.698368
primary,setting4_eager200_144_144_15_1_4,eager,eager200,large,4,2.0,with_ls,slackW-LS,38,27.0,True,0.698368
primary,setting4_eager200_144_144_15_1_4,eager,eager200,large,4,2.0,with_ls,slackWR-LS,14,39.0,True,0.698368
primary,setting4_eager200_144_144_15_1_4,eager,eager200,large,4,2.0,without_ls,press,4429,20.0,True,0.648838
primary,setting4_eager200_144_144_15_1_4,eager,eager200,large,4,2.0,without_ls,pressR,3222,31.0,True,0.648838
primary,setting4_eager200_144_144_15_1_4,eager,eager200,large,4,2.0,without_ls,pressW,3821,20.0,True,0.648838
primary,setting4_eager200_144_144_15_1_4,eager,eager200,large,4,2.0,without_ls,pressWR,3130,30.0,True,0.648838
primary,setting4_eager200_144_144_15_1_4,eager,eager200,large,4,2.0,without_ls,slack,606,20.0,True,0.648838
primary,setting4_eager200_144_144_15_1_4,eager,eager200,large,4,2.0,without_ls,slackR,204,32.0,True,0.648838
primary,setting4_eager200_144_144_15_1_4,eager,eager200,large,4,2.0,without_ls,slackW,647,18.0,True,0.648838
primary,setting4_eager200_144_144_15_1_4,eager,eager200,large,4,2.0,without_ls,slackWR,348,29.0,True,0.648838
primary,setting4_eager200_144_216_22_1_4,eager,eager200,large,4,3.0,baseline,baseline,40349,3.0,True,0.064114
primary,setting4_eager200_144_216_22_1_4,eager,eager200,large,4,3.0,with_ls,press-LS,1339,31.0,True,0.75168
primary,setting4_eager200_144_216_22_1_4,eager,eager200,large,4,3.0,with_ls,pressR-LS,1963,49.0,True,0.75168
primary,setting4_eager200_144_216_22_1_4,eager,eager200,large,4,3.0,with_ls,pressW-LS,2669,33.0,True,0.75168
primary,setting4_eager200_144_216_22_1_4,eager,eager200,large,4,3.0,with_ls,pressWR-LS,1766,47.0,True,0.75168
primary,setting4_eager200_144_216_22_1_4,eager,eager200,large,4,3.0,with_ls,slack-LS,0,27.0,True,0.75168
primary,setting4_eager200_144_216_22_1_4,eager,eager200,large,4,3.0,with_ls,slackR-LS,0,46.0,True,0.75168
primary,setting4_eager200_144_216_22_1_4,eager,eager200,large,4,3.0,with_ls,slackW-LS,5946,33.0,True,0.75168
primary,setting4_eager200_144_216_22_1_4,eager,eager200,large,4,3.0,with_ls,slackWR-LS,7339,46.0,True,0.75168
primary,setting4_eager200_144_216_22_1_4,eager,eager200,large,4,3.0,without_ls,press,1842,22.0,True,0.692813
primary,setting4_eager200_144_216_22_1_4,eager,eager200,large,4,3.0,without_ls,pressR,2063,40.0,True,0.692813
primary,setting4_eager200_144_216_22_1_4,eager,eager200,large,4,3.0,without_ls,pressW,2980,21.0,True,0.692813
primary,setting4_eager200_144_216_22_1_4,eager,eager200,large,4,3.0,without_ls,pressWR,1770,39.0,True,0.692813
primary,setting4_eager200_144_216_22_1_4,eager,eager200,large,4,3.0,without_ls,slack,0,21.0,True,0.692813
primary,setting4_eager200_144_216_22_1_4,eager,eager200,large,4,3.0,without_ls,slackR,0,40.0,True,0.692813
primary,setting4_eager200_144_216_22_1_4,eager,eager200,large,4,3.0,without_ls,slackW,6250,20.0,True,0.692813
primary,setting4_eager200_144_216_22_1_4,eager,eager200,large,4,3.0,without_ls,slackWR,7381,37.0,True,0.692813
primary,setting4_eager200_144_72_8_1_4,eager,eager200,large,4,1.0,baseline,baseline,15794,3.0,True,0.061793
primary,setting4_eager200_144_72_8_1_4,eager,eager200,large,4,1.0,with_ls,press-LS,13437,26.0,True,0.66547
primary,setting4_eager200_144_72_8_1_4,eager,eager200,large,4,1.0,with_ls,pressR-LS,13183,31.0,True,0.66547
primary,setting4_eager200_144_72_8_1_4,eager,eager200,large,4,1.0,with_ls,pressW-LS,13835,24.0,True,0.66547
primary,setting4_eager200_144_72_8_1_4,eager,eager200,large,4,1.0,with_ls,pressWR-LS,13735,31.0,True,0.66547
primary,setting4_eager200_144_72_8_1_4,eager,eager200,large,4,1.0,with_ls,slack-LS,13288,25.0,True,0.66547
primary,setting4_eager200_144_72_8_1_4,eager,eager200,large,4,1.0,with_ls,slackR-LS,12745,31.0,True,0.66547
primary,setting4_eager200_144_72_8_1_4,eager,eager200,large,4,1.0,with_ls,slackW-LS,11859,24.0,True,0.66547
primary,setting4_eager200_144_72_8_1_4,eager,eager200,large,4,1.0,with_ls,slackWR-LS,12971,32.0,True,0.66547
primary,setting4_eager200_144_72_8_1_4,eager,eager200,large,4,1.0,without_ls,press,14757,19.0,True,0.617758
primary,setting4_eager200_144_72_8_1_4,eager,eager200,large,4,1.0,without_ls,pressR,13821,25.0,True,0.617758
primary,setting4_eager200_144_72_8_1_4,eager,eager200,large,4,1.0,without_ls,pressW,15020,18.0,True,0.617758
primary,setting4_eager200_144_72_8_1_4,eager,eager200,large,4,1.0,without_ls,pressWR,14430,24.0,True,0.617758
primary,setting4_eager200_144_72_8_1_4,eager,eager200,large,4,1.0,without_ls,slack,13911,19.0,True,0.617758
primary,setting4_eager200_144_72_8_1_4,eager,eager200,large,4,1.0,without_ls,slackR,13367,25.0,True,0.617758
primary,setting4_eager200_144_72_8_1_4,eager,eager200,large,4,1.0,without_ls,slackW,12905,18.0,True,0.617758
primary,setting4_eager200_144_72_8_1_4,eager,eager200,large,4,1.0,without_ls,slackWR,14044,24.0,True,0.617758
primary,setting4_eager200_72_111_12_1_4,eager,eager200,small,4,1.5,baseline,baseline,35983,1.0,True,0.055528
primary,setting4_eager200_72_111_12_1_4,eager,eager200,small,4,1.5,with_ls,press-LS,24595,25.0,True,0.635626
primary,setting4_eager200_72_111_12_1_4,eager,eager200,small,4,1.5,with_ls,pressR-LS,24941,35.0,True,0.635626
primary,setting4_eager200_72_111_12_1_4,eager,eager200,small,4,1.5,with_ls,pressW-LS,28643,23.0,True,0.635626
primary,setting4_eager200_72_111_12_1_4,eager,eager200,small,4,1.5,with_ls,pressWR-LS,28724,31.0,True,0.635626
primary,setting4_eager200_72_111_12_1_4,eager,eager200,small,4,1.5,with_ls,slack-LS,6358,32.0,True,0.635626
primary,setting4_eager200_72_111_12_1_4,eager,eager200,small,4,1.5,with_ls,slackR-LS,5601,35.0,True,0.635626
primary,setting4_eager200_72_111_12_1_4,eager,eager200,small,4,1.5,with_ls,slackW-LS,27754,23.0,True,0.635626
primary,setting4_eager200_72_111_12_1_4,eager,eager200,small,4,1.5,with_ls,slackWR-LS,28947,31.0,True,0.635626
primary,setting4_eager200_72_111_12_1_4,eager,eager200,small,4,1.5,without_ls,press,25246,18.0,True,0.586912
primary,setting4_eager200_72_111_12_1_4,eager,eager200,small,4,1.5,without_ls,pressR,26877,27.0,True,0.586912
primary,setting4_eager200_72_111_12_1_4,eager,eager200,small,4,1.5,without_ls,pressW,29639,17.0,True,0.586912
primary,setting4_eager200_72_111_12_1_4,eager,eager200,small,4,1.5,without_ls,pressWR,30590,26.0,True,0.586912
primary,setting4_eager200_72_111_12_1_4,eager,eager200,small,4,1.5,without_ls,slack,7413,19.0,True,0.586912
primary,setting4_eager200_72_111_12_1_4,eager,eager200,small,4,1.5,without_ls,slackR,6895,28.0,True,0.586912
primary,setting4_eager200_72_111_12_1_4,eager,eager200,small,4,1.5,without_ls,slackW,29026,18.0,True,0.586912
primary,setting4_eager200_72_111_12_1_4,eager,eager200,small,4,1.5,without_ls,slackWR,30537,26.0,True,0.586912
primary,setting4_eager200_72_148_15_1_4,eager,eager200,small,4,2.0,baseline,baseline,40018,1.0,True,0.055627
primary,setting4_eager200_72_148_15_1_4,eager,eager200,small,4,2.0,with_ls,press-LS,9781,24.0,True,0.646441
primary,setting4_eager200_72_148_15_1_4,eager,eager200,small,4,2.0,with_ls,pressR-LS,9389,37.0,True,0.646441
primary,setting4_eager200_72_148_15_1_4,eager,eager200,small,4,2.0,with_ls,pressW-LS,11463,27.0,True,0.646441
primary,setting4_eager200_72_148_15_1_4,eager,eager200,small,4,2.0,with_ls,pressWR-LS,16645,37.0,True,0.646441
primary,setting4_eager200_72_148_15_1_4,eager,eager200,small,4,2.0,with_ls,slack-LS,4,22.0,True,0.646441
primary,setting4_eager200_72_148_15_1_4,eager,eager200,small,4,2.0,with_ls,slackR-LS,100,35.0,True,0.646441
primary,setting4_eager200_72_148_15_1_4,eager,eager200,small,4,2.0,with_ls,slackW-LS,23716,22.0,True,0.646441
primary,setting4_eager200_72_148_15_1_4,eager,eager200,small,4,2.0,with_ls,slackWR-LS,24722,34.0,True,0.646441
primary,setting4_eager200_72_148_15_1_4,eager,eager200,small,4,2.0,without_ls,press,10007,20.0,True,0.600986
primary,setting4_eager200_72_148_15_1_4,eager,eager200,small,4,2.0,without_ls,pressR,9422,32.0,True,0.600986
primary,setting4_eager200_72_148_15_1_4,eager,eager200,small,4,2.0,without_ls,pressW,11989,19.0,True,0.600986
primary,setting4_eager200_72_148_15_1_4,eager,eager200,small,4,2.0,without_ls,pressWR,16868,29.0,True,0.600986
primary,setting4_eager200_72_148_15_1_4,eager,eager200,small,4,2.0,without_ls,slack,210,18.0,True,0.600986
primary,setting4_eager200_72_148_15_1_4,eager,eager200,small,4,2.0,without_ls,slackR,106,30.0,True,0.600986
primary,setting4_eager200_72_148_15_1_4,eager,eager200,small,4,2.0,without_ls,slackW,24531,18.0,True,0.600986
primary,setting4_eager200_72_148_15_1_4,eager,eager200,small,4,2.0,without_ls,slackWR,25394,29.0,True,0.600986
primary,setting4_eager200_72_222_23_1_4,eager,eager200,small,4,3.0,baseline,baseline,51295,1.0,True,0.055794
primary,setting4_eager200_72_222_23_1_4,eager,eager200,small,4,3.0,with_ls,press-LS,13863,28.0,True,0.673817
primary,setting4_eager200_72_222_23_1_4,eager,eager200,small,4,3.0,with_ls,pressR-LS,13944,45.0,True,0.673817
primary,setting4_eager200_72_222_23_1_4,eager,eager200,small,4,3.0,with_ls,pressW-LS,18280,29.0,True,0.673817
primary,setting4_eager200_72_222_23_1_4,eager,eager200,small,4,3.0,with_ls,pressWR-LS,26736,43.0,True,0.673817
primary,setting4_eager200_72_222_23_1_4,eager,eager200,small,4,3.0,with_ls,slack-LS,0,21.0,True,0.673817
primary,setting4_eager200_72_222_23_1_4,eager,eager200,small,4,3.0,with_ls,slackR-LS,0,41.0,True,0.673817
primary,setting4_eager200_72_222_23_1_4,eager,eager200,small,4,3.0,with_ls,slackW-LS,0,20.0,True,0.673817
primary,setting4_eager200_72_222_23_1_4,eager,eager200,small,4,3.0,with_ls,slackWR-LS,0,41.0,True,0.673817
primary,setting4_eager200_72_222_23_1_4,eager,eager200,small,4,3.0,without_ls,press,15852,20.0,True,0.634482
primary,setting4_eager200_72_222_23_1_4,eager,eager200,small,4,3.0,without_ls,pressR,14347,38.0,True,0.634482
primary,setting4_eager200_72_222_23_1_4,eager,eager200,small,4,3.0,without_ls,pressW,20144,19.0,True,0.634482
primary,setting4_eager200_72_222_23_1_4,eager,eager200,small,4,3.0,without_ls,pressWR,27163,36.0,True,0.634482
primary,setting4_eager200_72_222_23_1_4,eager,eager200,small,4,3.0,without_ls,slack,0,18.0,True,0.634482
primary,setting4_eager200_72_222_23_1_4,eager,eager200,small,4,3.0,without_ls,slackR,0,38.0,True,0.634482
primary,setting4_eager200_72_222_23_1_4,eager,eager200,small,4,3.0,without_ls,slackW,0,17.0,True,0.634482
primary,setting4_eager200_72_222_23_1_4,eager,eager200,small,4,3.0,without_ls,slackWR,0,37.0,True,0.634482
primary,setting4_eager200_72_74_8_1_4,eager,eager200,small,4,1.0,baseline,baseline,16421,1.0,True,0.055508
primary,setting4_eager200_72_74_8_1_4,eager,eager200,small,4,1.0,with_ls,press-LS,14165,20.0,True,0.598312
primary,setting4_eager200_72_74_8_1_4,eager,eager200,small,4,1.0,with_ls,pressR-LS,12353,27.0,True,0.598312
primary,setting4_eager200_72_74_8_1_4,eager,eager200,small,4,1.0,with_ls,pressW-LS,13840,20.0,True,0.598312
primary,setting4_eager200_72_74_8_1_4,eager,eager200,small,4,1.0,with_ls,pressWR-LS,13903,26.0,True,0.598312
primary,setting4_eager200_72_74_8_1_4,eager,eager200,small,4,1.0,with_ls,slack-LS,13913,21.0,True,0.598312
primary,setting4_eager200_72_74_8_1_4,eager,eager200,small,4,1.0,with_ls,slackR-LS,12489,28.0,True,0.598312
primary,setting4_eager200_72_74_8_1_4,eager,eager200,small,4,1.0,with_ls,slackW-LS,15035,20.0,True,0.598312
primary,setting4_eager200_72_74_8_1_4,eager,eager200,small,4,1.0,with_ls,slackWR-LS,14002,27.0,True,0.598312
primary,setting4_eager200_72_74_8_1_4,eager,eager200,small,4,1.0,without_ls,press,14759,17.0,True,0.565962
primary,setting4_eager200_72_74_8_1_4,eager,eager200,small,4,1.0,without_ls,pressR,13159,23.0,True,0.565962
primary,setting4_eager200_72_74_8_1_4,eager,eager200,small,4,1.0,without_ls,pressW,14407,16.0,True,0.565962
primary,setting4_eager200_72_74_8_1_4,eager,eager200,small,4,1.0,without_ls,pressWR,14826,22.0,True,0.565962
primary,setting4_eager200_72_74_8_1_4,eager,eager200,small,4,1.0,without_ls,slack,14037,18.0,True,0.565962
primary,setting4_eager200_72_74_8_1_4,eager,eager200,small,4,1.0,without_ls,slackR,14233,23.0,True,0.565962
primary,setting4_eager200_72_74_8_1_4,eager,eager200,small,4,1.0,without_ls,slackW,15670,17.0,True,0.565962
primary,setting4_eager200_72_74_8_1_4,eager,eager200,small,4,1.0,without_ls,slackWR,15557,22.0,True,0.565962
primary,setting4_methylseq1000_144_134_14_1_4,methylseq,methylseq1000,large,4,1.5,baseline,baseline,313894,7.0,True,0.180008
primary,setting4_methylseq1000_144_134_14_1_4,methylseq,methylseq1000,large,4,1.5,with_ls,press-LS,85112,363.0,True,4.345177
primary,setting4_methylseq1000_144_134_14_1_4,methylseq,methylseq1000,large,4,1.5,with_ls,pressR-LS,90291,391.0,True,4.345177
primary,setting4_methylseq1000_144_134_14_1_4,methylseq,methylseq1000,large,4,1.5,with_ls,pressW-LS,90632,342.0,True,4.345177
primary,setting4_methylseq1000_144_134_14_1_4,methylseq,methylseq1000,large,4,1.5,with_ls,pressWR-LS,101810,392.0,True,4.345177
primary,setting4_methylseq1000_144_134_14_1_4,methylseq,methylseq1000,large,4,1.5,with_ls,slack-LS,69996,383.0,True,4.345177
primary,setting4_methylseq1000_144_134_14_1_4,methylseq,methylseq1000,large,4,1.5,with_ls,slackR-LS,67515,420.0,True,4.345177
primary,setting4_methylseq1000_144_134_14_1_4,methylseq,methylseq1000,large,4,1.5,with_ls,slackW-LS,86804,336.0,True,4.345177
primary,setting4_methylseq1000_144_134_14_1_4,methylseq,methylseq1000,large,4,1.5,with_ls,slackWR-LS,92269,372.0,True,4.345177
primary,setting4_methylseq1000_144_134_14_1_4,methylseq,methylseq1000,large,4,1.5,without_ls,press,91848,305.0,True,3.842233
primary,setting4_methylseq1000_144_134_14_1_4,methylseq,methylseq1000,large,4,1.5,without_ls,pressR,97979,336.0,True,3.842233
primary,setting4_methylseq1000_144_134_14_1_4,methylseq,methylseq1000,large,4,1.5,without_ls,pressW,101824,291.0,True,3.842233
primary,setting4_methylseq1000_144_134_14_1_4,methylseq,methylseq1000,large,4,1.5,without_ls,pressWR,107557,319.0,True,3.842233
primary,setting4_methylseq1000_144_134_14_1_4,methylseq,methylseq1000,large,4,1.5,without_ls,slack,82590,303.0,True,3.842233
primary,setting4_methylseq1000_144_134_14_1_4,methylseq,methylseq1000,large,4,1.5,without_ls,slackR,76254,330.0,True,3.842233
primary,setting4_methylseq1000_144_134_14_1_4,methylseq,methylseq1000,large,4,1.5,without_ls,slackW,97263,289.0,True,3.842233
primary,setting4_methylseq1000_144_134_14_1_4,methylseq,methylseq1000,large,4,1.5,without_ls,slackWR,100833,317.0,True,3.842233
primary,setting4_methylseq1000_144_178_18_1_4,methylseq,methylseq1000,large,4,2.0,baseline,baseline,318941,7.0,True,0.180473
primary,setting4_methylseq1000_144_178_18_1_4,methylseq,methylseq1000,large,4,2.0,with_ls,press-LS,31485,325.0,True,4.326666
primary,setting4_methylseq1000_144_178_18_1_4,methylseq,methylseq1000,large,4,2.0,with_ls,pressR-LS,37453,390.0,True,4.326666
primary,setting4_methylseq1000_144_178_18_1_4,methylseq,methylseq1000,large,4,2.0,with_ls,pressW-LS,68519,408.0,True,4.326666
primary,setting4_methylseq1000_144_178_18_1_4,methylseq,methylseq1000,large,4,2.0,with_ls,pressWR-LS,67435,415.0,True,4.326666
primary,setting4_methylseq1000_144_178_18_1_4,methylseq,methylseq1000,large,4,2.0,with_ls,slack-LS,13533,376.0,True,4.326666
primary,setting4_methylseq1000_144_178_18_1_4,methylseq,methylseq1000,large,4,2.0,with_ls,slackR-LS,17065,356.0,True,4.326666
primary,setting4_methylseq1000_144_178_18_1_4,methylseq,methylseq1000,large,4,2.0,with_ls,slackW-LS,36978,342.0,True,4.326666
primary,setting4_methylseq1000_144_178_18_1_4,methylseq,methylseq1000,large,4,2.0,with_ls,slackWR-LS,32602,357.0,True,4.326666
primary,setting4_methylseq1000_144_178_18_1_4,methylseq,methylseq1000,large,4,2.0,without_ls,press,35326,302.0,True,3.918315
primary,setting4_methylseq1000_144_178_18_1_4,methylseq,methylseq1000,large,4,2.0,without_ls,pressR,44154,350.0,True,3.918315
primary,setting4_methylseq1000_144_178_18_1_4,methylseq,methylseq1000,large,4,2.0,without_ls,pressW,76757,292.0,True,3.918315
primary,setting4_methylseq1000_144_178_18_1_4,methylseq,methylseq1000,large,4,2.0,without_ls,pressWR,74050,337.0,True,3.918315
primary,setting4_methylseq1000_144_178_18_1_4,methylseq,methylseq1000,large,4,2.0,without_ls,slack,22371,294.0,True,3.918315
primary,setting4_methylseq1000_144_178_18_1_4,methylseq,methylseq1000,large,4,2.0,without_ls,slackR,21522,344.0,True,3.918315
primary,setting4_methylseq1000_144_178_18_1_4,methylseq,methylseq1000,large,4,2.0,without_ls,slackW,46400,287.0,True,3.918315
primary,setting4_methylseq1000_144_178_18_1_4,methylseq,methylseq1000,large,4,2.0,without_ls,slackWR,37224,332.0,True,3.918315
primary,setting4_methylseq1000_144_267_27_1_4,methylseq,methylseq1000,large,4,3.0,baseline,baseline,261019,7.0,True,0.183702
primary,setting4_methylseq1000_144_267_27_1_4,methylseq,methylseq1000,large,4,3.0,with_ls,press-LS,22187,375.0,True,4.487795
primary,setting4_methylseq1000_144_267_27_1_4,methylseq,methylseq1000,large,4,3.0,with_ls,pressR-LS,26563,446.0,True,4.487795
primary,setting4_methylseq1000_144_267_27_1_4,methylseq,methylseq1000,large,4,3.0,with_ls,pressW-LS,48639,370.0,True,4.487795
primary,setting4_methylseq1000_144_267_27_1_4,methylseq,methylseq1000,large,4,3.0,with_ls,pressWR-LS,49677,427.0,True,4.487795
primary,setting4_methylseq1000_144_267_27_1_4,methylseq,methylseq1000,large,4,3.0,with_ls,slack-LS,6042,339.0,True,4.487795
primary,setting4_methylseq1000_144_267_27_1_4,methylseq,methylseq1000,large,4,3.0,with_ls,slackR-LS,12657,415.0,True,4.487795
primary,setting4_methylseq1000_144_267_27_1_4,methylseq,methylseq1000,large,4,3.0,with_ls,slackW-LS,9623,365.0,True,4.487795
primary,setting4_methylseq1000_144_267_27_1_4,methylseq,methylseq1000,large,4,3.0,with_ls,slackWR-LS,8361,398.0,True,4.487795
primary,setting4_methylseq1000_144_267_27_1_4,methylseq,methylseq1000,large,4,3.0,without_ls,press,26325,307.0,True,4.011087
primary,setting4_methylseq1000_144_267_27_1_4,methylseq,methylseq1000,large,4,3.0,without_ls,pressR,27974,371.0,True,4.011087
primary,setting4_methylseq1000_144_267_27_1_4,methylseq,methylseq1000,large,4,3.0,without_ls,pressW,52755,297.0,True,4.011087
primary,setting4_methylseq1000_144_267_27_1_4,methylseq,methylseq1000,large,4,3.0,without_ls,pressWR,51585,357.0,True,4.011087
primary,setting4_methylseq1000_144_267_27_1_4,methylseq,methylseq1000,large,4,3.0,without_ls,slack,9084,293.0,True,4.011087
primary,setting4_methylseq1000_144_267_27_1_4,methylseq,methylseq1000,large,4,3.0,without_ls,slackR,13569,366.0,True,4.011087
primary,setting4_methylseq1000_144_267_27_1_4,methylseq,methylseq1000,large,4,3.0,without_ls,slackW,13121,280.0,True,4.011087
primary,setting4_methylseq1000_144_267_27_1_4,methylseq,methylseq1000,large,4,3.0,without_ls,slackWR,9132,350.0,True,4.011087
primary,setting4_methylseq1000_144_89_9_1_4,methylseq,methylseq1000,large,4,1.0,baseline,baseline,132708,7.0,True,0.182512
primary,setting4_methylseq1000_144_89_9_1_4,methylseq,methylseq1000,large,4,1.0,with_ls,press-LS,68739,306.0,True,4.024896
primary,setting4_methylseq1000_144_89_9_1_4,methylseq,methylseq1000,large,4,1.0,with_ls,pressR-LS,72171,321.0,True,4.024896
primary,setting4_methylseq1000_144_89_9_1_4,methylseq,methylseq1000,large,4,1.0,with_ls,pressW-LS,75086,337.0,True,4.024896
primary,setting4_methylseq1000_144_89_9_1_4,methylseq,methylseq1000,large,4,1.0,with_ls,pressWR-LS,77574,356.0,True,4.024896
primary,setting4_methylseq1000_144_89_9_1_4,methylseq,methylseq1000,large,4,1.0,with_ls,slack-LS,53624,315.0,True,4.024896
primary,setting4_methylseq1000_144_89_9_1_4,methylseq,methylseq1000,large,4,1.0,with_ls,slackR-LS,52602,370.0,True,4.024896
primary,setting4_methylseq1000_144_89_9_1_4,methylseq,methylseq1000,large,4,1.0,with_ls,slackW-LS,63071,309.0,True,4.024896
primary,setting4_methylseq1000_144_89_9_1_4,methylseq,methylseq1000,large,4,1.0,with_ls,slackWR-LS,60599,354.0,True,4.024896
primary,setting4_methylseq1000_144_89_9_1_4,methylseq,methylseq1000,large,4,1.0,without_ls,press,79799,282.0,True,3.65436
primary,setting4_methylseq1000_144_89_9_1_4,methylseq,methylseq1000,large,4,1.0,without_ls,pressR,78008,301.0,True,3.65436
primary,setting4_methylseq1000_144_89_9_1_4,methylseq,methylseq1000,large,4,1.0,without_ls,pressW,88772,268.0,True,3.65436
primary,setting4_methylseq1000_144_89_9_1_4,methylseq,methylseq1000,large,4,1.0,without_ls,pressWR,85809,289.0,True,3.65436
primary,setting4_methylseq1000_144_89_9_1_4,methylseq,methylseq1000,large,4,1.0,without_ls,slack,67316,282.0,True,3.65436
primary,setting4_methylseq1000_144_89_9_1_4,methylseq,methylseq1000,large,4,1.0,without_ls,slackR,58428,302.0,True,3.65436
primary,setting4_methylseq1000_144_89_9_1_4,methylseq,methylseq1000,large,4,1.0,without_ls,slackW,80494,266.0,True,3.65436
primary,setting4_methylseq1000_144_89_9_1_4,methylseq,methylseq1000,large,4,1.0,without_ls,slackWR,68749,287.0,True,3.65436
primary,setting4_methylseq1000_72_315_32_1_4,methylseq,methylseq1000,small,4,1.0,baseline,baseline,404092,5.0,True,0.175874
primary,setting4_methylseq1000_72_315_32_1_4,methylseq,methylseq1000,small,4,1.0,with_ls,press-LS,157431,571.0,True,5.486073
primary,setting4_methylseq1000_72_315_32_1_4,methylseq,methylseq1000,small,4,1.0,with_ls,pressR-LS,170119,461.0,True,5.486073
primary,setting4_methylseq1000_72_315_32_1_4,methylseq,methylseq1000,small,4,1.0,with_ls,pressW-LS,165826,402.0,True,5.486073
primary,setting4_methylseq1000_72_315_32_1_4,methylseq,methylseq1000,small,4,1.0,with_ls,pressWR-LS,177981,513.0,True,5.486073
primary,setting4_methylseq1000_72_315_32_1_4,methylseq,methylseq1000,small,4,1.0,with_ls,slack-LS,177767,449.0,True,5.486073
primary,setting4_methylseq1000_72_315_32_1_4,methylseq,methylseq1000,small,4,1.0,with_ls,slackR-LS,204483,631.0,True,5.486073
primary,setting4_methylseq1000_72_315_32_1_4,methylseq,methylseq1000,small,4,1.0,with_ls,slackW-LS,200883,458.0,True,5.486073
primary,setting4_methylseq1000_72_315_32_1_4,methylseq,methylseq1000,small,4,1.0,with_ls,slackWR-LS,199042,662.0,True,5.486073
primary,setting4_methylseq1000_72_315_32_1_4,methylseq,methylseq1000,small,4,1.0,without_ls,press,165340,331.0,True,4.288824
primary,setting4_methylseq1000_72_315_32_1_4,methylseq,methylseq1000,small,4,1.0,without_ls,pressR,174582,405.0,True,4.288824
primary,setting4_methylseq1000_72_315_32_1_4,methylseq,methylseq1000,small,4,1.0,without_ls,pressW,172606,330.0,True,4.288824
primary,setting4_methylseq1000_72_315_32_1_4,methylseq,methylseq1000,small,4,1.0,without_ls,pressWR,181761,402.0,True,4.288824
primary,setting4_methylseq1000_72_315_32_1_4,methylseq,methylseq1000,small,4,1.0,without_ls,slack,184714,336.0,True,4.288824
primary,setting4_methylseq1000_72_315_32_1_4,methylseq,methylseq1000,small,4,1.0,without_ls,slackR,209549,412.0,True,4.288824
primary,setting4_methylseq1000_72_315_32_1_4,methylseq,methylseq1000,small,4,1.0,without_ls,slackW,212718,324.0,True,4.288824
primary,setting4_methylseq1000_72_315_32_1_4,methylseq,methylseq1000,small,4,1.0,without_ls,slackWR,203739,401.0,True,4.288824
primary,setting4_methylseq1000_72_473_48_1_4,methylseq,methylseq1000,small,4,1.5,baseline,baseline,569286,5.0,True,0.174559
primary,setting4_methylseq1000_72_473_48_1_4,methylseq,methylseq1000,small,4,1.5,with_ls,press-LS,164664,779.0,True,6.715428
primary,setting4_methylseq1000_72_473_48_1_4,methylseq,methylseq1000,small,4,1.5,with_ls,pressR-LS,172896,623.0,True,6.715428
primary,setting4_methylseq1000_72_473_48_1_4,methylseq,methylseq1000,small,4,1.5,with_ls,pressW-LS,165706,650.0,True,6.715428
primary,setting4_methylseq1000_72_473_48_1_4,methylseq,methylseq1000,small,4,1.5,with_ls,pressWR-LS,174003,678.0,True,6.715428
primary,setting4_methylseq1000_72_473_48_1_4,methylseq,methylseq1000,small,4,1.5,with_ls,slack-LS,202648,676.0,True,6.715428
primary,setting4_methylseq1000_72_473_48_1_4,methylseq,methylseq1000,small,4,1.5,with_ls,slackR-LS,201884,613.0,True,6.715428
primary,setting4_methylseq1000_72_473_48_1_4,methylseq,methylseq1000,small,4,1.5,with_ls,slackW-LS,199129,766.0,True,6.715428
primary,setting4_methylseq1000_72_473_48_1_4,methylseq,methylseq1000,small,4,1.5,with_ls,slackWR-LS,187350,607.0,True,6.715428
primary,setting4_methylseq1000_72_473_48_1_4,methylseq,methylseq1000,small,4,1.5,without_ls,press,170523,335.0,True,4.571337
primary,setting4_methylseq1000_72_473_48_1_4,methylseq,methylseq1000,small,4,1.5,without_ls,pressR,179341,473.0,True,4.571337
primary,setting4_methylseq1000_72_473_48_1_4,methylseq,methylseq1000,small,4,1.5,without_ls,pressW,172357,331.0,True,4.571337
primary,setting4_methylseq1000_72_473_48_1_4,methylseq,methylseq1000,small,4,1.5,without_ls,pressWR,179167,465.0,True,4.571337
primary,setting4_methylseq1000_72_473_48_1_4,methylseq,methylseq1000,small,4,1.5,without_ls,slack,210094,348.0,True,4.571337
primary,setting4_methylseq1000_72_473_48_1_4,methylseq,methylseq1000,small,4,1.5,without_ls,slackR,206350,474.0,True,4.571337
primary,setting4_methylseq1000_72_473_48_1_4,methylseq,methylseq1000,small,4,1.5,without_ls,slackW,212009,335.0,True,4.571337
primary,setting4_methylseq1000_72_473_48_1_4,methylseq,methylseq1000,small,4,1.5,without_ls,slackWR,193799,462.0,True,4.571337
primary,setting4_methylseq1000_72_630_63_1_4,methylseq,methylseq1000,small,4,2.0,baseline,baseline,518285,5.0,True,0.176392
primary,setting4_methylseq1000_72_630_63_1_4,methylseq,methylseq1000,small,4,2.0,with_ls,press-LS,32615,518.0,True,6.75388
primary,setting4_methylseq1000_72_630_63_1_4,methylseq,methylseq1000,small,4,2.0,with_ls,pressR-LS,22571,755.0,True,6.75388
primary,setting4_methylseq1000_72_630_63_1_4,methylseq,methylseq1000,small,4,2.0,with_ls,pressW-LS,47383,537.0,True,6.75388
primary,setting4_methylseq1000_72_630_63_1_4,methylseq,methylseq1000,small,4,2.0,with_ls,pressWR-LS,37844,983.0,True,6.75388
primary,setting4_methylseq1000_72_630_63_1_4,methylseq,methylseq1000,small,4,2.0,with_ls,slack-LS,99942,478.0,True,6.75388
primary,setting4_methylseq1000_72_630_63_1_4,methylseq,methylseq1000,small,4,2.0,with_ls,slackR-LS,92138,798.0,True,6.75388
primary,setting4_methylseq1000_72_630_63_1_4,methylseq,methylseq1000,small,4,2.0,with_ls,slackW-LS,85418,634.0,True,6.75388
primary,setting4_methylseq1000_72_630_63_1_4,methylseq,methylseq1000,small,4,2.0,with_ls,slackWR-LS,60719,735.0,True,6.75388
primary,setting4_methylseq1000_72_630_63_1_4,methylseq,methylseq1000,small,4,2.0,without_ls,press,36180,339.0,True,4.821561
primary,setting4_methylseq1000_72_630_63_1_4,methylseq,methylseq1000,small,4,2.0,without_ls,pressR,28641,542.0,True,4.821561
primary,setting4_methylseq1000_72_630_63_1_4,methylseq,methylseq1000,small,4,2.0,without_ls,pressW,51573,336.0,True,4.821561
primary,setting4_methylseq1000_72_630_63_1_4,methylseq,methylseq1000,small,4,2.0,without_ls,pressWR,44330,522.0,True,4.821561
primary,setting4_methylseq1000_72_630_63_1_4,methylseq,methylseq1000,small,4,2.0,without_ls,slack,104381,345.0,True,4.821561
primary,setting4_methylseq1000_72_630_63_1_4,methylseq,methylseq1000,small,4,2.0,without_ls,slackR,97443,525.0,True,4.821561
primary,setting4_methylseq1000_72_630_63_1_4,methylseq,methylseq1000,small,4,2.0,without_ls,slackW,92727,340.0,True,4.821561
primary,setting4_methylseq1000_72_630_63_1_4,methylseq,methylseq1000,small,4,2.0,without_ls,slackWR,67942,520.0,True,4.821561
primary,setting4_methylseq1000_72_945_95_1_4,methylseq,methylseq1000,small,4,3.0,baseline,baseline,467458,8.0,True,0.183074
primary,setting4_methylseq1000_72_945_95_1_4,methylseq,methylseq1000,small,4,3.0,with_ls,press-LS,200,563.0,True,6.582049
primary,setting4_methylseq1000_72_945_95_1_4,methylseq,methylseq1000,small,4,3.0,with_ls,pressR-LS,900,832.0,True,6.582049
primary,setting4_methylseq1000_72_945_95_1_4,methylseq,methylseq1000,small,4,3.0,with_ls,pressW-LS,1202,558.0,True,6.582049
primary,setting4_methylseq1000_72_945_95_1_4,methylseq,methylseq1000,small,4,3.0,with_ls,pressWR-LS,7600,889.0,True,6.582049
primary,setting4_methylseq1000_72_945_95_1_4,methylseq,methylseq1000,small,4,3.0,with_ls,slack-LS,5980,478.0,True,6.582049
primary,setting4_methylseq1000_72_945_95_1_4,methylseq,methylseq1000,small,4,3.0,with_ls,slackR-LS,5000,806.0,True,6.582049
primary,setting4_methylseq1000_72_945_95_1_4,methylseq,methylseq1000,small,4,3.0,with_ls,slackW-LS,0,402.0,True,6.582049
primary,setting4_methylseq1000_72_945_95_1_4,methylseq,methylseq1000,small,4,3.0,with_ls,slackWR-LS,0,737.0,True,6.582049
primary,setting4_methylseq1000_72_945_95_1_4,methylseq,methylseq1000,small,4,3.0,without_ls,press,1037,360.0,True,5.751121
primary,setting4_methylseq1000_72_945_95_1_4,methylseq,methylseq1000,small,4,3.0,without_ls,pressR,2070,712.0,True,5.751121
primary,setting4_methylseq1000_72_945_95_1_4,methylseq,methylseq1000,small,4,3.0,without_ls,pressW,3358,361.0,True,5.751121
primary,setting4_methylseq1000_72_945_95_1_4,methylseq,methylseq1000,small,4,3.0,without_ls,pressWR,9479,698.0,True,5.751121
primary,setting4_methylseq1000_72_945_95_1_4,methylseq,methylseq1000,small,4,3.0,without_ls,slack,6480,355.0,True,5.751121
primary,setting4_methylseq1000_72_945_95_1_4,methylseq,methylseq1000,small,4,3.0,without_ls,slackR,5100,685.0,True,5.751121
primary,setting4_methylseq1000_72_945_95_1_4,methylseq,methylseq1000,small,4,3.0,without_ls,slackW,0,341.0,True,5.751121
primary,setting4_methylseq1000_72_945_95_1_4,methylseq,methylseq1000,small,4,3.0,without_ls,slackWR,0,675.0,True,5.751121
primary,setting4_methylseq200_144_32_4_1_4,methylseq,methylseq200,large,4,1.0,baseline,baseline,9132,2.0,True,0.043862
primary,setting4_methylseq200_144_32_4_1_4,methylseq,methylseq200,large,4,1.0,with_ls,press-LS,6946,9.0,True,0.39419
primary,setting4_methylseq200_144_32_4_1_4,methylseq,methylseq200,large,4,1.0,with_ls,pressR-LS,4015,12.0,True,0.39419
primary,setting4_methylseq200_144_32_4_1_4,methylseq,methylseq200,large,4,1.0,with_ls,pressW-LS,7014,10.0,True,0.39419
primary,setting4_methylseq200_144_32_4_1_4,methylseq,methylseq200,large,4,1.0,with_ls,pressWR-LS,4217,12.0,True,0.39419
primary,setting4_methylseq200_144_32_4_1_4,methylseq,methylseq200,large,4,1.0,with_ls,slack-LS,6012,10.0,True,0.39419
primary,setting4_methylseq200_144_32_4_1_4,methylseq,methylseq200,large,4,1.0,with_ls,slackR-LS,4422,11.0,True,0.39419
primary,setting4_methylseq200_144_32_4_1_4,methylseq,methylseq200,large,4,1.0,with_ls,slackW-LS,6723,10.0,True,0.39419
primary,setting4_methylseq200_144_32_4_1_4,methylseq,methylseq200,large,4,1.0,with_ls,slackWR-LS,3821,12.0,True,0.39419
primary,setting4_methylseq200_144_32_4_1_4,methylseq,methylseq200,large,4,1.0,without_ls,press,10113,6.0,True,0.371361
primary,setting4_methylseq200_144_32_4_1_4,methylseq,methylseq200,large,4,1.0,without_ls,pressR,6286,9.0,True,0.371361
primary,setting4_methylseq200_144_32_4_1_4,methylseq,methylseq200,large,4,1.0,without_ls,pressW,10127,6.0,True,0.371361
primary,setting4_methylseq200_144_32_4_1_4,methylseq,methylseq200,large,4,1.0,without_ls,pressWR,6619,9.0,True,0.371361
primary,setting4_methylseq200_144_32_4_1_4,methylseq,methylseq200,large,4,1.0,without_ls,slack,9432,7.0,True,0.371361
primary,setting4_methylseq200_144_32_4_1_4,methylseq,methylseq200,large,4,1.0,without_ls,slackR,6122,9.0,True,0.371361
primary,setting4_methylseq200_144_32_4_1_4,methylseq,methylseq200,large,4,1.0,without_ls,slackW,10290,6.0,True,0.371361
primary,setting4_methylseq200_144_32_4_1_4,methylseq,methylseq200,large,4,1.0,without_ls,slackWR,5263,9.0,True,0.371361
primary,setting4_methylseq200_144_48_5_1_4,methylseq,methylseq200,large,4,1.5,baseline,baseline,30180,3.0,True,0.044643
primary,setting4_methylseq200_144_48_5_1_4,methylseq,methylseq200,large,4,1.5,with_ls,press-LS,310,11.0,True,0.407877
primary,setting4_methylseq200_144_48_5_1_4,methylseq,methylseq200,large,4,1.5,with_ls,pressR-LS,3626,14.0,True,0.407877
primary,setting4_methylseq200_144_48_5_1_4,methylseq,methylseq200,large,4,1.5,with_ls,pressW-LS,1714,11.0,True,0.407877
primary,setting4_methylseq200_144_48_5_1_4,methylseq,methylseq200,large,4,1.5,with_ls,pressWR-LS,4040,14.0,True,0.407877
primary,setting4_methylseq200_144_48_5_1_4,methylseq,methylseq200,large,4,1.5,with_ls,slack-LS,8815,12.0,True,0.407877
primary,setting4_methylseq200_144_48_5_1_4,methylseq,methylseq200,large,4,1.5,with_ls,slackR-LS,6675,13.0,True,0.407877
primary,setting4_methylseq200_144_48_5_1_4,methylseq,methylseq200,large,4,1.5,with_ls,slackW-LS,8170,10.0,True,0.407877
primary,setting4_methylseq200_144_48_5_1_4,methylseq,methylseq200,large,4,1.5,with_ls,slackWR-LS,9808,13.0,True,0.407877
primary,setting4_methylseq200_144_48_5_1_4,methylseq,methylseq200,large,4,1.5,without_ls,press,2313,7.0,True,0.37934
primary,setting4_methylseq200_144_48_5_1_4,methylseq,methylseq200,large,4,1.5,without_ls,pressR,4432,10.0,True,0.37934
primary,setting4_methylseq200_144_48_5_1_4,methylseq,methylseq200,large,4,1.5,without_ls,pressW,3420,7.0,True,0.37934
primary,setting4_methylseq200_144_48_5_1_4,methylseq,methylseq200,large,4,1.5,without_ls,pressWR,5047,10.0,True,0.37934
primary,setting4_methylseq200_144_48_5_1_4,methylseq,methylseq200,large,4,1.5,without_ls,slack,11124,8.0,True,0.37934
primary,setting4_methylseq200_144_48_5_1_4,methylseq,methylseq200,large,4,1.5,without_ls,slackR,7677,9.0,True,0.37934
primary,setting4_methylseq200_144_48_5_1_4,methylseq,methylseq200,large,4,1.5,without_ls,slackW,9378,7.0,True,0.37934
primary,setting4_methylseq200_144_48_5_1_4,methylseq,methylseq200,large,4,1.5,without_ls,slackWR,11014,9.0,True,0.37934
primary,setting4_methylseq200_144_64_7_1_4,methylseq,methylseq200,large,4,2.0,baseline,baseline,37165,2.0,True,0.044771
primary,setting4_methylseq200_144_64_7_1_4,methylseq,methylseq200,large,4,2.0,with_ls,press-LS,1010,13.0,True,0.418724
primary,setting4_methylseq200_144_64_7_1_4,methylseq,methylseq200,large,4,2.0,with_ls,pressR-LS,1402,15.0,True,0.418724
primary,setting4_methylseq200_144_64_7_1_4,methylseq,methylseq200,large,4,2.0,with_ls,pressW-LS,100,10.0,True,0.418724
primary,setting4_methylseq200_144_64_7_1_4,methylseq,methylseq200,large,4,2.0,with_ls,pressWR-LS,1304,14.0,True,0.418724
primary,setting4_methylseq200_144_64_7_1_4,methylseq,methylseq200,large,4,2.0,with_ls,slack-LS,518,12.0,True,0.418724
primary,setting4_methylseq200_144_64_7_1_4,methylseq,methylseq200,large,4,2.0,with_ls,slackR-LS,2950,16.0,True,0.418724
primary,setting4_methylseq200_144_64_7_1_4,methylseq,methylseq200,large,4,2.0,with_ls,slackW-LS,1909,10.0,True,0.418724
primary,setting4_methylseq200_144_64_7_1_4,methylseq,methylseq200,large,4,2.0,with_ls,slackWR-LS,4328,16.0,True,0.418724
primary,setting4_methylseq200_144_64_7_1_4,methylseq,methylseq200,large,4,2.0,without_ls,press,2350,7.0,True,0.385163
primary,setting4_methylseq200_144_64_7_1_4,methylseq,methylseq200,large,4,2.0,without_ls,pressR,1804,11.0,True,0.385163
primary,setting4_methylseq200_144_64_7_1_4,methylseq,methylseq200,large,4,2.0,without_ls,pressW,500,7.0,True,0.385163
primary,setting4_methylseq200_144_64_7_1_4,methylseq,methylseq200,large,4,2.0,without_ls,pressWR,1704,10.0,True,0.385163
primary,setting4_methylseq200_144_64_7_1_4,methylseq,methylseq200,large,4,2.0,without_ls,slack,1190,7.0,True,0.385163
primary,setting4_methylseq200_144_64_7_1_4,methylseq,methylseq200,large,4,2.0,without_ls,slackR,3452,11.0,True,0.385163
primary,setting4_methylseq200_144_64_7_1_4,methylseq,methylseq200,large,4,2.0,without_ls,slackW,2309,7.0,True,0.385163
primary,setting4_methylseq200_144_64_7_1_4,methylseq,methylseq200,large,4,2.0,without_ls,slackWR,5556,10.0,True,0.385163
primary,setting4_methylseq200_144_96_10_1_4,methylseq,methylseq200,large,4,3.0,baseline,baseline,35829,3.0,True,0.045234
primary,setting4_methylseq200_144_96_10_1_4,methylseq,methylseq200,large,4,3.0,with_ls,press-LS,603,12.0,True,0.430067
primary,setting4_methylseq200_144_96_10_1_4,methylseq,methylseq200,large,4,3.0,with_ls,pressR-LS,1118,17.0,True,0.430067
primary,setting4_methylseq200_144_96_10_1_4,methylseq,methylseq200,large,4,3.0,with_ls,pressW-LS,1308,14.0,True,0.430067
primary,setting4_methylseq200_144_96_10_1_4,methylseq,methylseq200,large,4,3.0,with_ls,pressWR-LS,1414,17.0,True,0.430067
primary,setting4_methylseq200_144_96_10_1_4,methylseq,methylseq200,large,4,3.0,with_ls,slack-LS,828,13.0,True,0.430067
primary,setting4_methylseq200_144_96_10_1_4,methylseq,methylseq200,large,4,3.0,with_ls,slackR-LS,1740,21.0,True,0.430067
primary,setting4_methylseq200_144_96_10_1_4,methylseq,methylseq200,large,4,3.0,with_ls,slackW-LS,1127,12.0,True,0.430067
primary,setting4_methylseq200_144_96_10_1_4,methylseq,methylseq200,large,4,3.0,with_ls,slackWR-LS,2222,17.0,True,0.430067
primary,setting4_methylseq200_144_96_10_1_4,methylseq,methylseq200,large,4,3.0,without_ls,press,1707,8.0,True,0.394492
primary,setting4_methylseq200_144_96_10_1_4,methylseq,methylseq200,large,4,3.0,without_ls,pressR,2526,12.0,True,0.394492
primary,setting4_methylseq200_144_96_10_1_4,methylseq,methylseq200,large,4,3.0,without_ls,pressW,2810,8.0,True,0.394492
primary,setting4_methylseq200_144_96_10_1_4,methylseq,methylseq200,large,4,3.0,without_ls,pressWR,2383,12.0,True,0.394492
primary,setting4_methylseq200_144_96_10_1_4,methylseq,methylseq200,large,4,3.0,without_ls,slack,2244,9.0,True,0.394492
primary,setting4_methylseq200_144_96_10_1_4,methylseq,methylseq200,large,4,3.0,without_ls,slackR,4040,12.0,True,0.394492
primary,setting4_methylseq200_144_96_10_1_4,methylseq,methylseq200,large,4,3.0,without_ls,slackW,1329,8.0,True,0.394492
primary,setting4_methylseq200_144_96_10_1_4,methylseq,methylseq200,large,4,3.0,without_ls,slackWR,2522,12.0,True,0.394492
primary,setting4_methylseq200_72_117_12_1_4,methylseq,methylseq200,small,4,3.0,baseline,baseline,62901,1.0,True,0.038935
primary,setting4_methylseq200_72_117_12_1_4,methylseq,methylseq200,small,4,3.0,with_ls,press-LS,0,11.0,True,0.391011
primary,setting4_methylseq200_72_117_12_1_4,methylseq,methylseq200,small,4,3.0,with_ls,pressR-LS,0,16.0,True,0.391011
primary,setting4_methylseq200_72_117_12_1_4,methylseq,methylseq200,small,4,3.0,with_ls,pressW-LS,0,10.0,True,0.391011
primary,setting4_methylseq200_72_117_12_1_4,methylseq,methylseq200,small,4,3.0,with_ls,pressWR-LS,0,17.0,True,0.391011
primary,setting4_methylseq200_72_117_12_1_4,methylseq,methylseq200,small,4,3.0,with_ls,slack-LS,10761,14.0,True,0.391011
primary,setting4_methylseq200_72_117_12_1_4,methylseq,methylseq200,small,4,3.0,with_ls,slackR-LS,10113,16.0,True,0.391011
primary,setting4_methylseq200_72_117_12_1_4,methylseq,methylseq200,small,4,3.0,with_ls,slackW-LS,9513,13.0,True,0.391011
primary,setting4_methylseq200_72_117_12_1_4,methylseq,methylseq200,small,4,3.0,with_ls,slackWR-LS,9469,16.0,True,0.391011
primary,setting4_methylseq200_72_117_12_1_4,methylseq,methylseq200,small,4,3.0,without_ls,press,118,7.0,True,0.372758
primary,setting4_methylseq200_72_117_12_1_4,methylseq,methylseq200,small,4,3.0,without_ls,pressR,90,12.0,True,0.372758
primary,setting4_methylseq200_72_117_12_1_4,methylseq,methylseq200,small,4,3.0,without_ls,pressW,18,8.0,True,0.372758
primary,setting4_methylseq200_72_117_12_1_4,methylseq,methylseq200,small,4,3.0,without_ls,pressWR,641,12.0,True,0.372758
primary,setting4_methylseq200_72_117_12_1_4,methylseq,methylseq200,small,4,3.0,without_ls,slack,11985,8.0,True,0.372758
primary,setting4_methylseq200_72_117_12_1_4,methylseq,methylseq200,small,4,3.0,without_ls,slackR,11409,13.0,True,0.372758
primary,setting4_methylseq200_72_117_12_1_4,methylseq,methylseq200,small,4,3.0,without_ls,slackW,11315,7.0,True,0.372758
primary,setting4_methylseq200_72_117_12_1_4,methylseq,methylseq200,small,4,3.0,without_ls,slackWR,10783,11.0,True,0.372758
primary,setting4_methylseq200_72_39_4_1_4,methylseq,methylseq200,small,4,1.0,baseline,baseline,21078,1.0,True,0.039407
primary,setting4_methylseq200_72_39_4_1_4,methylseq,methylseq200,small,4,1.0,with_ls,press-LS,13438,13.0,True,0.387327
primary,setting4_methylseq200_72_39_4_1_4,methylseq,methylseq200,small,4,1.0,with_ls,pressR-LS,11592,15.0,True,0.387327
primary,setting4_methylseq200_72_39_4_1_4,methylseq,methylseq200,small,4,1.0,with_ls,pressW-LS,13993,12.0,True,0.387327
primary,setting4_methylseq200_72_39_4_1_4,methylseq,methylseq200,small,4,1.0,with_ls,pressWR-LS,12391,14.0,True,0.387327
primary,setting4_methylseq200_72_39_4_1_4,methylseq,methylseq200,small,4,1.0,with_ls,slack-LS,15242,14.0,True,0.387327
primary,setting4_methylseq200_72_39_4_1_4,methylseq,methylseq200,small,4,1.0,with_ls,slackR-LS,13169,15.0,True,0.387327
primary,setting4_methylseq200_72_39_4_1_4,methylseq,methylseq200,small,4,1.0,with_ls,slackW-LS,15391,12.0,True,0.387327
primary,setting4_methylseq200_72_39_4_1_4,methylseq,methylseq200,small,4,1.0,with_ls,slackWR-LS,13159,15.0,True,0.387327
primary,setting4_methylseq200_72_39_4_1_4,methylseq,methylseq200,small,4,1.0,without_ls,press,22001,6.0,True,0.336514
primary,setting4_methylseq200_72_39_4_1_4,methylseq,methylseq200,small,4,1.0,without_ls,pressR,18454,9.0,True,0.336514
primary,setting4_methylseq200_72_39_4_1_4,methylseq,methylseq200,small,4,1.0,without_ls,pressW,22950,7.0,True,0.336514
primary,setting4_methylseq200_72_39_4_1_4,methylseq,methylseq200,small,4,1.0,without_ls,pressWR,19905,8.0,True,0.336514
primary,setting4_methylseq200_72_39_4_1_4,methylseq,methylseq200,small,4,1.0,without_ls,slack,21434,7.0,True,0.336514
primary,setting4_methylseq200_72_39_4_1_4,methylseq,methylseq200,small,4,1.0,without_ls,slackR,19279,9.0,True,0.336514
primary,setting4_methylseq200_72_39_4_1_4,methylseq,methylseq200,small,4,1.0,without_ls,slackW,23127,6.0,True,0.336514
primary,setting4_methylseq200_72_39_4_1_4,methylseq,methylseq200,small,4,1.0,without_ls,slackWR,19093,7.0,True,0.336514
primary,setting4_methylseq200_72_59_6_1_4,methylseq,methylseq200,small,4,1.5,baseline,baseline,42850,1.0,True,0.038527
primary,setting4_methylseq200_72_59_6_1_4,methylseq,methylseq200,small,4,1.5,with_ls,press-LS,4064,12.0,True,0.36779
primary,setting4_methylseq200_72_59_6_1_4,methylseq,methylseq200,small,4,1.5,with_ls,pressR-LS,10088,14.0,True,0.36779
primary,setting4_methylseq200_72_59_6_1_4,methylseq,methylseq200,small,4,1.5,with_ls,pressW-LS,8411,10.0,True,0.36779
primary,setting4_methylseq200_72_59_6_1_4,methylseq,methylseq200,small,4,1.5,with_ls,pressWR-LS,13409,13.0,True,0.36779
primary,setting4_methylseq200_72_59_6_1_4,methylseq,methylseq200,small,4,1.5,with_ls,slack-LS,11422,12.0,True,0.36779
primary,setting4_methylseq200_72_59_6_1_4,methylseq,methylseq200,small,4,1.5,with_ls,slackR-LS,22287,12.0,True,0.36779
primary,setting4_methylseq200_72_59_6_1_4,methylseq,methylseq200,small,4,1.5,with_ls,slackW-LS,10552,11.0,True,0.36779
primary,setting4_methylseq200_72_59_6_1_4,methylseq,methylseq200,small,4,1.5,with_ls,slackWR-LS,18234,14.0,True,0.36779
primary,setting4_methylseq200_72_59_6_1_4,methylseq,methylseq200,small,4,1.5,without_ls,press,5970,8.0,True,0.342646
primary,setting4_methylseq200_72_59_6_1_4,methylseq,methylseq200,small,4,1.5,without_ls,pressR,12062,10.0,True,0.342646
primary,setting4_methylseq200_72_59_6_1_4,methylseq,methylseq200,small,4,1.5,without_ls,pressW,9869,7.0,True,0.342646
primary,setting4_methylseq200_72_59_6_1_4,methylseq,methylseq200,small,4,1.5,without_ls,pressWR,15091,9.0,True,0.342646
primary,setting4_methylseq200_72_59_6_1_4,methylseq,methylseq200,small,4,1.5,without_ls,slack,15616,8.0,True,0.342646
primary,setting4_methylseq200_72_59_6_1_4,methylseq,methylseq200,small,4,1.5,without_ls,slackR,26776,10.0,True,0.342646
primary,setting4_methylseq200_72_59_6_1_4,methylseq,methylseq200,small,4,1.5,without_ls,slackW,15248,6.0,True,0.342646
primary,setting4_methylseq200_72_59_6_1_4,methylseq,methylseq200,small,4,1.5,without_ls,slackWR,23838,9.0,True,0.342646
primary,setting4_methylseq200_72_78_8_1_4,methylseq,methylseq200,small,4,2.0,baseline,baseline,40864,1.0,True,0.038723
primary,setting4_methylseq200_72_78_8_1_4,methylseq,methylseq200,small,4,2.0,with_ls,press-LS,6,9.0,True,0.37716
primary,setting4_methylseq200_72_78_8_1_4,methylseq,methylseq200,small,4,2.0,with_ls,pressR-LS,600,14.0,True,0.37716
primary,setting4_methylseq200_72_78_8_1_4,methylseq,methylseq200,small,4,2.0,with_ls,pressW-LS,200,10.0,True,0.37716
primary,setting4_methylseq200_72_78_8_1_4,methylseq,methylseq200,small,4,2.0,with_ls,pressWR-LS,1108,14.0,True,0.37716
primary,setting4_methylseq200_72_78_8_1_4,methylseq,methylseq200,small,4,2.0,with_ls,slack-LS,12324,16.0,True,0.37716
primary,setting4_methylseq200_72_78_8_1_4,methylseq,methylseq200,small,4,2.0,with_ls,slackR-LS,10543,15.0,True,0.37716
primary,setting4_methylseq200_72_78_8_1_4,methylseq,methylseq200,small,4,2.0,with_ls,slackW-LS,1212,9.0,True,0.37716
primary,setting4_methylseq200_72_78_8_1_4,methylseq,methylseq200,small,4,2.0,with_ls,slackWR-LS,204,12.0,True,0.37716
primary,setting4_methylseq200_72_78_8_1_4,methylseq,methylseq200,small,4,2.0,without_ls,press,616,7.0,True,0.343503
primary,setting4_methylseq200_72_78_8_1_4,methylseq,methylseq200,small,4,2.0,without_ls,pressR,1200,10.0,True,0.343503
primary,setting4_methylseq200_72_78_8_1_4,methylseq,methylseq200,small,4,2.0,without_ls,pressW,1557,7.0,True,0.343503
primary,setting4_methylseq200_72_78_8_1_4,methylseq,methylseq200,small,4,2.0,without_ls,pressWR,1814,10.0,True,0.343503
primary,setting4_methylseq200_72_78_8_1_4,methylseq,methylseq200,small,4,2.0,without_ls,slack,17964,8.0,True,0.343503
primary,setting4_methylseq200_72_78_8_1_4,methylseq,methylseq200,small,4,2.0,without_ls,slackR,12451,11.0,True,0.343503
primary,setting4_methylseq200_72_78_8_1_4,methylseq,methylseq200,small,4,2.0,without_ls,slackW,2242,6.0,True,0.343503
primary,setting4_methylseq200_72_78_8_1_4,methylseq,methylseq200,small,4,2.0,without_ls,slackWR,3852,10.0,True,0.343503
runtime_profile,setting3_atacseq10000_72_1198_120_1_3,atacseq,atacseq10000,small,3,1.0,baseline,baseline,3815954,105.0,True,1.80945
runtime_profile,setting3_atacseq10000_72_1198_120_1_3,atacseq,atacseq10000,small,3,1.0,with_ls,press-LS,3796030,123207.0,True,1017.166348
runtime_profile,setting3_atacseq10000_72_1198_120_1_3,atacseq,atacseq10000,small,3,1.0,with_ls,pressR-LS,3795773,128188.0,True,1017.166348
runtime_profile,setting3_atacseq10000_72_1198_120_1_3,atacseq,atacseq10000,small,3,1.0,with_ls,pressW-LS,3796267,122905.0,True,1017.166348
runtime_profile,setting3_atacseq10000_72_1198_120_1_3,atacseq,atacseq10000,small,3,1.0,with_ls,pressWR-LS,3795885,123127.0,True,1017.166348
runtime_profile,setting3_atacseq10000_72_1198_120_1_3,atacseq,atacseq10000,small,3,1.0,with_ls,slack-LS,3797871,125224.0,True,1017.166348
runtime_profile,setting3_atacseq10000_72_1198_120_1_3,atacseq,atacseq10000,small,3,1.0,with_ls,slackR-LS,3797730,131617.0,True,1017.166348
runtime_profile,setting3_atacseq10000_72_1198_120_1_3,atacseq,atacseq10000,small,3,1.0,with_ls,slackW-LS,3798424,123997.0,True,1017.166348
runtime_profile,setting3_atacseq10000_72_1198_120_1_3,atacseq,atacseq10000,small,3,1.0,with_ls,slackWR-LS,3798755,125769.0,True,1017.166348
runtime_profile,setting3_atacseq10000_72_1198_120_1_3,atacseq,atacseq10000,small,3,1.0,without_ls,press,3797281,119975.0,True,986.730145
runtime_profile,setting3_atacseq10000_72_1198_120_1_3,atacseq,atacseq10000,small,3,1.0,without_ls,pressR,3797161,124763.0,True,986.730145
runtime_profile,setting3_atacseq10000_72_1198_120_1_3,atacseq,atacseq10000,small,3,1.0,without_ls,pressW,3797195,126486.0,True,986.730145
runtime_profile,setting3_atacseq10000_72_1198_120_1_3,atacseq,atacseq10000,small,3,1.0,without_ls,pressWR,3797199,125247.0,True,986.730145
runtime_profile,setting3_atacseq10000_72_1198_120_1_3,atacseq,atacseq10000,small,3,1.0,without_ls,slack,3798872,117835.0,True,986.730145
runtime_profile,setting3_atacseq10000_72_1198_120_1_3,atacseq,atacseq10000,small,3,1.0,without_ls,slackR,3799087,120846.0,True,986.730145
runtime_profile,setting3_atacseq10000_72_1198_120_1_3,atacseq,atacseq10000,small,3,1.0,without_ls,slackW,3799906,116304.0,True,986.730145
runtime_profile,setting3_atacseq10000_72_1198_120_1_3,atacseq,atacseq10000,small,3,1.0,without_ls,slackWR,3799910,121735.0,True,986.730145
runtime_profile,setting3_atacseq10000_72_3594_360_1_3,atacseq,atacseq10000,small,3,3.0,baseline,baseline,3302684,105.0,True,1.861846
runtime_profile,setting3_atacseq10000_72_3594_360_1_3,atacseq,atacseq10000,small,3,3.0,with_ls,press-LS,2390452,152910.0,True,1376.754019
runtime_profile,setting3_atacseq10000_72_3594_360_1_3,atacseq,atacseq10000,small,3,3.0,with_ls,pressR-LS,2382254,166821.0,True,1376.754019
runtime_profile,setting3_atacseq10000_72_3594_360_1_3,atacseq,atacseq10000,small,3,3.0,with_ls,pressW-LS,2420586,160579.0,True,1376.754019
runtime_profile,setting3_atacseq10000_72_3594_360_1_3,atacseq,atacseq10000,small,3,3.0,with_ls,pressWR-LS,2385916,170694.0,True,1376.754019
runtime_profile,setting3_atacseq10000_72_3594_360_1_3,atacseq,atacseq10000,small,3,3.0,with_ls,slack-LS,2360234,165493.0,True,1376.754019
runtime_profile,setting3_atacseq10000_72_3594_360_1_3,atacseq,atacseq10000,small,3,3.0,with_ls,slackR-LS,2329585,192290.0,True,1376.754019
runtime_profile,setting3_atacseq10000_72_3594_360_1_3,atacseq,atacseq10000,small,3,3.0,with_ls,slackW-LS,2430900,169123.0,True,1376.754019
runtime_profile,setting3_atacseq10000_72_3594_360_1_3,atacseq,atacseq10000,small,3,3.0,with_ls,slackWR-LS,2393980,185672.0,True,1376.754019
runtime_profile,setting3_atacseq10000_72_3594_360_1_3,atacseq,atacseq10000,small,3,3.0,without_ls,press,2407333,130506.0,True,1115.807442
runtime_profile,setting3_atacseq10000_72_3594_360_1_3,atacseq,atacseq10000,small,3,3.0,without_ls,pressR,2402710,147044.0,True,1115.807442
runtime_profile,setting3_atacseq10000_72_3594_360_1_3,atacseq,atacseq10000,small,3,3.0,without_ls,pressW,2436804,128488.0,True,1115.807442
runtime_profile,setting3_atacseq10000_72_3594_360_1_3,atacseq,atacseq10000,small,3,3.0,without_ls,pressWR,2402769,145492.0,True,1115.807442
runtime_profile,setting3_atacseq10000_72_3594_360_1_3,atacseq,atacseq10000,small,3,3.0,without_ls,slack,2387801,127714.0,True,1115.807442
runtime_profile,setting3_atacseq10000_72_3594_360_1_3,atacseq,atacseq10000,small,3,3.0,without_ls,slackR,2349372,146688.0,True,1115.807442
runtime_profile,setting3_atacseq10000_72_3594_360_1_3,atacseq,atacseq10000,small,3,3.0,without_ls,slackW,2459361,126257.0,True,1115.807442
runtime_profile,setting3_atacseq10000_72_3594_360_1_3,atacseq,atacseq10000,small,3,3.0,without_ls,slackWR,2415238,149291.0,True,1115.807442
runtime_profile,setting3_atacseq30000_72_10809_1081_1_3,atacseq,atacseq30000,small,3,3.0,baseline,baseline,9986252,389.0,True,6.200521
runtime_profile,setting3_atacseq30000_72_10809_1081_1_3,atacseq,atacseq30000,small,3,3.0,with_ls,press-LS,6655653,1700370.0,True,15214.775622
runtime_profile,setting3_atacseq30000_72_10809_1081_1_3,atacseq,atacseq30000,small,3,3.0,with_ls,pressR-LS,6568024,1961000.0,True,15214.775622
runtime_profile,setting3_atacseq30000_72_10809_1081_1_3,atacseq,atacseq30000,small,3,3.0,with_ls,pressW-LS,6599550,1706420.0,True,15214.775622
runtime_profile,setting3_atacseq30000_72_10809_1081_1_3,atacseq,atacseq30000,small,3,3.0,with_ls,pressWR-LS,6540425,1913330.0,True,15214.775622
runtime_profile,setting3_atacseq30000_72_10809_1081_1_3,atacseq,atacseq30000,small,3,3.0,with_ls,slack-LS,6627083,1787340.0,True,15214.775622
runtime_profile,setting3_atacseq30000_72_10809_1081_1_3,atacseq,atacseq30000,small,3,3.0,with_ls,slackR-LS,6589424,2046150.0,True,15214.775622
runtime_profile,setting3_atacseq30000_72_10809_1081_1_3,atacseq,atacseq30000,small,3,3.0,with_ls,slackW-LS,6672822,2136540.0,True,15214.775622
runtime_profile,setting3_atacseq30000_72_10809_1081_1_3,atacseq,atacseq30000,small,3,3.0,with_ls,slackWR-LS,6681114,1923580.0,True,15214.775622
runtime_profile,setting3_atacseq30000_72_10809_1081_1_3,atacseq,atacseq30000,small,3,3.0,without_ls,press,6675954,1507340.0,True,12469.250942
runtime_profile,setting3_atacseq30000_72_10809_1081_1_3,atacseq,atacseq30000,small,3,3.0,without_ls,pressR,6581473,1679990.0,True,12469.250942
runtime_profile,setting3_atacseq30000_72_10809_1081_1_3,atacseq,atacseq30000,small,3,3.0,without_ls,pressW,6613041,1438350.0,True,12469.250942
runtime_profile,setting3_atacseq30000_72_10809_1081_1_3,atacseq,atacseq30000,small,3,3.0,without_ls,pressWR,6554681,1630270.0,True,12469.250942
runtime_profile,setting3_atacseq30000_72_10809_1081_1_3,atacseq,atacseq30000,small,3,3.0,without_ls,slack,6658715,1418770.0,True,12469.250942
runtime_profile,setting3_atacseq30000_72_10809_1081_1_3,atacseq,atacseq30000,small,3,3.0,without_ls,slackR,6615025,1671140.0,True,12469.250942
runtime_profile,setting3_atacseq30000_72_10809_1081_1_3,atacseq,atacseq30000,small,3,3.0,without_ls,slackW,6720032,1442950.0,True,12469.250942
runtime_profile,setting3_atacseq30000_72_10809_1081_1_3,atacseq,atacseq30000,small,3,3.0,without_ls,slackWR,6717945,1631580.0,True,12469.250942
runtime_profile,setting3_atacseq30000_72_3603_361_1_3,atacseq,atacseq30000,small,3,1.0,baseline,baseline,11153485,403.0,True,5.699737
runtime_profile,setting3_atacseq30000_72_3603_361_1_3,atacseq,atacseq30000,small,3,1.0,with_ls,press-LS,11103168,1407630.0,True,11363.217462
runtime_profile,setting3_atacseq30000_72_3603_361_1_3,atacseq,atacseq30000,small,3,1.0,with_ls,pressR-LS,11102467,1419090.0,True,11363.217462
runtime_profile,setting3_atacseq30000_72_3603_361_1_3,atacseq,atacseq30000,small,3,1.0,with_ls,pressW-LS,11102191,1380750.0,True,11363.217462
runtime_profile,setting3_atacseq30000_72_3603_361_1_3,atacseq,atacseq30000,small,3,1.0,with_ls,pressWR-LS,11102021,1450360.0,True,11363.217462
runtime_profile,setting3_atacseq30000_72_3603_361_1_3,atacseq,atacseq30000,small,3,1.0,with_ls,slack-LS,11109900,1398120.0,True,11363.217462
runtime_profile,setting3_atacseq30000_72_3603_361_1_3,atacseq,atacseq30000,small,3,1.0,with_ls,slackR-LS,11109815,1464040.0,True,11363.217462
runtime_profile,setting3_atacseq30000_72_3603_361_1_3,atacseq,atacseq30000,small,3,1.0,with_ls,slackW-LS,11109376,1386220.0,True,11363.217462
runtime_profile,setting3_atacseq30000_72_3603_361_1_3,atacseq,atacseq30000,small,3,1.0,with_ls,slackWR-LS,11111772,1416700.0,True,11363.217462
runtime_profile,setting3_atacseq30000_72_3603_361_1_3,atacseq,atacseq30000,small,3,1.0,without_ls,press,11103780,1355710.0,True,11117.84305
runtime_profile,setting3_atacseq30000_72_3603_361_1_3,atacseq,atacseq30000,small,3,1.0,without_ls,pressR,11102952,1402700.0,True,11117.84305
runtime_profile,setting3_atacseq30000_72_3603_361_1_3,atacseq,atacseq30000,small,3,1.0,without_ls,pressW,11102496,1345290.0,True,11117.84305
runtime_profile,setting3_atacseq30000_72_3603_361_1_3,atacseq,atacseq30000,small,3,1.0,without_ls,pressWR,11102448,1419890.0,True,11117.84305
runtime_profile,setting3_atacseq30000_72_3603_361_1_3,atacseq,atacseq30000,small,3,1.0,without_ls,slack,11110461,1367190.0,True,11117.84305
runtime_profile,setting3_atacseq30000_72_3603_361_1_3,atacseq,atacseq30000,small,3,1.0,without_ls,slackR,11110160,1435010.0,True,11117.84305
runtime_profile,setting3_atacseq30000_72_3603_361_1_3,atacseq,atacseq30000,small,3,1.0,without_ls,slackW,11110176,1374480.0,True,11117.84305
runtime_profile,setting3_atacseq30000_72_3603_361_1_3,atacseq,atacseq30000,small,3,1.0,without_ls,slackWR,11112266,1374920.0,True,11117.84305
runtime_profile,setting3_atacseq4000_72_1810_181_1_3,atacseq,atacseq4000,small,3,1.0,baseline,baseline,3220118,33.0,True,0.727189
runtime_profile,setting3_atacseq4000_72_1810_181_1_3,atacseq,atacseq4000,small,3,1.0,with_ls,press-LS,2943524,18487.0,True,159.295455
runtime_profile,setting3_atacseq4000_72_1810_181_1_3,atacseq,atacseq4000,small,3,1.0,with_ls,pressR-LS,2946255,20645.0,True,159.295455
runtime_profile,setting3_atacseq4000_72_1810_181_1_3,atacseq,atacseq4000,small,3,1.0,with_ls,pressW-LS,2912188,15803.0,True,159.295455
runtime_profile,setting3_atacseq4000_72_1810_181_1_3,atacseq,atacseq4000,small,3,1.0,with_ls,pressWR-LS,2924707,18095.0,True,159.295455
runtime_profile,setting3_atacseq4000_72_1810_181_1_3,atacseq,atacseq4000,small,3,1.0,with_ls,slack-LS,2964330,20335.0,True,159.295455
runtime_profile,setting3_atacseq4000_72_1810_181_1_3,atacseq,atacseq4000,small,3,1.0,with_ls,slackR-LS,2981915,21313.0,True,159.295455
runtime_profile,setting3_atacseq4000_72_1810_181_1_3,atacseq,atacseq4000,small,3,1.0,with_ls,slackW-LS,2965441,18744.0,True,159.295455
runtime_profile,setting3_atacseq4000_72_1810_181_1_3,atacseq,atacseq4000,small,3,1.0,with_ls,slackWR-LS,2987713,20688.0,True,159.295455
runtime_profile,setting3_atacseq4000_72_1810_181_1_3,atacseq,atacseq4000,small,3,1.0,without_ls,press,2952051,13565.0,True,125.240069
runtime_profile,setting3_atacseq4000_72_1810_181_1_3,atacseq,atacseq4000,small,3,1.0,without_ls,pressR,2955134,17702.0,True,125.240069
runtime_profile,setting3_atacseq4000_72_1810_181_1_3,atacseq,atacseq4000,small,3,1.0,without_ls,pressW,2921510,12593.0,True,125.240069
runtime_profile,setting3_atacseq4000_72_1810_181_1_3,atacseq,atacseq4000,small,3,1.0,without_ls,pressWR,2932944,16150.0,True,125.240069
runtime_profile,setting3_atacseq4000_72_1810_181_1_3,atacseq,atacseq4000,small,3,1.0,without_ls,slack,2971207,13373.0,True,125.240069
runtime_profile,setting3_atacseq4000_72_1810_181_1_3,atacseq,atacseq4000,small,3,1.0,without_ls,slackR,2987936,18089.0,True,125.240069
runtime_profile,setting3_atacseq4000_72_1810_181_1_3,atacseq,atacseq4000,small,3,1.0,without_ls,slackW,2972688,12378.0,True,125.240069
runtime_profile,setting3_atacseq4000_72_1810_181_1_3,atacseq,atacseq4000,small,3,1.0,without_ls,slackWR,2996286,15897.0,True,125.240069
runtime_profile,setting3_atacseq4000_72_5430_543_1_3,atacseq,atacseq4000,small,3,3.0,baseline,baseline,2200014,33.0,True,0.776506
runtime_profile,setting3_atacseq4000_72_5430_543_1_3,atacseq,atacseq4000,small,3,3.0,with_ls,press-LS,1028649,24258.0,True,285.692874
runtime_profile,setting3_atacseq4000_72_5430_543_1_3,atacseq,atacseq4000,small,3,3.0,with_ls,pressR-LS,1050141,40602.0,True,285.692874
runtime_profile,setting3_atacseq4000_72_5430_543_1_3,atacseq,atacseq4000,small,3,3.0,with_ls,pressW-LS,1008913,23904.0,True,285.692874
runtime_profile,setting3_atacseq4000_72_5430_543_1_3,atacseq,atacseq4000,small,3,3.0,with_ls,pressWR-LS,1019029,51887.0,True,285.692874
runtime_profile,setting3_atacseq4000_72_5430_543_1_3,atacseq,atacseq4000,small,3,3.0,with_ls,slack-LS,1317252,23057.0,True,285.692874
runtime_profile,setting3_atacseq4000_72_5430_543_1_3,atacseq,atacseq4000,small,3,3.0,with_ls,slackR-LS,1292954,44658.0,True,285.692874
runtime_profile,setting3_atacseq4000_72_5430_543_1_3,atacseq,atacseq4000,small,3,3.0,with_ls,slackW-LS,1383040,28215.0,True,285.692874
runtime_profile,setting3_atacseq4000_72_5430_543_1_3,atacseq,atacseq4000,small,3,3.0,with_ls,slackWR-LS,1395700,43884.0,True,285.692874
runtime_profile,setting3_atacseq4000_72_5430_543_1_3,atacseq,atacseq4000,small,3,3.0,without_ls,press,1078524,14254.0,True,181.341533
runtime_profile,setting3_atacseq4000_72_5430_543_1_3,atacseq,atacseq4000,small,3,3.0,without_ls,pressR,1114541,27860.0,True,181.341533
runtime_profile,setting3_atacseq4000_72_5430_543_1_3,atacseq,atacseq4000,small,3,3.0,without_ls,pressW,1066784,12749.0,True,181.341533
runtime_profile,setting3_atacseq4000_72_5430_543_1_3,atacseq,atacseq4000,small,3,3.0,without_ls,pressWR,1080078,32353.0,True,181.341533
runtime_profile,setting3_atacseq4000_72_5430_543_1_3,atacseq,atacseq4000,small,3,3.0,without_ls,slack,1375210,13509.0,True,181.341533
runtime_profile,setting3_atacseq4000_72_5430_543_1_3,atacseq,atacseq4000,small,3,3.0,without_ls,slackR,1355761,31260.0,True,181.341533
runtime_profile,setting3_atacseq4000_72_5430_543_1_3,atacseq,atacseq4000,small,3,3.0,without_ls,slackW,1447486,13228.0,True,181.341533
runtime_profile,setting3_atacseq4000_72_5430_543_1_3,atacseq,atacseq4000,small,3,3.0,without_ls,slackWR,1463783,30126.0,True,181.341533
